Workbook

Sheet How to use this calculator
M43: 𝝙
N46: 𝝙

Sheet Input and Summary Results
A2: Data set:
B4: Position | C4: Mutation | D4: Functional Value | E4: Error | G4: Positions Analyzed | I4: Should the data be converted to a log scale? | J4: yes | L4: Scores
A5: Wild Type | B5: NA | C5: NA | L5: Position | M5: # of variants | N5: Enhancing | O5: Neutral | P5: Unweighted rheostat | Q5: Weighted rheostat | R5: Toggle | S5: Binary | T5: Average | U5: Standard Deviation | V5: Assignment
A6: Format Example | B6: 45 | C6: A | D6: 0.563 | E6: 0.0034 | I6: Data statistics | L6: all | M6: =INDEX('Bin Analysis and Plots'!$E$3:$U$505,MATCH($L6,'Bin Analysis and Plots'!$N$3:$N$505,0),MATCH(M$5,'Bin Analysis and Plots'!$E$2:$U$2,0)) -> FALSE | N6: =INDEX('Bin Analysis and Plots'!$E$3:$U$505,MATCH($L6,'Bin Analysis and Plots'!$N$3:$N$505,0),MATCH(N$5,'Bin Analysis and Plots'!$E$2:$U$2,0)) -> 0 | O6: =INDEX('Bin Analysis and Plots'!$E$3:$U$505,MATCH($L6,'Bin Analysis and Plots'!$N$3:$N$505,0),MATCH(O$5,'Bin Analysis and Plots'!$E$2:$U$2,0)) -> #N/A | P6: =INDEX('Bin Analysis and Plots'!$E$3:$U$505,MATCH($L6,'Bin Analysis and Plots'!$N$3:$N$505,0),MATCH(P$5,'Bin Analysis and Plots'!$E$2:$U$2,0)) -> #N/A | Q6: =INDEX('Bin Analysis and Plots'!$E$3:$U$505,MATCH($L6,'Bin Analysis and Plots'!$N$3:$N$505,0),MATCH(Q$5,'Bin Analysis and Plots'!$E$2:$U$2,0)) -> #N/A | R6: =INDEX('Bin Analysis and Plots'!$E$3:$U$505,MATCH($L6,'Bin Analysis and Plots'!$N$3:$N$505,0),MATCH(R$5,'Bin Analysis and Plots'!$E$2:$U$2,0)) -> #N/A | S6: =INDEX('Bin Analysis and Plots'!$E$3:$U$505,MATCH($L6,'Bin Analysis and Plots'!$N$3:$N$505,0),MATCH(S$5,'Bin Analysis and Plots'!$E$2:$U$2,0)) -> #N/A | T6: {=Assignments!K5:K25} | U6: {=Assignments!L5:L25}
A7: the WT aa | I7: Minimum | J7: =IF($J$4="yes",10^('Data Transformation'!R3),'Data Transformation'!R3) -> 1 | L7: =$G8 | M7: =IF(L7=" "," ",(IF($L7>0,INDEX('Bin Analysis and Plots'!$E$3:$U$505,MATCH($L7,'Bin Analysis and Plots'!$N$3:$N$505,0),MATCH(M$5,'Bin Analysis and Plots'!$E$2:$U$2,0))," "))) | N7: =IF($L7=" "," ",(IF($M7=FALSE," ",(IF($M7>0,INDEX('Bin Analysis and Plots'!$E$3:$U$505,MATCH($L7,'Bin Analysis and Plots'!$N$3:$N$505,0),MATCH(N$5,'Bin Analysis and Plots'!$E$2:$U$2,0))," "))))) | O7: =IF($L7=" "," ",(IF($M7=FALSE," ",(IF($M7>0,INDEX('Bin Analysis and Plots'!$E$3:$U$505,MATCH($L7,'Bin Analysis and Plots'!$N$3:$N$505,0),MATCH(O$5,'Bin Analysis and Plots'!$E$2:$U$2,0))," "))))) | P7: =IF($L7=" "," ",(IF($M7=FALSE," ",(IF($M7>0,INDEX('Bin Analysis and Plots'!$E$3:$U$505,MATCH($L7,'Bin Analysis and Plots'!$N$3:$N$505,0),MATCH(P$5,'Bin Analysis and Plots'!$E$2:$U$2,0))," "))))) | Q7: =IF($L7=" "," ",(IF($M7=FALSE," ",(IF($M7>0,INDEX('Bin Analysis and Plots'!$E$3:$U$505,MATCH($L7,'Bin Analysis and Plots'!$N$3:$N$505,0),MATCH(Q$5,'Bin Analysis and Plots'!$E$2:$U$2,0))," "))))) | R7: =IF($L7=" "," ",(IF($M7=FALSE," ",(IF($M7>0,INDEX('Bin Analysis and Plots'!$E$3:$U$505,MATCH($L7,'Bin Analysis and Plots'!$N$3:$N$505,0),MATCH(R$5,'Bin Analysis and Plots'!$E$2:$U$2,0))," "))))) | S7: =IF($L7=" "," ",(IF($M7=FALSE," ",(IF($M7>0,INDEX('Bin Analysis and Plots'!$E$3:$U$505,MATCH($L7,'Bin Analysis and Plots'!$N$3:$N$505,0),MATCH(S$5,'Bin Analysis and Plots'!$E$2:$U$2,0))," "))))) | V7: {=Assignments!V6:V25}
A8: for each | G8: =IFERROR('Data Transformation'!M6," ") | I8: Maximum | J8: =IF($J$4="yes",10^('Data Transformation'!R4),'Data Transformation'!R4) -> 1 | L8: =$G9 | M8: =IF(L8=" "," ",(IF($L8>0,INDEX('Bin Analysis and Plots'!$E$3:$U$505,MATCH($L8,'Bin Analysis and Plots'!$N$3:$N$505,0),MATCH(M$5,'Bin Analysis and Plots'!$E$2:$U$2,0))," "))) | N8: =IF($L8=" "," ",(IF($M8=FALSE," ",(IF($M8>0,INDEX('Bin Analysis and Plots'!$E$3:$U$505,MATCH($L8,'Bin Analysis and Plots'!$N$3:$N$505,0),MATCH(N$5,'Bin Analysis and Plots'!$E$2:$U$2,0))," "))))) | O8: =IF($L8=" "," ",(IF($M8=FALSE," ",(IF($M8>0,INDEX('Bin Analysis and Plots'!$E$3:$U$505,MATCH($L8,'Bin Analysis and Plots'!$N$3:$N$505,0),MATCH(O$5,'Bin Analysis and Plots'!$E$2:$U$2,0))," "))))) | P8: =IF($L8=" "," ",(IF($M8=FALSE," ",(IF($M8>0,INDEX('Bin Analysis and Plots'!$E$3:$U$505,MATCH($L8,'Bin Analysis and Plots'!$N$3:$N$505,0),MATCH(P$5,'Bin Analysis and Plots'!$E$2:$U$2,0))," "))))) | Q8: =IF($L8=" "," ",(IF($M8=FALSE," ",(IF($M8>0,INDEX('Bin Analysis and Plots'!$E$3:$U$505,MATCH($L8,'Bin Analysis and Plots'!$N$3:$N$505,0),MATCH(Q$5,'Bin Analysis and Plots'!$E$2:$U$2,0))," "))))) | R8: =IF($L8=" "," ",(IF($M8=FALSE," ",(IF($M8>0,INDEX('Bin Analysis and Plots'!$E$3:$U$505,MATCH($L8,'Bin Analysis and Plots'!$N$3:$N$505,0),MATCH(R$5,'Bin Analysis and Plots'!$E$2:$U$2,0))," "))))) | S8: =IF($L8=" "," ",(IF($M8=FALSE," ",(IF($M8>0,INDEX('Bin Analysis and Plots'!$E$3:$U$505,MATCH($L8,'Bin Analysis and Plots'!$N$3:$N$505,0),MATCH(S$5,'Bin Analysis and Plots'!$E$2:$U$2,0))," ")))))
A9: subsitution | G9: =IFERROR('Data Transformation'!M7," ") | L9: =$G10 | M9: =IF(L9=" "," ",(IF($L9>0,INDEX('Bin Analysis and Plots'!$E$3:$U$505,MATCH($L9,'Bin Analysis and Plots'!$N$3:$N$505,0),MATCH(M$5,'Bin Analysis and Plots'!$E$2:$U$2,0))," "))) | N9: =IF($L9=" "," ",(IF($M9=FALSE," ",(IF($M9>0,INDEX('Bin Analysis and Plots'!$E$3:$U$505,MATCH($L9,'Bin Analysis and Plots'!$N$3:$N$505,0),MATCH(N$5,'Bin Analysis and Plots'!$E$2:$U$2,0))," "))))) | O9: =IF($L9=" "," ",(IF($M9=FALSE," ",(IF($M9>0,INDEX('Bin Analysis and Plots'!$E$3:$U$505,MATCH($L9,'Bin Analysis and Plots'!$N$3:$N$505,0),MATCH(O$5,'Bin Analysis and Plots'!$E$2:$U$2,0))," "))))) | P9: =IF($L9=" "," ",(IF($M9=FALSE," ",(IF($M9>0,INDEX('Bin Analysis and Plots'!$E$3:$U$505,MATCH($L9,'Bin Analysis and Plots'!$N$3:$N$505,0),MATCH(P$5,'Bin Analysis and Plots'!$E$2:$U$2,0))," "))))) | Q9: =IF($L9=" "," ",(IF($M9=FALSE," ",(IF($M9>0,INDEX('Bin Analysis and Plots'!$E$3:$U$505,MATCH($L9,'Bin Analysis and Plots'!$N$3:$N$505,0),MATCH(Q$5,'Bin Analysis and Plots'!$E$2:$U$2,0))," "))))) | R9: =IF($L9=" "," ",(IF($M9=FALSE," ",(IF($M9>0,INDEX('Bin Analysis and Plots'!$E$3:$U$505,MATCH($L9,'Bin Analysis and Plots'!$N$3:$N$505,0),MATCH(R$5,'Bin Analysis and Plots'!$E$2:$U$2,0))," "))))) | S9: =IF($L9=" "," ",(IF($M9=FALSE," ",(IF($M9>0,INDEX('Bin Analysis and Plots'!$E$3:$U$505,MATCH($L9,'Bin Analysis and Plots'!$N$3:$N$505,0),MATCH(S$5,'Bin Analysis and Plots'!$E$2:$U$2,0))," ")))))
A10: could go in | G10: =IFERROR('Data Transformation'!M8," ") | I10: Min/Max override | L10: =$G11 | M10: =IF(L10=" "," ",(IF($L10>0,INDEX('Bin Analysis and Plots'!$E$3:$U$505,MATCH($L10,'Bin Analysis and Plots'!$N$3:$N$505,0),MATCH(M$5,'Bin Analysis and Plots'!$E$2:$U$2,0))," "))) | N10: =IF($L10=" "," ",(IF($M10=FALSE," ",(IF($M10>0,INDEX('Bin Analysis and Plots'!$E$3:$U$505,MATCH($L10,'Bin Analysis and Plots'!$N$3:$N$505,0),MATCH(N$5,'Bin Analysis and Plots'!$E$2:$U$2,0))," "))))) | O10: =IF($L10=" "," ",(IF($M10=FALSE," ",(IF($M10>0,INDEX('Bin Analysis and Plots'!$E$3:$U$505,MATCH($L10,'Bin Analysis and Plots'!$N$3:$N$505,0),MATCH(O$5,'Bin Analysis and Plots'!$E$2:$U$2,0))," "))))) | P10: =IF($L10=" "," ",(IF($M10=FALSE," ",(IF($M10>0,INDEX('Bin Analysis and Plots'!$E$3:$U$505,MATCH($L10,'Bin Analysis and Plots'!$N$3:$N$505,0),MATCH(P$5,'Bin Analysis and Plots'!$E$2:$U$2,0))," "))))) | Q10: =IF($L10=" "," ",(IF($M10=FALSE," ",(IF($M10>0,INDEX('Bin Analysis and Plots'!$E$3:$U$505,MATCH($L10,'Bin Analysis and Plots'!$N$3:$N$505,0),MATCH(Q$5,'Bin Analysis and Plots'!$E$2:$U$2,0))," "))))) | R10: =IF($L10=" "," ",(IF($M10=FALSE," ",(IF($M10>0,INDEX('Bin Analysis and Plots'!$E$3:$U$505,MATCH($L10,'Bin Analysis and Plots'!$N$3:$N$505,0),MATCH(R$5,'Bin Analysis and Plots'!$E$2:$U$2,0))," "))))) | S10: =IF($L10=" "," ",(IF($M10=FALSE," ",(IF($M10>0,INDEX('Bin Analysis and Plots'!$E$3:$U$505,MATCH($L10,'Bin Analysis and Plots'!$N$3:$N$505,0),MATCH(S$5,'Bin Analysis and Plots'!$E$2:$U$2,0))," ")))))
A11: column A | G11: =IFERROR('Data Transformation'!M9," ") | I11: Minimum | L11: =$G12 | M11: =IF(L11=" "," ",(IF($L11>0,INDEX('Bin Analysis and Plots'!$E$3:$U$505,MATCH($L11,'Bin Analysis and Plots'!$N$3:$N$505,0),MATCH(M$5,'Bin Analysis and Plots'!$E$2:$U$2,0))," "))) | N11: =IF($L11=" "," ",(IF($M11=FALSE," ",(IF($M11>0,INDEX('Bin Analysis and Plots'!$E$3:$U$505,MATCH($L11,'Bin Analysis and Plots'!$N$3:$N$505,0),MATCH(N$5,'Bin Analysis and Plots'!$E$2:$U$2,0))," "))))) | O11: =IF($L11=" "," ",(IF($M11=FALSE," ",(IF($M11>0,INDEX('Bin Analysis and Plots'!$E$3:$U$505,MATCH($L11,'Bin Analysis and Plots'!$N$3:$N$505,0),MATCH(O$5,'Bin Analysis and Plots'!$E$2:$U$2,0))," "))))) | P11: =IF($L11=" "," ",(IF($M11=FALSE," ",(IF($M11>0,INDEX('Bin Analysis and Plots'!$E$3:$U$505,MATCH($L11,'Bin Analysis and Plots'!$N$3:$N$505,0),MATCH(P$5,'Bin Analysis and Plots'!$E$2:$U$2,0))," "))))) | Q11: =IF($L11=" "," ",(IF($M11=FALSE," ",(IF($M11>0,INDEX('Bin Analysis and Plots'!$E$3:$U$505,MATCH($L11,'Bin Analysis and Plots'!$N$3:$N$505,0),MATCH(Q$5,'Bin Analysis and Plots'!$E$2:$U$2,0))," "))))) | R11: =IF($L11=" "," ",(IF($M11=FALSE," ",(IF($M11>0,INDEX('Bin Analysis and Plots'!$E$3:$U$505,MATCH($L11,'Bin Analysis and Plots'!$N$3:$N$505,0),MATCH(R$5,'Bin Analysis and Plots'!$E$2:$U$2,0))," "))))) | S11: =IF($L11=" "," ",(IF($M11=FALSE," ",(IF($M11>0,INDEX('Bin Analysis and Plots'!$E$3:$U$505,MATCH($L11,'Bin Analysis and Plots'!$N$3:$N$505,0),MATCH(S$5,'Bin Analysis and Plots'!$E$2:$U$2,0))," ")))))
G12: =IFERROR('Data Transformation'!M10," ") | I12: Maximum | L12: =$G13 | M12: =IF(L12=" "," ",(IF($L12>0,INDEX('Bin Analysis and Plots'!$E$3:$U$505,MATCH($L12,'Bin Analysis and Plots'!$N$3:$N$505,0),MATCH(M$5,'Bin Analysis and Plots'!$E$2:$U$2,0))," "))) | N12: =IF($L12=" "," ",(IF($M12=FALSE," ",(IF($M12>0,INDEX('Bin Analysis and Plots'!$E$3:$U$505,MATCH($L12,'Bin Analysis and Plots'!$N$3:$N$505,0),MATCH(N$5,'Bin Analysis and Plots'!$E$2:$U$2,0))," "))))) | O12: =IF($L12=" "," ",(IF($M12=FALSE," ",(IF($M12>0,INDEX('Bin Analysis and Plots'!$E$3:$U$505,MATCH($L12,'Bin Analysis and Plots'!$N$3:$N$505,0),MATCH(O$5,'Bin Analysis and Plots'!$E$2:$U$2,0))," "))))) | P12: =IF($L12=" "," ",(IF($M12=FALSE," ",(IF($M12>0,INDEX('Bin Analysis and Plots'!$E$3:$U$505,MATCH($L12,'Bin Analysis and Plots'!$N$3:$N$505,0),MATCH(P$5,'Bin Analysis and Plots'!$E$2:$U$2,0))," "))))) | Q12: =IF($L12=" "," ",(IF($M12=FALSE," ",(IF($M12>0,INDEX('Bin Analysis and Plots'!$E$3:$U$505,MATCH($L12,'Bin Analysis and Plots'!$N$3:$N$505,0),MATCH(Q$5,'Bin Analysis and Plots'!$E$2:$U$2,0))," "))))) | R12: =IF($L12=" "," ",(IF($M12=FALSE," ",(IF($M12>0,INDEX('Bin Analysis and Plots'!$E$3:$U$505,MATCH($L12,'Bin Analysis and Plots'!$N$3:$N$505,0),MATCH(R$5,'Bin Analysis and Plots'!$E$2:$U$2,0))," "))))) | S12: =IF($L12=" "," ",(IF($M12=FALSE," ",(IF($M12>0,INDEX('Bin Analysis and Plots'!$E$3:$U$505,MATCH($L12,'Bin Analysis and Plots'!$N$3:$N$505,0),MATCH(S$5,'Bin Analysis and Plots'!$E$2:$U$2,0))," ")))))
G13: =IFERROR('Data Transformation'!M11," ") | I13: (leave blank if no override) | L13: =$G14 | M13: =IF(L13=" "," ",(IF($L13>0,INDEX('Bin Analysis and Plots'!$E$3:$U$505,MATCH($L13,'Bin Analysis and Plots'!$N$3:$N$505,0),MATCH(M$5,'Bin Analysis and Plots'!$E$2:$U$2,0))," "))) | N13: =IF($L13=" "," ",(IF($M13=FALSE," ",(IF($M13>0,INDEX('Bin Analysis and Plots'!$E$3:$U$505,MATCH($L13,'Bin Analysis and Plots'!$N$3:$N$505,0),MATCH(N$5,'Bin Analysis and Plots'!$E$2:$U$2,0))," "))))) | O13: =IF($L13=" "," ",(IF($M13=FALSE," ",(IF($M13>0,INDEX('Bin Analysis and Plots'!$E$3:$U$505,MATCH($L13,'Bin Analysis and Plots'!$N$3:$N$505,0),MATCH(O$5,'Bin Analysis and Plots'!$E$2:$U$2,0))," "))))) | P13: =IF($L13=" "," ",(IF($M13=FALSE," ",(IF($M13>0,INDEX('Bin Analysis and Plots'!$E$3:$U$505,MATCH($L13,'Bin Analysis and Plots'!$N$3:$N$505,0),MATCH(P$5,'Bin Analysis and Plots'!$E$2:$U$2,0))," "))))) | Q13: =IF($L13=" "," ",(IF($M13=FALSE," ",(IF($M13>0,INDEX('Bin Analysis and Plots'!$E$3:$U$505,MATCH($L13,'Bin Analysis and Plots'!$N$3:$N$505,0),MATCH(Q$5,'Bin Analysis and Plots'!$E$2:$U$2,0))," "))))) | R13: =IF($L13=" "," ",(IF($M13=FALSE," ",(IF($M13>0,INDEX('Bin Analysis and Plots'!$E$3:$U$505,MATCH($L13,'Bin Analysis and Plots'!$N$3:$N$505,0),MATCH(R$5,'Bin Analysis and Plots'!$E$2:$U$2,0))," "))))) | S13: =IF($L13=" "," ",(IF($M13=FALSE," ",(IF($M13>0,INDEX('Bin Analysis and Plots'!$E$3:$U$505,MATCH($L13,'Bin Analysis and Plots'!$N$3:$N$505,0),MATCH(S$5,'Bin Analysis and Plots'!$E$2:$U$2,0))," ")))))
G14: =IFERROR('Data Transformation'!M12," ") | I14: Number of values greater than the maximum | J14: =COUNTIF(D7:D386,">"&J12) -> 0 | L14: =$G15 | M14: =IF(L14=" "," ",(IF($L14>0,INDEX('Bin Analysis and Plots'!$E$3:$U$505,MATCH($L14,'Bin Analysis and Plots'!$N$3:$N$505,0),MATCH(M$5,'Bin Analysis and Plots'!$E$2:$U$2,0))," "))) | N14: =IF($L14=" "," ",(IF($M14=FALSE," ",(IF($M14>0,INDEX('Bin Analysis and Plots'!$E$3:$U$505,MATCH($L14,'Bin Analysis and Plots'!$N$3:$N$505,0),MATCH(N$5,'Bin Analysis and Plots'!$E$2:$U$2,0))," "))))) | O14: =IF($L14=" "," ",(IF($M14=FALSE," ",(IF($M14>0,INDEX('Bin Analysis and Plots'!$E$3:$U$505,MATCH($L14,'Bin Analysis and Plots'!$N$3:$N$505,0),MATCH(O$5,'Bin Analysis and Plots'!$E$2:$U$2,0))," "))))) | P14: =IF($L14=" "," ",(IF($M14=FALSE," ",(IF($M14>0,INDEX('Bin Analysis and Plots'!$E$3:$U$505,MATCH($L14,'Bin Analysis and Plots'!$N$3:$N$505,0),MATCH(P$5,'Bin Analysis and Plots'!$E$2:$U$2,0))," "))))) | Q14: =IF($L14=" "," ",(IF($M14=FALSE," ",(IF($M14>0,INDEX('Bin Analysis and Plots'!$E$3:$U$505,MATCH($L14,'Bin Analysis and Plots'!$N$3:$N$505,0),MATCH(Q$5,'Bin Analysis and Plots'!$E$2:$U$2,0))," "))))) | R14: =IF($L14=" "," ",(IF($M14=FALSE," ",(IF($M14>0,INDEX('Bin Analysis and Plots'!$E$3:$U$505,MATCH($L14,'Bin Analysis and Plots'!$N$3:$N$505,0),MATCH(R$5,'Bin Analysis and Plots'!$E$2:$U$2,0))," "))))) | S14: =IF($L14=" "," ",(IF($M14=FALSE," ",(IF($M14>0,INDEX('Bin Analysis and Plots'!$E$3:$U$505,MATCH($L14,'Bin Analysis and Plots'!$N$3:$N$505,0),MATCH(S$5,'Bin Analysis and Plots'!$E$2:$U$2,0))," ")))))
G15: =IFERROR('Data Transformation'!M13," ") | L15: =$G16 | M15: =IF(L15=" "," ",(IF($L15>0,INDEX('Bin Analysis and Plots'!$E$3:$U$505,MATCH($L15,'Bin Analysis and Plots'!$N$3:$N$505,0),MATCH(M$5,'Bin Analysis and Plots'!$E$2:$U$2,0))," "))) | N15: =IF($L15=" "," ",(IF($M15=FALSE," ",(IF($M15>0,INDEX('Bin Analysis and Plots'!$E$3:$U$505,MATCH($L15,'Bin Analysis and Plots'!$N$3:$N$505,0),MATCH(N$5,'Bin Analysis and Plots'!$E$2:$U$2,0))," "))))) | O15: =IF($L15=" "," ",(IF($M15=FALSE," ",(IF($M15>0,INDEX('Bin Analysis and Plots'!$E$3:$U$505,MATCH($L15,'Bin Analysis and Plots'!$N$3:$N$505,0),MATCH(O$5,'Bin Analysis and Plots'!$E$2:$U$2,0))," "))))) | P15: =IF($L15=" "," ",(IF($M15=FALSE," ",(IF($M15>0,INDEX('Bin Analysis and Plots'!$E$3:$U$505,MATCH($L15,'Bin Analysis and Plots'!$N$3:$N$505,0),MATCH(P$5,'Bin Analysis and Plots'!$E$2:$U$2,0))," "))))) | Q15: =IF($L15=" "," ",(IF($M15=FALSE," ",(IF($M15>0,INDEX('Bin Analysis and Plots'!$E$3:$U$505,MATCH($L15,'Bin Analysis and Plots'!$N$3:$N$505,0),MATCH(Q$5,'Bin Analysis and Plots'!$E$2:$U$2,0))," "))))) | R15: =IF($L15=" "," ",(IF($M15=FALSE," ",(IF($M15>0,INDEX('Bin Analysis and Plots'!$E$3:$U$505,MATCH($L15,'Bin Analysis and Plots'!$N$3:$N$505,0),MATCH(R$5,'Bin Analysis and Plots'!$E$2:$U$2,0))," "))))) | S15: =IF($L15=" "," ",(IF($M15=FALSE," ",(IF($M15>0,INDEX('Bin Analysis and Plots'!$E$3:$U$505,MATCH($L15,'Bin Analysis and Plots'!$N$3:$N$505,0),MATCH(S$5,'Bin Analysis and Plots'!$E$2:$U$2,0))," ")))))
G16: =IFERROR('Data Transformation'!M14," ") | I16: Nonfunctional protein value ("Dead") | J16: minimum | L16: =$G17 | M16: =IF(L16=" "," ",(IF($L16>0,INDEX('Bin Analysis and Plots'!$E$3:$U$505,MATCH($L16,'Bin Analysis and Plots'!$N$3:$N$505,0),MATCH(M$5,'Bin Analysis and Plots'!$E$2:$U$2,0))," "))) | N16: =IF($L16=" "," ",(IF($M16=FALSE," ",(IF($M16>0,INDEX('Bin Analysis and Plots'!$E$3:$U$505,MATCH($L16,'Bin Analysis and Plots'!$N$3:$N$505,0),MATCH(N$5,'Bin Analysis and Plots'!$E$2:$U$2,0))," "))))) | O16: =IF($L16=" "," ",(IF($M16=FALSE," ",(IF($M16>0,INDEX('Bin Analysis and Plots'!$E$3:$U$505,MATCH($L16,'Bin Analysis and Plots'!$N$3:$N$505,0),MATCH(O$5,'Bin Analysis and Plots'!$E$2:$U$2,0))," "))))) | P16: =IF($L16=" "," ",(IF($M16=FALSE," ",(IF($M16>0,INDEX('Bin Analysis and Plots'!$E$3:$U$505,MATCH($L16,'Bin Analysis and Plots'!$N$3:$N$505,0),MATCH(P$5,'Bin Analysis and Plots'!$E$2:$U$2,0))," "))))) | Q16: =IF($L16=" "," ",(IF($M16=FALSE," ",(IF($M16>0,INDEX('Bin Analysis and Plots'!$E$3:$U$505,MATCH($L16,'Bin Analysis and Plots'!$N$3:$N$505,0),MATCH(Q$5,'Bin Analysis and Plots'!$E$2:$U$2,0))," "))))) | R16: =IF($L16=" "," ",(IF($M16=FALSE," ",(IF($M16>0,INDEX('Bin Analysis and Plots'!$E$3:$U$505,MATCH($L16,'Bin Analysis and Plots'!$N$3:$N$505,0),MATCH(R$5,'Bin Analysis and Plots'!$E$2:$U$2,0))," "))))) | S16: =IF($L16=" "," ",(IF($M16=FALSE," ",(IF($M16>0,INDEX('Bin Analysis and Plots'!$E$3:$U$505,MATCH($L16,'Bin Analysis and Plots'!$N$3:$N$505,0),MATCH(S$5,'Bin Analysis and Plots'!$E$2:$U$2,0))," ")))))
G17: =IFERROR('Data Transformation'!M15," ") | J17: =IF(J16="maximum",'Data Transformation'!U9,'Data Transformation'!U8) -> 1 | L17: =$G18 | M17: =IF(L17=" "," ",(IF($L17>0,INDEX('Bin Analysis and Plots'!$E$3:$U$505,MATCH($L17,'Bin Analysis and Plots'!$N$3:$N$505,0),MATCH(M$5,'Bin Analysis and Plots'!$E$2:$U$2,0))," "))) | N17: =IF($L17=" "," ",(IF($M17=FALSE," ",(IF($M17>0,INDEX('Bin Analysis and Plots'!$E$3:$U$505,MATCH($L17,'Bin Analysis and Plots'!$N$3:$N$505,0),MATCH(N$5,'Bin Analysis and Plots'!$E$2:$U$2,0))," "))))) | O17: =IF($L17=" "," ",(IF($M17=FALSE," ",(IF($M17>0,INDEX('Bin Analysis and Plots'!$E$3:$U$505,MATCH($L17,'Bin Analysis and Plots'!$N$3:$N$505,0),MATCH(O$5,'Bin Analysis and Plots'!$E$2:$U$2,0))," "))))) | P17: =IF($L17=" "," ",(IF($M17=FALSE," ",(IF($M17>0,INDEX('Bin Analysis and Plots'!$E$3:$U$505,MATCH($L17,'Bin Analysis and Plots'!$N$3:$N$505,0),MATCH(P$5,'Bin Analysis and Plots'!$E$2:$U$2,0))," "))))) | Q17: =IF($L17=" "," ",(IF($M17=FALSE," ",(IF($M17>0,INDEX('Bin Analysis and Plots'!$E$3:$U$505,MATCH($L17,'Bin Analysis and Plots'!$N$3:$N$505,0),MATCH(Q$5,'Bin Analysis and Plots'!$E$2:$U$2,0))," "))))) | R17: =IF($L17=" "," ",(IF($M17=FALSE," ",(IF($M17>0,INDEX('Bin Analysis and Plots'!$E$3:$U$505,MATCH($L17,'Bin Analysis and Plots'!$N$3:$N$505,0),MATCH(R$5,'Bin Analysis and Plots'!$E$2:$U$2,0))," "))))) | S17: =IF($L17=" "," ",(IF($M17=FALSE," ",(IF($M17>0,INDEX('Bin Analysis and Plots'!$E$3:$U$505,MATCH($L17,'Bin Analysis and Plots'!$N$3:$N$505,0),MATCH(S$5,'Bin Analysis and Plots'!$E$2:$U$2,0))," ")))))
G18: =IFERROR('Data Transformation'!M16," ") | L18: =$G19 | M18: =IF(L18=" "," ",(IF($L18>0,INDEX('Bin Analysis and Plots'!$E$3:$U$505,MATCH($L18,'Bin Analysis and Plots'!$N$3:$N$505,0),MATCH(M$5,'Bin Analysis and Plots'!$E$2:$U$2,0))," "))) | N18: =IF($L18=" "," ",(IF($M18=FALSE," ",(IF($M18>0,INDEX('Bin Analysis and Plots'!$E$3:$U$505,MATCH($L18,'Bin Analysis and Plots'!$N$3:$N$505,0),MATCH(N$5,'Bin Analysis and Plots'!$E$2:$U$2,0))," "))))) | O18: =IF($L18=" "," ",(IF($M18=FALSE," ",(IF($M18>0,INDEX('Bin Analysis and Plots'!$E$3:$U$505,MATCH($L18,'Bin Analysis and Plots'!$N$3:$N$505,0),MATCH(O$5,'Bin Analysis and Plots'!$E$2:$U$2,0))," "))))) | P18: =IF($L18=" "," ",(IF($M18=FALSE," ",(IF($M18>0,INDEX('Bin Analysis and Plots'!$E$3:$U$505,MATCH($L18,'Bin Analysis and Plots'!$N$3:$N$505,0),MATCH(P$5,'Bin Analysis and Plots'!$E$2:$U$2,0))," "))))) | Q18: =IF($L18=" "," ",(IF($M18=FALSE," ",(IF($M18>0,INDEX('Bin Analysis and Plots'!$E$3:$U$505,MATCH($L18,'Bin Analysis and Plots'!$N$3:$N$505,0),MATCH(Q$5,'Bin Analysis and Plots'!$E$2:$U$2,0))," "))))) | R18: =IF($L18=" "," ",(IF($M18=FALSE," ",(IF($M18>0,INDEX('Bin Analysis and Plots'!$E$3:$U$505,MATCH($L18,'Bin Analysis and Plots'!$N$3:$N$505,0),MATCH(R$5,'Bin Analysis and Plots'!$E$2:$U$2,0))," "))))) | S18: =IF($L18=" "," ",(IF($M18=FALSE," ",(IF($M18>0,INDEX('Bin Analysis and Plots'!$E$3:$U$505,MATCH($L18,'Bin Analysis and Plots'!$N$3:$N$505,0),MATCH(S$5,'Bin Analysis and Plots'!$E$2:$U$2,0))," ")))))
G19: =IFERROR('Data Transformation'!M17," ") | I19: Error override | L19: =$G20 | M19: =IF(L19=" "," ",(IF($L19>0,INDEX('Bin Analysis and Plots'!$E$3:$U$505,MATCH($L19,'Bin Analysis and Plots'!$N$3:$N$505,0),MATCH(M$5,'Bin Analysis and Plots'!$E$2:$U$2,0))," "))) | N19: =IF($L19=" "," ",(IF($M19=FALSE," ",(IF($M19>0,INDEX('Bin Analysis and Plots'!$E$3:$U$505,MATCH($L19,'Bin Analysis and Plots'!$N$3:$N$505,0),MATCH(N$5,'Bin Analysis and Plots'!$E$2:$U$2,0))," "))))) | O19: =IF($L19=" "," ",(IF($M19=FALSE," ",(IF($M19>0,INDEX('Bin Analysis and Plots'!$E$3:$U$505,MATCH($L19,'Bin Analysis and Plots'!$N$3:$N$505,0),MATCH(O$5,'Bin Analysis and Plots'!$E$2:$U$2,0))," "))))) | P19: =IF($L19=" "," ",(IF($M19=FALSE," ",(IF($M19>0,INDEX('Bin Analysis and Plots'!$E$3:$U$505,MATCH($L19,'Bin Analysis and Plots'!$N$3:$N$505,0),MATCH(P$5,'Bin Analysis and Plots'!$E$2:$U$2,0))," "))))) | Q19: =IF($L19=" "," ",(IF($M19=FALSE," ",(IF($M19>0,INDEX('Bin Analysis and Plots'!$E$3:$U$505,MATCH($L19,'Bin Analysis and Plots'!$N$3:$N$505,0),MATCH(Q$5,'Bin Analysis and Plots'!$E$2:$U$2,0))," "))))) | R19: =IF($L19=" "," ",(IF($M19=FALSE," ",(IF($M19>0,INDEX('Bin Analysis and Plots'!$E$3:$U$505,MATCH($L19,'Bin Analysis and Plots'!$N$3:$N$505,0),MATCH(R$5,'Bin Analysis and Plots'!$E$2:$U$2,0))," "))))) | S19: =IF($L19=" "," ",(IF($M19=FALSE," ",(IF($M19>0,INDEX('Bin Analysis and Plots'!$E$3:$U$505,MATCH($L19,'Bin Analysis and Plots'!$N$3:$N$505,0),MATCH(S$5,'Bin Analysis and Plots'!$E$2:$U$2,0))," ")))))
G20: =IFERROR('Data Transformation'!M18," ") | I20: =IF(AND(J4="yes",NOT(J19="")),"see note #3 under the 'Entering data on the Input and Summary Results worksheet' section on first page regarding log and error","leave blank if no override") -> leave blank if no override | L20: =$G21 | M20: =IF(L20=" "," ",(IF($L20>0,INDEX('Bin Analysis and Plots'!$E$3:$U$505,MATCH($L20,'Bin Analysis and Plots'!$N$3:$N$505,0),MATCH(M$5,'Bin Analysis and Plots'!$E$2:$U$2,0))," "))) | N20: =IF($L20=" "," ",(IF($M20=FALSE," ",(IF($M20>0,INDEX('Bin Analysis and Plots'!$E$3:$U$505,MATCH($L20,'Bin Analysis and Plots'!$N$3:$N$505,0),MATCH(N$5,'Bin Analysis and Plots'!$E$2:$U$2,0))," "))))) | O20: =IF($L20=" "," ",(IF($M20=FALSE," ",(IF($M20>0,INDEX('Bin Analysis and Plots'!$E$3:$U$505,MATCH($L20,'Bin Analysis and Plots'!$N$3:$N$505,0),MATCH(O$5,'Bin Analysis and Plots'!$E$2:$U$2,0))," "))))) | P20: =IF($L20=" "," ",(IF($M20=FALSE," ",(IF($M20>0,INDEX('Bin Analysis and Plots'!$E$3:$U$505,MATCH($L20,'Bin Analysis and Plots'!$N$3:$N$505,0),MATCH(P$5,'Bin Analysis and Plots'!$E$2:$U$2,0))," "))))) | Q20: =IF($L20=" "," ",(IF($M20=FALSE," ",(IF($M20>0,INDEX('Bin Analysis and Plots'!$E$3:$U$505,MATCH($L20,'Bin Analysis and Plots'!$N$3:$N$505,0),MATCH(Q$5,'Bin Analysis and Plots'!$E$2:$U$2,0))," "))))) | R20: =IF($L20=" "," ",(IF($M20=FALSE," ",(IF($M20>0,INDEX('Bin Analysis and Plots'!$E$3:$U$505,MATCH($L20,'Bin Analysis and Plots'!$N$3:$N$505,0),MATCH(R$5,'Bin Analysis and Plots'!$E$2:$U$2,0))," "))))) | S20: =IF($L20=" "," ",(IF($M20=FALSE," ",(IF($M20>0,INDEX('Bin Analysis and Plots'!$E$3:$U$505,MATCH($L20,'Bin Analysis and Plots'!$N$3:$N$505,0),MATCH(S$5,'Bin Analysis and Plots'!$E$2:$U$2,0))," ")))))
G21: =IFERROR('Data Transformation'!M19," ") | L21: =$G22 | M21: =IF(L21=" "," ",(IF($L21>0,INDEX('Bin Analysis and Plots'!$E$3:$U$505,MATCH($L21,'Bin Analysis and Plots'!$N$3:$N$505,0),MATCH(M$5,'Bin Analysis and Plots'!$E$2:$U$2,0))," "))) | N21: =IF($L21=" "," ",(IF($M21=FALSE," ",(IF($M21>0,INDEX('Bin Analysis and Plots'!$E$3:$U$505,MATCH($L21,'Bin Analysis and Plots'!$N$3:$N$505,0),MATCH(N$5,'Bin Analysis and Plots'!$E$2:$U$2,0))," "))))) | O21: =IF($L21=" "," ",(IF($M21=FALSE," ",(IF($M21>0,INDEX('Bin Analysis and Plots'!$E$3:$U$505,MATCH($L21,'Bin Analysis and Plots'!$N$3:$N$505,0),MATCH(O$5,'Bin Analysis and Plots'!$E$2:$U$2,0))," "))))) | P21: =IF($L21=" "," ",(IF($M21=FALSE," ",(IF($M21>0,INDEX('Bin Analysis and Plots'!$E$3:$U$505,MATCH($L21,'Bin Analysis and Plots'!$N$3:$N$505,0),MATCH(P$5,'Bin Analysis and Plots'!$E$2:$U$2,0))," "))))) | Q21: =IF($L21=" "," ",(IF($M21=FALSE," ",(IF($M21>0,INDEX('Bin Analysis and Plots'!$E$3:$U$505,MATCH($L21,'Bin Analysis and Plots'!$N$3:$N$505,0),MATCH(Q$5,'Bin Analysis and Plots'!$E$2:$U$2,0))," "))))) | R21: =IF($L21=" "," ",(IF($M21=FALSE," ",(IF($M21>0,INDEX('Bin Analysis and Plots'!$E$3:$U$505,MATCH($L21,'Bin Analysis and Plots'!$N$3:$N$505,0),MATCH(R$5,'Bin Analysis and Plots'!$E$2:$U$2,0))," "))))) | S21: =IF($L21=" "," ",(IF($M21=FALSE," ",(IF($M21>0,INDEX('Bin Analysis and Plots'!$E$3:$U$505,MATCH($L21,'Bin Analysis and Plots'!$N$3:$N$505,0),MATCH(S$5,'Bin Analysis and Plots'!$E$2:$U$2,0))," ")))))
G22: =IFERROR('Data Transformation'!M20," ") | I22: Recommended number of bins | J22: ='Data Transformation'!R23 -> #DIV/0! | L22: =$G23 | M22: =IF(L22=" "," ",(IF($L22>0,INDEX('Bin Analysis and Plots'!$E$3:$U$505,MATCH($L22,'Bin Analysis and Plots'!$N$3:$N$505,0),MATCH(M$5,'Bin Analysis and Plots'!$E$2:$U$2,0))," "))) | N22: =IF($L22=" "," ",(IF($M22=FALSE," ",(IF($M22>0,INDEX('Bin Analysis and Plots'!$E$3:$U$505,MATCH($L22,'Bin Analysis and Plots'!$N$3:$N$505,0),MATCH(N$5,'Bin Analysis and Plots'!$E$2:$U$2,0))," "))))) | O22: =IF($L22=" "," ",(IF($M22=FALSE," ",(IF($M22>0,INDEX('Bin Analysis and Plots'!$E$3:$U$505,MATCH($L22,'Bin Analysis and Plots'!$N$3:$N$505,0),MATCH(O$5,'Bin Analysis and Plots'!$E$2:$U$2,0))," "))))) | P22: =IF($L22=" "," ",(IF($M22=FALSE," ",(IF($M22>0,INDEX('Bin Analysis and Plots'!$E$3:$U$505,MATCH($L22,'Bin Analysis and Plots'!$N$3:$N$505,0),MATCH(P$5,'Bin Analysis and Plots'!$E$2:$U$2,0))," "))))) | Q22: =IF($L22=" "," ",(IF($M22=FALSE," ",(IF($M22>0,INDEX('Bin Analysis and Plots'!$E$3:$U$505,MATCH($L22,'Bin Analysis and Plots'!$N$3:$N$505,0),MATCH(Q$5,'Bin Analysis and Plots'!$E$2:$U$2,0))," "))))) | R22: =IF($L22=" "," ",(IF($M22=FALSE," ",(IF($M22>0,INDEX('Bin Analysis and Plots'!$E$3:$U$505,MATCH($L22,'Bin Analysis and Plots'!$N$3:$N$505,0),MATCH(R$5,'Bin Analysis and Plots'!$E$2:$U$2,0))," "))))) | S22: =IF($L22=" "," ",(IF($M22=FALSE," ",(IF($M22>0,INDEX('Bin Analysis and Plots'!$E$3:$U$505,MATCH($L22,'Bin Analysis and Plots'!$N$3:$N$505,0),MATCH(S$5,'Bin Analysis and Plots'!$E$2:$U$2,0))," ")))))
G23: =IFERROR('Data Transformation'!M21," ") | I23: Number of bins override | L23: =$G24 | M23: =IF(L23=" "," ",(IF($L23>0,INDEX('Bin Analysis and Plots'!$E$3:$U$505,MATCH($L23,'Bin Analysis and Plots'!$N$3:$N$505,0),MATCH(M$5,'Bin Analysis and Plots'!$E$2:$U$2,0))," "))) | N23: =IF($L23=" "," ",(IF($M23=FALSE," ",(IF($M23>0,INDEX('Bin Analysis and Plots'!$E$3:$U$505,MATCH($L23,'Bin Analysis and Plots'!$N$3:$N$505,0),MATCH(N$5,'Bin Analysis and Plots'!$E$2:$U$2,0))," "))))) | O23: =IF($L23=" "," ",(IF($M23=FALSE," ",(IF($M23>0,INDEX('Bin Analysis and Plots'!$E$3:$U$505,MATCH($L23,'Bin Analysis and Plots'!$N$3:$N$505,0),MATCH(O$5,'Bin Analysis and Plots'!$E$2:$U$2,0))," "))))) | P23: =IF($L23=" "," ",(IF($M23=FALSE," ",(IF($M23>0,INDEX('Bin Analysis and Plots'!$E$3:$U$505,MATCH($L23,'Bin Analysis and Plots'!$N$3:$N$505,0),MATCH(P$5,'Bin Analysis and Plots'!$E$2:$U$2,0))," "))))) | Q23: =IF($L23=" "," ",(IF($M23=FALSE," ",(IF($M23>0,INDEX('Bin Analysis and Plots'!$E$3:$U$505,MATCH($L23,'Bin Analysis and Plots'!$N$3:$N$505,0),MATCH(Q$5,'Bin Analysis and Plots'!$E$2:$U$2,0))," "))))) | R23: =IF($L23=" "," ",(IF($M23=FALSE," ",(IF($M23>0,INDEX('Bin Analysis and Plots'!$E$3:$U$505,MATCH($L23,'Bin Analysis and Plots'!$N$3:$N$505,0),MATCH(R$5,'Bin Analysis and Plots'!$E$2:$U$2,0))," "))))) | S23: =IF($L23=" "," ",(IF($M23=FALSE," ",(IF($M23>0,INDEX('Bin Analysis and Plots'!$E$3:$U$505,MATCH($L23,'Bin Analysis and Plots'!$N$3:$N$505,0),MATCH(S$5,'Bin Analysis and Plots'!$E$2:$U$2,0))," ")))))
G24: =IFERROR('Data Transformation'!M22," ") | I24: (leave blank if no override) | L24: =$G25 | M24: =IF(L24=" "," ",(IF($L24>0,INDEX('Bin Analysis and Plots'!$E$3:$U$505,MATCH($L24,'Bin Analysis and Plots'!$N$3:$N$505,0),MATCH(M$5,'Bin Analysis and Plots'!$E$2:$U$2,0))," "))) | N24: =IF($L24=" "," ",(IF($M24=FALSE," ",(IF($M24>0,INDEX('Bin Analysis and Plots'!$E$3:$U$505,MATCH($L24,'Bin Analysis and Plots'!$N$3:$N$505,0),MATCH(N$5,'Bin Analysis and Plots'!$E$2:$U$2,0))," "))))) | O24: =IF($L24=" "," ",(IF($M24=FALSE," ",(IF($M24>0,INDEX('Bin Analysis and Plots'!$E$3:$U$505,MATCH($L24,'Bin Analysis and Plots'!$N$3:$N$505,0),MATCH(O$5,'Bin Analysis and Plots'!$E$2:$U$2,0))," "))))) | P24: =IF($L24=" "," ",(IF($M24=FALSE," ",(IF($M24>0,INDEX('Bin Analysis and Plots'!$E$3:$U$505,MATCH($L24,'Bin Analysis and Plots'!$N$3:$N$505,0),MATCH(P$5,'Bin Analysis and Plots'!$E$2:$U$2,0))," "))))) | Q24: =IF($L24=" "," ",(IF($M24=FALSE," ",(IF($M24>0,INDEX('Bin Analysis and Plots'!$E$3:$U$505,MATCH($L24,'Bin Analysis and Plots'!$N$3:$N$505,0),MATCH(Q$5,'Bin Analysis and Plots'!$E$2:$U$2,0))," "))))) | R24: =IF($L24=" "," ",(IF($M24=FALSE," ",(IF($M24>0,INDEX('Bin Analysis and Plots'!$E$3:$U$505,MATCH($L24,'Bin Analysis and Plots'!$N$3:$N$505,0),MATCH(R$5,'Bin Analysis and Plots'!$E$2:$U$2,0))," "))))) | S24: =IF($L24=" "," ",(IF($M24=FALSE," ",(IF($M24>0,INDEX('Bin Analysis and Plots'!$E$3:$U$505,MATCH($L24,'Bin Analysis and Plots'!$N$3:$N$505,0),MATCH(S$5,'Bin Analysis and Plots'!$E$2:$U$2,0))," ")))))
G25: =IFERROR('Data Transformation'!M23," ") | I25: Rheostate/toggle bin width | J25: ='Data Transformation'!R25 -> #DIV/0! | L25: =$G26 | M25: =IF(L25=" "," ",(IF($L25>0,INDEX('Bin Analysis and Plots'!$E$3:$U$505,MATCH($L25,'Bin Analysis and Plots'!$N$3:$N$505,0),MATCH(M$5,'Bin Analysis and Plots'!$E$2:$U$2,0))," "))) | N25: =IF($L25=" "," ",(IF($M25=FALSE," ",(IF($M25>0,INDEX('Bin Analysis and Plots'!$E$3:$U$505,MATCH($L25,'Bin Analysis and Plots'!$N$3:$N$505,0),MATCH(N$5,'Bin Analysis and Plots'!$E$2:$U$2,0))," "))))) | O25: =IF($L25=" "," ",(IF($M25=FALSE," ",(IF($M25>0,INDEX('Bin Analysis and Plots'!$E$3:$U$505,MATCH($L25,'Bin Analysis and Plots'!$N$3:$N$505,0),MATCH(O$5,'Bin Analysis and Plots'!$E$2:$U$2,0))," "))))) | P25: =IF($L25=" "," ",(IF($M25=FALSE," ",(IF($M25>0,INDEX('Bin Analysis and Plots'!$E$3:$U$505,MATCH($L25,'Bin Analysis and Plots'!$N$3:$N$505,0),MATCH(P$5,'Bin Analysis and Plots'!$E$2:$U$2,0))," "))))) | Q25: =IF($L25=" "," ",(IF($M25=FALSE," ",(IF($M25>0,INDEX('Bin Analysis and Plots'!$E$3:$U$505,MATCH($L25,'Bin Analysis and Plots'!$N$3:$N$505,0),MATCH(Q$5,'Bin Analysis and Plots'!$E$2:$U$2,0))," "))))) | R25: =IF($L25=" "," ",(IF($M25=FALSE," ",(IF($M25>0,INDEX('Bin Analysis and Plots'!$E$3:$U$505,MATCH($L25,'Bin Analysis and Plots'!$N$3:$N$505,0),MATCH(R$5,'Bin Analysis and Plots'!$E$2:$U$2,0))," "))))) | S25: =IF($L25=" "," ",(IF($M25=FALSE," ",(IF($M25>0,INDEX('Bin Analysis and Plots'!$E$3:$U$505,MATCH($L25,'Bin Analysis and Plots'!$N$3:$N$505,0),MATCH(S$5,'Bin Analysis and Plots'!$E$2:$U$2,0))," ")))))
G26: =IFERROR('Data Transformation'!M24," ") | L26: =$G27 | M26: =IF(L26=" "," ",(IF($L26>0,INDEX('Bin Analysis and Plots'!$E$3:$U$505,MATCH($L26,'Bin Analysis and Plots'!$N$3:$N$505,0),MATCH(M$5,'Bin Analysis and Plots'!$E$2:$U$2,0))," "))) | N26: =IF($L26=" "," ",(IF($M26=FALSE," ",(IF($M26>0,INDEX('Bin Analysis and Plots'!$E$3:$U$505,MATCH($L26,'Bin Analysis and Plots'!$N$3:$N$505,0),MATCH(N$5,'Bin Analysis and Plots'!$E$2:$U$2,0))," "))))) | O26: =IF($L26=" "," ",(IF($M26=FALSE," ",(IF($M26>0,INDEX('Bin Analysis and Plots'!$E$3:$U$505,MATCH($L26,'Bin Analysis and Plots'!$N$3:$N$505,0),MATCH(O$5,'Bin Analysis and Plots'!$E$2:$U$2,0))," "))))) | P26: =IF($L26=" "," ",(IF($M26=FALSE," ",(IF($M26>0,INDEX('Bin Analysis and Plots'!$E$3:$U$505,MATCH($L26,'Bin Analysis and Plots'!$N$3:$N$505,0),MATCH(P$5,'Bin Analysis and Plots'!$E$2:$U$2,0))," "))))) | Q26: =IF($L26=" "," ",(IF($M26=FALSE," ",(IF($M26>0,INDEX('Bin Analysis and Plots'!$E$3:$U$505,MATCH($L26,'Bin Analysis and Plots'!$N$3:$N$505,0),MATCH(Q$5,'Bin Analysis and Plots'!$E$2:$U$2,0))," "))))) | R26: =IF($L26=" "," ",(IF($M26=FALSE," ",(IF($M26>0,INDEX('Bin Analysis and Plots'!$E$3:$U$505,MATCH($L26,'Bin Analysis and Plots'!$N$3:$N$505,0),MATCH(R$5,'Bin Analysis and Plots'!$E$2:$U$2,0))," "))))) | S26: =IF($L26=" "," ",(IF($M26=FALSE," ",(IF($M26>0,INDEX('Bin Analysis and Plots'!$E$3:$U$505,MATCH($L26,'Bin Analysis and Plots'!$N$3:$N$505,0),MATCH(S$5,'Bin Analysis and Plots'!$E$2:$U$2,0))," ")))))
G27: =IFERROR('Data Transformation'!M25," ") | I27: Neutral Bin size override
I28: Neutral bin size | J28: ='Data Transformation'!U25 -> #DIV/0!
I30: Enhancing Score assignment
I31: Default Enhancing Score assignment | J31: 0.8
I33: Neutral Score assignment
I34: Default Neutral Score assignment | J34: 0.7
I36: Rheostat Score assignment
I37: Default Rheostate Score assignment | J37: 0.5
I39: Toggle Score assignment
I40: Default Toggle Score assignment | J40: 0.64
E161: 0.23465

Sheet Analysis working notes
A1: This worksheet is a good place to keep track of why and how the values were chosen for WT and "dead", as well as any other analysis parameters.

Sheet Larger Data Sets
A1: 8000 data points | J1: Position Statistics | O1: Data Set Analysis
B2: Position | C2: Mutation | D2: Data | E2: Error | F2: Log of Data | G2: Error of logged data | M2: Threshold
F3: =IF(B3="","",LOG10(D3)) | G3: =IF(E3="", "",0.434*E3/D3) | J3: Unique Distinct Positions | L3: Total# of Mutants | M3: # of variants | O3: Minimum | P3: =IF('Input and Summary Results'!$J$4="yes",MIN('Larger Data Sets'!$F$3:$F$8003),MIN('Larger Data Sets'!$D$3:$D$8003)) -> 0
F4: =IF(B4="","",LOG10(D4)) | G4: =IF(E4="", "",0.434*E4/D4) | J4: all | L4: =COUNTIF($B$3:$B$8003,">0") -> 0 | M4: =IF(L4>4,L4,FALSE) -> FALSE | O4: Maximum | P4: =IF('Input and Summary Results'!$J$4="yes",MAX('Larger Data Sets'!$F$3:$F$8003),MAX('Larger Data Sets'!$D$3:$D$8003)) -> 0
F5: =IF(B5="","",LOG10(D5)) | G5: =IF(E5="", "",0.434*E5/D5) | J5: =LOOKUP(2,1/(COUNTIF($J$4:J4,'Larger Data Sets'!$B$3:$B$8003)=0),'Larger Data Sets'!$B$3:$B$8003) -> 0 | K5: =IFERROR(J5," ") -> 0 | L5: =COUNTIF($B$3:$B$8003,$J5) -> 0 | M5: =IF(L5>4,L5,FALSE) -> FALSE
F6: =IF(B6="","",LOG10(D6)) | G6: =IF(E6="", "",0.434*E6/D6) | J6: =LOOKUP(2,1/(COUNTIF($J$4:J5,'Larger Data Sets'!$B$3:$B$8003)=0),'Larger Data Sets'!$B$3:$B$8003) -> #N/A | K6: =IFERROR(J6," ") | L6: =COUNTIF($B$3:$B$8003,$J6) -> 0 | M6: =IF(L6>4,L6+1,FALSE) -> FALSE | O6: Mean Error | P6: =IF('Input and Summary Results'!J4="yes",AVERAGE('Larger Data Sets'!G3:G8003),AVERAGE('Larger Data Sets'!E3:E8003)) -> #DIV/0!
F7: =IF(B7="","",LOG10(D7)) | G7: =IF(E7="", "",0.434*E7/D7) | J7: =LOOKUP(2,1/(COUNTIF($J$4:J6,'Larger Data Sets'!$B$3:$B$8003)=0),'Larger Data Sets'!$B$3:$B$8003) -> #N/A | K7: =IFERROR(J7," ") | L7: =COUNTIF($B$3:$B$8003,$J7) -> 0 | M7: =IF(L7>4,L7+1,FALSE) -> FALSE | O7: 4 sigma error | P7: =P6*4 -> #DIV/0!
F8: =IF(B8="","",LOG10(D8)) | G8: =IF(E8="", "",0.434*E8/D8) | J8: =LOOKUP(2,1/(COUNTIF($J$4:J7,'Larger Data Sets'!$B$3:$B$8003)=0),'Larger Data Sets'!$B$3:$B$8003) -> #N/A | K8: =IFERROR(J8," ") | L8: =COUNTIF($B$3:$B$8003,$J8) -> 0 | M8: =IF(L8>4,L8+1,FALSE) -> FALSE
F9: =IF(B9="","",LOG10(D9)) | G9: =IF(E9="", "",0.434*E9/D9) | J9: =LOOKUP(2,1/(COUNTIF($J$4:J8,'Larger Data Sets'!$B$3:$B$8003)=0),'Larger Data Sets'!$B$3:$B$8003) -> #N/A | K9: =IFERROR(J9," ") | L9: =COUNTIF($B$3:$B$8003,$J9) -> 0 | M9: =IF(L9>4,L9+1,FALSE) -> FALSE | O9: # of bins
F10: =IF(B10="","",LOG10(D10)) | G10: =IF(E10="", "",0.434*E10/D10) | J10: =LOOKUP(2,1/(COUNTIF($J$4:J9,'Larger Data Sets'!$B$3:$B$8003)=0),'Larger Data Sets'!$B$3:$B$8003) -> #N/A | K10: =IFERROR(J10," ") | L10: =COUNTIF($B$3:$B$8003,$J10) -> 0 | M10: =IF(L10>4,L10+1,FALSE) -> FALSE | O10: Error based | P10: =(P4-P3)/P7 -> #DIV/0!
F11: =IF(B11="","",LOG10(D11)) | G11: =IF(E11="", "",0.434*E11/D11) | J11: =LOOKUP(2,1/(COUNTIF($J$4:J10,'Larger Data Sets'!$B$3:$B$8003)=0),'Larger Data Sets'!$B$3:$B$8003) -> #N/A | K11: =IFERROR(J11," ") | L11: =COUNTIF($B$3:$B$8003,$J11) -> 0 | M11: =IF(L11>4,L11+1,FALSE) -> FALSE | O11: Mean | P11: =AVERAGE(M6:M506) -> #DIV/0!
F12: =IF(B12="","",LOG10(D12)) | G12: =IF(E12="", "",0.434*E12/D12) | J12: =LOOKUP(2,1/(COUNTIF($J$4:J11,'Larger Data Sets'!$B$3:$B$8003)=0),'Larger Data Sets'!$B$3:$B$8003) -> #N/A | K12: =IFERROR(J12," ") | L12: =COUNTIF($B$3:$B$8003,$J12) -> 0 | M12: =IF(L12>4,L12+1,FALSE) -> FALSE | O12: Median | P12: =MEDIAN(M6:M506) -> #NUM!
F13: =IF(B13="","",LOG10(D13)) | G13: =IF(E13="", "",0.434*E13/D13) | J13: =LOOKUP(2,1/(COUNTIF($J$4:J12,'Larger Data Sets'!$B$3:$B$8003)=0),'Larger Data Sets'!$B$3:$B$8003) -> #N/A | K13: =IFERROR(J13," ") | L13: =COUNTIF($B$3:$B$8003,$J13) -> 0 | M13: =IF(L13>4,L13+1,FALSE) -> FALSE
F14: =IF(B14="","",LOG10(D14)) | G14: =IF(E14="", "",0.434*E14/D14) | J14: =LOOKUP(2,1/(COUNTIF($J$4:J13,'Larger Data Sets'!$B$3:$B$8003)=0),'Larger Data Sets'!$B$3:$B$8003) -> #N/A | K14: =IFERROR(J14," ") | L14: =COUNTIF($B$3:$B$8003,$J14) -> 0 | M14: =IF(L14>4,L14+1,FALSE) -> FALSE | O14: Bin Recommendation | P14: =ROUNDDOWN(MIN(P10:P12),0) -> #DIV/0!
F15: =IF(B15="","",LOG10(D15)) | G15: =IF(E15="", "",0.434*E15/D15) | J15: =LOOKUP(2,1/(COUNTIF($J$4:J14,'Larger Data Sets'!$B$3:$B$8003)=0),'Larger Data Sets'!$B$3:$B$8003) -> #N/A | K15: =IFERROR(J15," ") | L15: =COUNTIF($B$3:$B$8003,$J15) -> 0 | M15: =IF(L15>4,L15+1,FALSE) -> FALSE
F16: =IF(B16="","",LOG10(D16)) | G16: =IF(E16="", "",0.434*E16/D16) | J16: =LOOKUP(2,1/(COUNTIF($J$4:J15,'Larger Data Sets'!$B$3:$B$8003)=0),'Larger Data Sets'!$B$3:$B$8003) -> #N/A | K16: =IFERROR(J16," ") | L16: =COUNTIF($B$3:$B$8003,$J16) -> 0 | M16: =IF(L16>4,L16+1,FALSE) -> FALSE | O16: Bin size | P16: =(P4-P3)/P14+0.0000000000001 -> #DIV/0!
F17: =IF(B17="","",LOG10(D17)) | G17: =IF(E17="", "",0.434*E17/D17) | J17: =LOOKUP(2,1/(COUNTIF($J$4:J16,'Larger Data Sets'!$B$3:$B$8003)=0),'Larger Data Sets'!$B$3:$B$8003) -> #N/A | K17: =IFERROR(J17," ") | L17: =COUNTIF($B$3:$B$8003,$J17) -> 0 | M17: =IF(L17>4,L17+1,FALSE) -> FALSE
F18: =IF(B18="","",LOG10(D18)) | G18: =IF(E18="", "",0.434*E18/D18) | J18: =LOOKUP(2,1/(COUNTIF($J$4:J17,'Larger Data Sets'!$B$3:$B$8003)=0),'Larger Data Sets'!$B$3:$B$8003) -> #N/A | K18: =IFERROR(J18," ") | L18: =COUNTIF($B$3:$B$8003,$J18) -> 0 | M18: =IF(L18>4,L18+1,FALSE) -> FALSE
F19: =IF(B19="","",LOG10(D19)) | G19: =IF(E19="", "",0.434*E19/D19) | J19: =LOOKUP(2,1/(COUNTIF($J$4:J18,'Larger Data Sets'!$B$3:$B$8003)=0),'Larger Data Sets'!$B$3:$B$8003) -> #N/A | K19: =IFERROR(J19," ") | L19: =COUNTIF($B$3:$B$8003,$J19) -> 0 | M19: =IF(L19>4,L19+1,FALSE) -> FALSE
F20: =IF(B20="","",LOG10(D20)) | G20: =IF(E20="", "",0.434*E20/D20) | J20: =LOOKUP(2,1/(COUNTIF($J$4:J19,'Larger Data Sets'!$B$3:$B$8003)=0),'Larger Data Sets'!$B$3:$B$8003) -> #N/A | K20: =IFERROR(J20," ") | L20: =COUNTIF($B$3:$B$8003,$J20) -> 0 | M20: =IF(L20>4,L20+1,FALSE) -> FALSE
F21: =IF(B21="","",LOG10(D21)) | G21: =IF(E21="", "",0.434*E21/D21) | J21: =LOOKUP(2,1/(COUNTIF($J$4:J20,'Larger Data Sets'!$B$3:$B$8003)=0),'Larger Data Sets'!$B$3:$B$8003) -> #N/A | K21: =IFERROR(J21," ") | L21: =COUNTIF($B$3:$B$8003,$J21) -> 0 | M21: =IF(L21>4,L21+1,FALSE) -> FALSE
F22: =IF(B22="","",LOG10(D22)) | G22: =IF(E22="", "",0.434*E22/D22) | J22: =LOOKUP(2,1/(COUNTIF($J$4:J21,'Larger Data Sets'!$B$3:$B$8003)=0),'Larger Data Sets'!$B$3:$B$8003) -> #N/A | K22: =IFERROR(J22," ") | L22: =COUNTIF($B$3:$B$8003,$J22) -> 0 | M22: =IF(L22>4,L22+1,FALSE) -> FALSE
F23: =IF(B23="","",LOG10(D23)) | G23: =IF(E23="", "",0.434*E23/D23) | J23: =LOOKUP(2,1/(COUNTIF($J$4:J22,'Larger Data Sets'!$B$3:$B$8003)=0),'Larger Data Sets'!$B$3:$B$8003) -> #N/A | K23: =IFERROR(J23," ") | L23: =COUNTIF($B$3:$B$8003,$J23) -> 0 | M23: =IF(L23>4,L23+1,FALSE) -> FALSE
F24: =IF(B24="","",LOG10(D24)) | G24: =IF(E24="", "",0.434*E24/D24) | J24: =LOOKUP(2,1/(COUNTIF($J$4:J23,'Larger Data Sets'!$B$3:$B$8003)=0),'Larger Data Sets'!$B$3:$B$8003) -> #N/A | K24: =IFERROR(J24," ") | L24: =COUNTIF($B$3:$B$8003,$J24) -> 0 | M24: =IF(L24>4,L24+1,FALSE) -> FALSE
F25: =IF(B25="","",LOG10(D25)) | G25: =IF(E25="", "",0.434*E25/D25) | J25: =LOOKUP(2,1/(COUNTIF($J$4:J24,'Larger Data Sets'!$B$3:$B$8003)=0),'Larger Data Sets'!$B$3:$B$8003) -> #N/A | K25: =IFERROR(J25," ") | L25: =COUNTIF($B$3:$B$8003,$J25) -> 0 | M25: =IF(L25>4,L25+1,FALSE) -> FALSE
F26: =IF(B26="","",LOG10(D26)) | G26: =IF(E26="", "",0.434*E26/D26) | J26: =LOOKUP(2,1/(COUNTIF($J$4:J25,'Larger Data Sets'!$B$3:$B$8003)=0),'Larger Data Sets'!$B$3:$B$8003) -> #N/A | K26: =IFERROR(J26," ") | L26: =COUNTIF($B$3:$B$8003,$J26) -> 0 | M26: =IF(L26>4,L26+1,FALSE) -> FALSE
F27: =IF(B27="","",LOG10(D27)) | G27: =IF(E27="", "",0.434*E27/D27) | J27: =LOOKUP(2,1/(COUNTIF($J$4:J26,'Larger Data Sets'!$B$3:$B$8003)=0),'Larger Data Sets'!$B$3:$B$8003) -> #N/A | K27: =IFERROR(J27," ") | L27: =COUNTIF($B$3:$B$8003,$J27) -> 0 | M27: =IF(L27>4,L27+1,FALSE) -> FALSE
F28: =IF(B28="","",LOG10(D28)) | G28: =IF(E28="", "",0.434*E28/D28) | J28: =LOOKUP(2,1/(COUNTIF($J$4:J27,'Larger Data Sets'!$B$3:$B$8003)=0),'Larger Data Sets'!$B$3:$B$8003) -> #N/A | K28: =IFERROR(J28," ") | L28: =COUNTIF($B$3:$B$8003,$J28) -> 0 | M28: =IF(L28>4,L28+1,FALSE) -> FALSE
... F505: =IF(B505="","",LOG10(D505)) | G505: =IF(E505="", "",0.434*E505/D505) | J505: =LOOKUP(2,1/(COUNTIF($J$4:J504,'Larger Data Sets'!$B$3:$B$8003)=0),'Larger Data Sets'!$B$3:$B$8003) -> #N/A | K505: =IFERROR(J505," ") | L505: =COUNTIF($B$3:$B$8003,$J505) -> 0 | M505: =IF(L505>4,L505+1,FALSE) -> FALSE
F506: =IF(B506="","",LOG10(D506)) | G506: =IF(E506="", "",0.434*E506/D506) | M506: =IF(L506>4,L506+1,FALSE) -> FALSE
F507: =IF(B507="","",LOG10(D507)) | G507: =IF(E507="", "",0.434*E507/D507)
F508: =IF(B508="","",LOG10(D508)) | G508: =IF(E508="", "",0.434*E508/D508)
F509: =IF(B509="","",LOG10(D509)) | G509: =IF(E509="", "",0.434*E509/D509)
F510: =IF(B510="","",LOG10(D510)) | G510: =IF(E510="", "",0.434*E510/D510)
F511: =IF(B511="","",LOG10(D511)) | G511: =IF(E511="", "",0.434*E511/D511)
F512: =IF(B512="","",LOG10(D512)) | G512: =IF(E512="", "",0.434*E512/D512)
F513: =IF(B513="","",LOG10(D513)) | G513: =IF(E513="", "",0.434*E513/D513)
F514: =IF(B514="","",LOG10(D514)) | G514: =IF(E514="", "",0.434*E514/D514)
F515: =IF(B515="","",LOG10(D515)) | G515: =IF(E515="", "",0.434*E515/D515)
F516: =IF(B516="","",LOG10(D516)) | G516: =IF(E516="", "",0.434*E516/D516)
F517: =IF(B517="","",LOG10(D517)) | G517: =IF(E517="", "",0.434*E517/D517)
F518: =IF(B518="","",LOG10(D518)) | G518: =IF(E518="", "",0.434*E518/D518)
... F4003: =IF(B4003="","",LOG10(D4003)) | G4003: =IF(E4003="", "",0.434*E4003/D4003)
F4004: =IF(B4004="","",LOG10(D4004)) | G4004: =IF(E4004="", "",0.434*E4004/D4004) | H4004: end | I4004: end
F4005: =IF(B4005="","",LOG10(D4005)) | G4005: =IF(E4005="", "",0.434*E4005/D4005)
F4006: =IF(B4006="","",LOG10(D4006)) | G4006: =IF(E4006="", "",0.434*E4006/D4006)
F4007: =IF(B4007="","",LOG10(D4007)) | G4007: =IF(E4007="", "",0.434*E4007/D4007)
F4008: =IF(B4008="","",LOG10(D4008)) | G4008: =IF(E4008="", "",0.434*E4008/D4008)
F4009: =IF(B4009="","",LOG10(D4009)) | G4009: =IF(E4009="", "",0.434*E4009/D4009)
F4010: =IF(B4010="","",LOG10(D4010)) | G4010: =IF(E4010="", "",0.434*E4010/D4010)
F4011: =IF(B4011="","",LOG10(D4011)) | G4011: =IF(E4011="", "",0.434*E4011/D4011)
F4012: =IF(B4012="","",LOG10(D4012)) | G4012: =IF(E4012="", "",0.434*E4012/D4012)
F4013: =IF(B4013="","",LOG10(D4013)) | G4013: =IF(E4013="", "",0.434*E4013/D4013)
F4014: =IF(B4014="","",LOG10(D4014)) | G4014: =IF(E4014="", "",0.434*E4014/D4014)
F4015: =IF(B4015="","",LOG10(D4015)) | G4015: =IF(E4015="", "",0.434*E4015/D4015)
F4016: =IF(B4016="","",LOG10(D4016)) | G4016: =IF(E4016="", "",0.434*E4016/D4016)
... F8003: =IF(B8003="","",LOG10(D8003)) | G8003: =IF(E8003="", "",0.434*E8003/D8003)

Sheet Data Transformation
B1: Data | J1: Position Statistics | Q1: Bin determination | T1: Drop down menu options
B2: Position | C2: Data | D2: Error | E2: Log Data | F2: Error of Log Data | G2: Data to be analyzed | H2: Error to be analyzed | O2: Threshold
A3: WT | C3: =IF(ISNUMBER('Input and Summary Results'!$D$5),'Input and Summary Results'!$D$5,FALSE) -> FALSE | D3: =IF(ISNUMBER('Input and Summary Results'!$E$5),'Input and Summary Results'!$E$5,FALSE) -> FALSE | E3: =LOG10(C3) -> #NUM! | F3: =0.434*D4/C4 -> #DIV/0! | G3: =IF('Input and Summary Results'!$J$4="yes",'Data Transformation'!E3,'Data Transformation'!C3) -> #NUM! | H3: =IF('Input and Summary Results'!$J$4="yes",'Data Transformation'!F3,'Data Transformation'!D3) -> #DIV/0! | J3: Unique Distinct Positions | M3: Positions ordered | N3: Total# of Mutants | O3: # of variants | Q3: Minimum | R3: =MIN(G4:G404) -> 0 | T3: log scale?
A4: WT | B4: ='Input and Summary Results'!G$8 | C4: =IF(B4=0,FALSE,IF(ISNUMBER('Input and Summary Results'!$D$5),'Input and Summary Results'!$D$5,FALSE)) -> FALSE | D4: =IF(B4=0,FALSE,'Input and Summary Results'!$E$5) -> 0 | E4: =IF(C4=FALSE,FALSE,LOG10(C4)) -> FALSE | F4: =IF(D4=FALSE, FALSE,0.434*D4/C4) -> #DIV/0! | G4: =IF(B4=" ",FALSE,(IF('Input and Summary Results'!$J$4="yes",'Data Transformation'!E4,'Data Transformation'!C4))) -> FALSE | H4: =IF(B4=" ",FALSE,(IF('Input and Summary Results'!$J$4="yes",'Data Transformation'!F4,'Data Transformation'!D4))) -> FALSE | J4: all | M4: =J4 -> all | N4: =COUNTIF(B24:B404,">0")+COUNTIF(B4,">0") -> 0 | O4: =IF(N4>4,N4,FALSE) -> FALSE | Q4: Maximum | R4: =IF('Input and Summary Results'!J4="yes",MAX('Data Transformation'!E24:E404),MAX(C24:C404)) -> 0 | T4: yes
A5: WT | B5: ='Input and Summary Results'!$G9 | C5: =IF(B5=0,FALSE,IF(ISNUMBER('Input and Summary Results'!$D$5),'Input and Summary Results'!$D$5,FALSE)) -> FALSE | D5: =IF(B5=0,FALSE,'Input and Summary Results'!$E$5) -> 0 | E5: =IF(C5=FALSE,FALSE,LOG10(C5)) -> FALSE | F5: =IF(D5=FALSE, FALSE,0.434*D5/C5) -> #DIV/0! | G5: =IF(B5=" ",FALSE,(IF('Input and Summary Results'!$J$4="yes",'Data Transformation'!E5,'Data Transformation'!C5))) -> FALSE | H5: =IF(B5=" ",FALSE,(IF('Input and Summary Results'!$J$4="yes",'Data Transformation'!F5,'Data Transformation'!D5))) -> FALSE | J5: =LOOKUP(2,1/(COUNTIF($J$4:J4,'Input and Summary Results'!$B$7:$B$404)=0),'Input and Summary Results'!$B$7:$B$404) -> 0 | K5: =IFERROR(J5," ") -> 0 | N5: =COUNTIF($B$4:$B$404,$J5) -> 0 | O5: =IF(N5>4,N5,FALSE) -> FALSE | Q5: Wild Type | R5: =$G$3 -> #NUM! | T5: no
A6: WT | B6: ='Input and Summary Results'!$G10 | C6: =IF(B6=0,FALSE,IF(ISNUMBER('Input and Summary Results'!$D$5),'Input and Summary Results'!$D$5,FALSE)) -> FALSE | D6: =IF(B6=0,FALSE,'Input and Summary Results'!$E$5) -> 0 | E6: =IF(C6=FALSE,FALSE,LOG10(C6)) -> FALSE | F6: =IF(D6=FALSE, FALSE,0.434*D6/C6) -> #DIV/0! | G6: =IF(B6=" ",FALSE,(IF('Input and Summary Results'!$J$4="yes",'Data Transformation'!E6,'Data Transformation'!C6))) -> FALSE | H6: =IF(B6=" ",FALSE,(IF('Input and Summary Results'!$J$4="yes",'Data Transformation'!F6,'Data Transformation'!D6))) -> FALSE | J6: =LOOKUP(2,1/(COUNTIF($J$4:J5,'Input and Summary Results'!$B$7:$B$404)=0),'Input and Summary Results'!$B$7:$B$404) -> #N/A | K6: =IFERROR(J6," ") | L6: 1 | M6: =SMALL($K$6:$K$25,L6) -> #NUM! | N6: =COUNTIF($B$4:$B$404,$M6) -> 0 | O6: =IF(N6>4,N6,FALSE) -> FALSE | Q6: Dead | R6: =IF('Input and Summary Results'!J4="yes",LOG('Input and Summary Results'!J17,10),'Input and Summary Results'!J17) -> 0
A7: WT | B7: ='Input and Summary Results'!$G11 | C7: =IF(B7=0,FALSE,IF(ISNUMBER('Input and Summary Results'!$D$5),'Input and Summary Results'!$D$5,FALSE)) -> FALSE | D7: =IF(B7=0,FALSE,'Input and Summary Results'!$E$5) -> 0 | E7: =IF(C7=FALSE,FALSE,LOG10(C7)) -> FALSE | F7: =IF(D7=FALSE, FALSE,0.434*D7/C7) -> #DIV/0! | G7: =IF(B7=" ",FALSE,(IF('Input and Summary Results'!$J$4="yes",'Data Transformation'!E7,'Data Transformation'!C7))) -> FALSE | H7: =IF(B7=" ",FALSE,(IF('Input and Summary Results'!$J$4="yes",'Data Transformation'!F7,'Data Transformation'!D7))) -> FALSE | J7: =LOOKUP(2,1/(COUNTIF($J$4:J6,'Input and Summary Results'!$B$7:$B$404)=0),'Input and Summary Results'!$B$7:$B$404) -> #N/A | K7: =IFERROR(J7," ") | L7: 2 | M7: =SMALL($K$6:$K$25,L7) -> #NUM! | N7: =COUNTIF($B$4:$B$404,$M7) -> 0 | O7: =IF(N7>4,N7,FALSE) -> FALSE | T7: non fxnal value
A8: WT | B8: ='Input and Summary Results'!$G12 | C8: =IF(B8=0,FALSE,IF(ISNUMBER('Input and Summary Results'!$D$5),'Input and Summary Results'!$D$5,FALSE)) -> FALSE | D8: =IF(B8=0,FALSE,'Input and Summary Results'!$E$5) -> 0 | E8: =IF(C8=FALSE,FALSE,LOG10(C8)) -> FALSE | F8: =IF(D8=FALSE, FALSE,0.434*D8/C8) -> #DIV/0! | G8: =IF(B8=" ",FALSE,(IF('Input and Summary Results'!$J$4="yes",'Data Transformation'!E8,'Data Transformation'!C8))) -> FALSE | H8: =IF(B8=" ",FALSE,(IF('Input and Summary Results'!$J$4="yes",'Data Transformation'!F8,'Data Transformation'!D8))) -> FALSE | J8: =LOOKUP(2,1/(COUNTIF($J$4:J7,'Input and Summary Results'!$B$7:$B$404)=0),'Input and Summary Results'!$B$7:$B$404) -> #N/A | K8: =IFERROR(J8," ") | L8: 3 | M8: =SMALL($K$6:$K$25,L8) -> #NUM! | N8: =COUNTIF($B$4:$B$404,$M8) -> 0 | O8: =IF(N8>4,N8,FALSE) -> FALSE | Q8: Max/Min override | T8: minimum | U8: =IF('Input and Summary Results'!J4="yes",10^R9,R9) -> 1
A9: WT | B9: ='Input and Summary Results'!$G13 | C9: =IF(B9=0,FALSE,IF(ISNUMBER('Input and Summary Results'!$D$5),'Input and Summary Results'!$D$5,FALSE)) -> FALSE | D9: =IF(B9=0,FALSE,'Input and Summary Results'!$E$5) -> 0 | E9: =IF(C9=FALSE,FALSE,LOG10(C9)) -> FALSE | F9: =IF(D9=FALSE, FALSE,0.434*D9/C9) -> #DIV/0! | G9: =IF(B9=" ",FALSE,(IF('Input and Summary Results'!$J$4="yes",'Data Transformation'!E9,'Data Transformation'!C9))) -> FALSE | H9: =IF(B9=" ",FALSE,(IF('Input and Summary Results'!$J$4="yes",'Data Transformation'!F9,'Data Transformation'!D9))) -> FALSE | J9: =LOOKUP(2,1/(COUNTIF($J$4:J8,'Input and Summary Results'!$B$7:$B$404)=0),'Input and Summary Results'!$B$7:$B$404) -> #N/A | K9: =IFERROR(J9," ") | L9: 4 | M9: =SMALL($K$6:$K$25,L9) -> #NUM! | N9: =COUNTIF($B$4:$B$404,$M9) -> 0 | O9: =IF(N9>4,N9,FALSE) -> FALSE | Q9: Minimum | R9: =IF('Input and Summary Results'!J11="",'Data Transformation'!R3,IF('Input and Summary Results'!$J$4="yes",LOG('Input and Summary Results'!J11,10),'Input and Summary Results'!J11)) -> 0 | T9: maximum | U9: =IF('Input and Summary Results'!J4="yes",10^R10,R10) -> 1 | W9: 10% of range | X9: =(R10-R9)*0.1 -> 0
A10: WT | B10: ='Input and Summary Results'!$G14 | C10: =IF(B10=0,FALSE,IF(ISNUMBER('Input and Summary Results'!$D$5),'Input and Summary Results'!$D$5,FALSE)) -> FALSE | D10: =IF(B10=0,FALSE,'Input and Summary Results'!$E$5) -> 0 | E10: =IF(C10=FALSE,FALSE,LOG10(C10)) -> FALSE | F10: =IF(D10=FALSE, FALSE,0.434*D10/C10) -> #DIV/0! | G10: =IF(B10=" ",FALSE,(IF('Input and Summary Results'!$J$4="yes",'Data Transformation'!E10,'Data Transformation'!C10))) -> FALSE | H10: =IF(B10=" ",FALSE,(IF('Input and Summary Results'!$J$4="yes",'Data Transformation'!F10,'Data Transformation'!D10))) -> FALSE | J10: =LOOKUP(2,1/(COUNTIF($J$4:J9,'Input and Summary Results'!$B$7:$B$404)=0),'Input and Summary Results'!$B$7:$B$404) -> #N/A | K10: =IFERROR(J10," ") | L10: 5 | M10: =SMALL($K$6:$K$25,L10) -> #NUM! | N10: =COUNTIF($B$4:$B$404,$M10) -> 0 | O10: =IF(N10>4,N10,FALSE) -> FALSE | Q10: Maximum | R10: =IF('Input and Summary Results'!J12="",'Data Transformation'!R4,IF('Input and Summary Results'!$J$4="yes",LOG('Input and Summary Results'!J12,10),'Input and Summary Results'!J12)) -> 0
A11: WT | B11: ='Input and Summary Results'!$G15 | C11: =IF(B11=0,FALSE,IF(ISNUMBER('Input and Summary Results'!$D$5),'Input and Summary Results'!$D$5,FALSE)) -> FALSE | D11: =IF(B11=0,FALSE,'Input and Summary Results'!$E$5) -> 0 | E11: =IF(C11=FALSE,FALSE,LOG10(C11)) -> FALSE | F11: =IF(D11=FALSE, FALSE,0.434*D11/C11) -> #DIV/0! | G11: =IF(B11=" ",FALSE,(IF('Input and Summary Results'!$J$4="yes",'Data Transformation'!E11,'Data Transformation'!C11))) -> FALSE | H11: =IF(B11=" ",FALSE,(IF('Input and Summary Results'!$J$4="yes",'Data Transformation'!F11,'Data Transformation'!D11))) -> FALSE | J11: =LOOKUP(2,1/(COUNTIF($J$4:J10,'Input and Summary Results'!$B$7:$B$404)=0),'Input and Summary Results'!$B$7:$B$404) -> #N/A | K11: =IFERROR(J11," ") | L11: 6 | M11: =SMALL($K$6:$K$25,L11) -> #NUM! | N11: =COUNTIF($B$4:$B$404,$M11) -> 0 | O11: =IF(N11>4,N11,FALSE) -> FALSE | T11: Top WT boundary | U11: ='Data Transformation'!$G$3+0.5*'Data Transformation'!$U$25 -> #NUM!
A12: WT | B12: ='Input and Summary Results'!$G16 | C12: =IF(B12=0,FALSE,IF(ISNUMBER('Input and Summary Results'!$D$5),'Input and Summary Results'!$D$5,FALSE)) -> FALSE | D12: =IF(B12=0,FALSE,'Input and Summary Results'!$E$5) -> 0 | E12: =IF(C12=FALSE,FALSE,LOG10(C12)) -> FALSE | F12: =IF(D12=FALSE, FALSE,0.434*D12/C12) -> #DIV/0! | G12: =IF(B12=" ",FALSE,(IF('Input and Summary Results'!$J$4="yes",'Data Transformation'!E12,'Data Transformation'!C12))) -> FALSE | H12: =IF(B12=" ",FALSE,(IF('Input and Summary Results'!$J$4="yes",'Data Transformation'!F12,'Data Transformation'!D12))) -> FALSE | J12: =LOOKUP(2,1/(COUNTIF($J$4:J11,'Input and Summary Results'!$B$7:$B$404)=0),'Input and Summary Results'!$B$7:$B$404) -> #N/A | K12: =IFERROR(J12," ") | L12: 7 | M12: =SMALL($K$6:$K$25,L12) -> #NUM! | N12: =COUNTIF($B$4:$B$404,$M12) -> 0 | O12: =IF(N12>4,N12,FALSE) -> FALSE | T12: Bottom WT boundary | U12: =U11-U25 -> #NUM!
A13: WT | B13: ='Input and Summary Results'!$G17 | C13: =IF(B13=0,FALSE,IF(ISNUMBER('Input and Summary Results'!$D$5),'Input and Summary Results'!$D$5,FALSE)) -> FALSE | D13: =IF(B13=0,FALSE,'Input and Summary Results'!$E$5) -> 0 | E13: =IF(C13=FALSE,FALSE,LOG10(C13)) -> FALSE | F13: =IF(D13=FALSE, FALSE,0.434*D13/C13) -> #DIV/0! | G13: =IF(B13=" ",FALSE,(IF('Input and Summary Results'!$J$4="yes",'Data Transformation'!E13,'Data Transformation'!C13))) -> FALSE | H13: =IF(B13=" ",FALSE,(IF('Input and Summary Results'!$J$4="yes",'Data Transformation'!F13,'Data Transformation'!D13))) -> FALSE | J13: =LOOKUP(2,1/(COUNTIF($J$4:J12,'Input and Summary Results'!$B$7:$B$404)=0),'Input and Summary Results'!$B$7:$B$404) -> #N/A | K13: =IFERROR(J13," ") | L13: 8 | M13: =SMALL($K$6:$K$25,L13) -> #NUM! | N13: =COUNTIF($B$4:$B$404,$M13) -> 0 | O13: =IF(N13>4,N13,FALSE) -> FALSE
A14: WT | B14: ='Input and Summary Results'!$G18 | C14: =IF(B14=0,FALSE,IF(ISNUMBER('Input and Summary Results'!$D$5),'Input and Summary Results'!$D$5,FALSE)) -> FALSE | D14: =IF(B14=0,FALSE,'Input and Summary Results'!$E$5) -> 0 | E14: =IF(C14=FALSE,FALSE,LOG10(C14)) -> FALSE | F14: =IF(D14=FALSE, FALSE,0.434*D14/C14) -> #DIV/0! | G14: =IF(B14=" ",FALSE,(IF('Input and Summary Results'!$J$4="yes",'Data Transformation'!E14,'Data Transformation'!C14))) -> FALSE | H14: =IF(B14=" ",FALSE,(IF('Input and Summary Results'!$J$4="yes",'Data Transformation'!F14,'Data Transformation'!D14))) -> FALSE | J14: =LOOKUP(2,1/(COUNTIF($J$4:J13,'Input and Summary Results'!$B$7:$B$404)=0),'Input and Summary Results'!$B$7:$B$404) -> #N/A | K14: =IFERROR(J14," ") | L14: 9 | M14: =SMALL($K$6:$K$25,L14) -> #NUM! | N14: =COUNTIF($B$4:$B$404,$M14) -> 0 | O14: =IF(N14>4,N14,FALSE) -> FALSE | Q14: Mean error | R14: =_xlfn.AGGREGATE(1,6,H3,H24:H404) -> #DIV/0!
A15: WT | B15: ='Input and Summary Results'!$G19 | C15: =IF(B15=0,FALSE,IF(ISNUMBER('Input and Summary Results'!$D$5),'Input and Summary Results'!$D$5,FALSE)) -> FALSE | D15: =IF(B15=0,FALSE,'Input and Summary Results'!$E$5) -> 0 | E15: =IF(C15=FALSE,FALSE,LOG10(C15)) -> FALSE | F15: =IF(D15=FALSE, FALSE,0.434*D15/C15) -> #DIV/0! | G15: =IF(B15=" ",FALSE,(IF('Input and Summary Results'!$J$4="yes",'Data Transformation'!E15,'Data Transformation'!C15))) -> FALSE | H15: =IF(B15=" ",FALSE,(IF('Input and Summary Results'!$J$4="yes",'Data Transformation'!F15,'Data Transformation'!D15))) -> FALSE | J15: =LOOKUP(2,1/(COUNTIF($J$4:J14,'Input and Summary Results'!$B$7:$B$404)=0),'Input and Summary Results'!$B$7:$B$404) -> #N/A | K15: =IFERROR(J15," ") | L15: 10 | M15: =SMALL($K$6:$K$25,L15) -> #NUM! | N15: =COUNTIF($B$4:$B$404,$M15) -> 0 | O15: =IF(N15>4,N15,FALSE) -> FALSE | Q15: Error for calculations | R15: =IF('Input and Summary Results'!J19="",'Data Transformation'!R14,(IF('Input and Summary Results'!J4="yes",'Input and Summary Results'!J19*0.434/C3,'Input and Summary Results'!J19))) -> #DIV/0!
A16: WT | B16: ='Input and Summary Results'!$G20 | C16: =IF(B16=0,FALSE,IF(ISNUMBER('Input and Summary Results'!$D$5),'Input and Summary Results'!$D$5,FALSE)) -> FALSE | D16: =IF(B16=0,FALSE,'Input and Summary Results'!$E$5) -> 0 | E16: =IF(C16=FALSE,FALSE,LOG10(C16)) -> FALSE | F16: =IF(D16=FALSE, FALSE,0.434*D16/C16) -> #DIV/0! | G16: =IF(B16=" ",FALSE,(IF('Input and Summary Results'!$J$4="yes",'Data Transformation'!E16,'Data Transformation'!C16))) -> FALSE | H16: =IF(B16=" ",FALSE,(IF('Input and Summary Results'!$J$4="yes",'Data Transformation'!F16,'Data Transformation'!D16))) -> FALSE | J16: =LOOKUP(2,1/(COUNTIF($J$4:J15,'Input and Summary Results'!$B$7:$B$404)=0),'Input and Summary Results'!$B$7:$B$404) -> #N/A | K16: =IFERROR(J16," ") | L16: 11 | M16: =SMALL($K$6:$K$25,L16) -> #NUM! | N16: =COUNTIF($B$4:$B$404,$M16) -> 0 | O16: =IF(N16>4,N16,FALSE) -> FALSE | Q16: 2 sigma error | R16: =R15*2 -> #DIV/0!
A17: WT | B17: ='Input and Summary Results'!$G21 | C17: =IF(B17=0,FALSE,IF(ISNUMBER('Input and Summary Results'!$D$5),'Input and Summary Results'!$D$5,FALSE)) -> FALSE | D17: =IF(B17=0,FALSE,'Input and Summary Results'!$E$5) -> 0 | E17: =IF(C17=FALSE,FALSE,LOG10(C17)) -> FALSE | F17: =IF(D17=FALSE, FALSE,0.434*D17/C17) -> #DIV/0! | G17: =IF(B17=" ",FALSE,(IF('Input and Summary Results'!$J$4="yes",'Data Transformation'!E17,'Data Transformation'!C17))) -> FALSE | H17: =IF(B17=" ",FALSE,(IF('Input and Summary Results'!$J$4="yes",'Data Transformation'!F17,'Data Transformation'!D17))) -> FALSE | J17: =LOOKUP(2,1/(COUNTIF($J$4:J16,'Input and Summary Results'!$B$7:$B$404)=0),'Input and Summary Results'!$B$7:$B$404) -> #N/A | K17: =IFERROR(J17," ") | L17: 12 | M17: =SMALL($K$6:$K$25,L17) -> #NUM! | N17: =COUNTIF($B$4:$B$404,$M17) -> 0 | O17: =IF(N17>4,N17,FALSE) -> FALSE
A18: WT | B18: ='Input and Summary Results'!$G22 | C18: =IF(B18=0,FALSE,IF(ISNUMBER('Input and Summary Results'!$D$5),'Input and Summary Results'!$D$5,FALSE)) -> FALSE | D18: =IF(B18=0,FALSE,'Input and Summary Results'!$E$5) -> 0 | E18: =IF(C18=FALSE,FALSE,LOG10(C18)) -> FALSE | F18: =IF(D18=FALSE, FALSE,0.434*D18/C18) -> #DIV/0! | G18: =IF(B18=" ",FALSE,(IF('Input and Summary Results'!$J$4="yes",'Data Transformation'!E18,'Data Transformation'!C18))) -> FALSE | H18: =IF(B18=" ",FALSE,(IF('Input and Summary Results'!$J$4="yes",'Data Transformation'!F18,'Data Transformation'!D18))) -> FALSE | J18: =LOOKUP(2,1/(COUNTIF($J$4:J17,'Input and Summary Results'!$B$7:$B$404)=0),'Input and Summary Results'!$B$7:$B$404) -> #N/A | K18: =IFERROR(J18," ") | L18: 13 | M18: =SMALL($K$6:$K$25,L18) -> #NUM! | N18: =COUNTIF($B$4:$B$404,$M18) -> 0 | O18: =IF(N18>4,N18,FALSE) -> FALSE | Q18: # of bins
A19: WT | B19: ='Input and Summary Results'!$G23 | C19: =IF(B19=0,FALSE,IF(ISNUMBER('Input and Summary Results'!$D$5),'Input and Summary Results'!$D$5,FALSE)) -> FALSE | D19: =IF(B19=0,FALSE,'Input and Summary Results'!$E$5) -> 0 | E19: =IF(C19=FALSE,FALSE,LOG10(C19)) -> FALSE | F19: =IF(D19=FALSE, FALSE,0.434*D19/C19) -> #DIV/0! | G19: =IF(B19=" ",FALSE,(IF('Input and Summary Results'!$J$4="yes",'Data Transformation'!E19,'Data Transformation'!C19))) -> FALSE | H19: =IF(B19=" ",FALSE,(IF('Input and Summary Results'!$J$4="yes",'Data Transformation'!F19,'Data Transformation'!D19))) -> FALSE | J19: =LOOKUP(2,1/(COUNTIF($J$4:J18,'Input and Summary Results'!$B$7:$B$404)=0),'Input and Summary Results'!$B$7:$B$404) -> #N/A | K19: =IFERROR(J19," ") | L19: 14 | M19: =SMALL($K$6:$K$25,L19) -> #NUM! | N19: =COUNTIF($B$4:$B$404,$M19) -> 0 | O19: =IF(N19>4,N19,FALSE) -> FALSE | Q19: Error based | R19: =(R10-R9)/R16 -> #DIV/0!
A20: WT | B20: ='Input and Summary Results'!$G24 | C20: =IF(B20=0,FALSE,IF(ISNUMBER('Input and Summary Results'!$D$5),'Input and Summary Results'!$D$5,FALSE)) -> FALSE | D20: =IF(B20=0,FALSE,'Input and Summary Results'!$E$5) -> 0 | E20: =IF(C20=FALSE,FALSE,LOG10(C20)) -> FALSE | F20: =IF(D20=FALSE, FALSE,0.434*D20/C20) -> #DIV/0! | G20: =IF(B20=" ",FALSE,(IF('Input and Summary Results'!$J$4="yes",'Data Transformation'!E20,'Data Transformation'!C20))) -> FALSE | H20: =IF(B20=" ",FALSE,(IF('Input and Summary Results'!$J$4="yes",'Data Transformation'!F20,'Data Transformation'!D20))) -> FALSE | J20: =LOOKUP(2,1/(COUNTIF($J$4:J19,'Input and Summary Results'!$B$7:$B$404)=0),'Input and Summary Results'!$B$7:$B$404) -> #N/A | K20: =IFERROR(J20," ") | L20: 15 | M20: =SMALL($K$6:$K$25,L20) -> #NUM! | N20: =COUNTIF($B$4:$B$404,$M20) -> 0 | O20: =IF(N20>4,N20,FALSE) -> FALSE | Q20: Mean | R20: =AVERAGE(O5:O24) -> #DIV/0!
A21: WT | B21: ='Input and Summary Results'!$G25 | C21: =IF(B21=0,FALSE,IF(ISNUMBER('Input and Summary Results'!$D$5),'Input and Summary Results'!$D$5,FALSE)) -> FALSE | D21: =IF(B21=0,FALSE,'Input and Summary Results'!$E$5) -> 0 | E21: =IF(C21=FALSE,FALSE,LOG10(C21)) -> FALSE | F21: =IF(D21=FALSE, FALSE,0.434*D21/C21) -> #DIV/0! | G21: =IF(B21=" ",FALSE,(IF('Input and Summary Results'!$J$4="yes",'Data Transformation'!E21,'Data Transformation'!C21))) -> FALSE | H21: =IF(B21=" ",FALSE,(IF('Input and Summary Results'!$J$4="yes",'Data Transformation'!F21,'Data Transformation'!D21))) -> FALSE | J21: =LOOKUP(2,1/(COUNTIF($J$4:J20,'Input and Summary Results'!$B$7:$B$404)=0),'Input and Summary Results'!$B$7:$B$404) -> #N/A | K21: =IFERROR(J21," ") | L21: 16 | M21: =SMALL($K$6:$K$25,L21) -> #NUM! | N21: =COUNTIF($B$4:$B$404,$M21) -> 0 | O21: =IF(N21>4,N21,FALSE) -> FALSE | Q21: Median | R21: =MEDIAN(O5:O24) -> #NUM!
A22: WT | B22: ='Input and Summary Results'!$G26 | C22: =IF(B22=0,FALSE,IF(ISNUMBER('Input and Summary Results'!$D$5),'Input and Summary Results'!$D$5,FALSE)) -> FALSE | D22: =IF(B22=0,FALSE,'Input and Summary Results'!$E$5) -> 0 | E22: =IF(C22=FALSE,FALSE,LOG10(C22)) -> FALSE | F22: =IF(D22=FALSE, FALSE,0.434*D22/C22) -> #DIV/0! | G22: =IF(B22=" ",FALSE,(IF('Input and Summary Results'!$J$4="yes",'Data Transformation'!E22,'Data Transformation'!C22))) -> FALSE | H22: =IF(B22=" ",FALSE,(IF('Input and Summary Results'!$J$4="yes",'Data Transformation'!F22,'Data Transformation'!D22))) -> FALSE | J22: =LOOKUP(2,1/(COUNTIF($J$4:J21,'Input and Summary Results'!$B$7:$B$404)=0),'Input and Summary Results'!$B$7:$B$404) -> #N/A | K22: =IFERROR(J22," ") | L22: 17 | M22: =SMALL($K$6:$K$25,L22) -> #NUM! | N22: =COUNTIF($B$4:$B$404,$M22) -> 0 | O22: =IF(N22>4,N22,FALSE) -> FALSE
A23: WT | B23: ='Input and Summary Results'!$G27 | C23: =IF(B23=0,FALSE,IF(ISNUMBER('Input and Summary Results'!$D$5),'Input and Summary Results'!$D$5,FALSE)) -> FALSE | D23: =IF(B23=0,FALSE,'Input and Summary Results'!$E$5) -> 0 | E23: =IF(C23=FALSE,FALSE,LOG10(C23)) -> FALSE | F23: =IF(D23=FALSE, FALSE,0.434*D23/C23) -> #DIV/0! | G23: =IF(B23=" ",FALSE,(IF('Input and Summary Results'!$J$4="yes",'Data Transformation'!E23,'Data Transformation'!C23))) -> FALSE | H23: =IF(B23=" ",FALSE,(IF('Input and Summary Results'!$J$4="yes",'Data Transformation'!F23,'Data Transformation'!D23))) -> FALSE | J23: =LOOKUP(2,1/(COUNTIF($J$4:J22,'Input and Summary Results'!$B$7:$B$404)=0),'Input and Summary Results'!$B$7:$B$404) -> #N/A | K23: =IFERROR(J23," ") | L23: 18 | M23: =SMALL($K$6:$K$25,L23) -> #NUM! | N23: =COUNTIF($B$4:$B$404,$M23) -> 0 | O23: =IF(N23>4,N23,FALSE) -> FALSE | Q23: Bin Recommendation | R23: =ROUNDDOWN(MIN(R19:R21),0) -> #DIV/0!
B24: =IF('Input and Summary Results'!D7="",FALSE,'Input and Summary Results'!$B7) -> FALSE | C24: =IF(OR(B24=0,'Input and Summary Results'!D7=0,'Input and Summary Results'!D7=""),FALSE,'Input and Summary Results'!$D7) -> FALSE | D24: =IF(OR(B24=0,'Input and Summary Results'!E7=0),FALSE,'Input and Summary Results'!$E7) -> FALSE | E24: =IF(C24=FALSE,FALSE,LOG10(C24)) -> FALSE | F24: =IF(D24=FALSE, FALSE,0.434*D24/C24) -> FALSE | G24: =IF('Input and Summary Results'!$J$4="yes",IF(C24=FALSE,FALSE,IF(E24<$R$10,'Data Transformation'!E24,$R$10)),IF(C24=FALSE,FALSE,IF('Data Transformation'!C24<$R$10,C24,$R$10))) -> FALSE | H24: =IF('Input and Summary Results'!$J$4="yes",'Data Transformation'!F24,'Data Transformation'!D24) -> FALSE | J24: =LOOKUP(2,1/(COUNTIF($J$4:J23,'Input and Summary Results'!$B$7:$B$404)=0),'Input and Summary Results'!$B$7:$B$404) -> #N/A | K24: =IFERROR(J24," ") | L24: 19 | M24: =SMALL($K$6:$K$25,L24) -> #NUM! | N24: =COUNTIF($B$4:$B$404,$M24) -> 0 | O24: =IF(N24>4,N24,FALSE) -> FALSE | Q24: Bin override | R24: =IF('Input and Summary Results'!J23>0,(ROUNDDOWN('Input and Summary Results'!J23,0)),'Data Transformation'!R23) -> #DIV/0!
B25: =IF('Input and Summary Results'!D8="",FALSE,'Input and Summary Results'!$B8) -> FALSE | C25: =IF(OR(B25=0,'Input and Summary Results'!D8=0,'Input and Summary Results'!D8=""),FALSE,'Input and Summary Results'!$D8) -> FALSE | D25: =IF(OR(B25=0,'Input and Summary Results'!E8=0),FALSE,'Input and Summary Results'!$E8) -> FALSE | E25: =IF(C25=FALSE,FALSE,LOG10(C25)) -> FALSE | F25: =IF(D25=FALSE, FALSE,0.434*D25/C25) -> FALSE | G25: =IF('Input and Summary Results'!$J$4="yes",IF(C25=FALSE,FALSE,IF(E25<$R$10,'Data Transformation'!E25,$R$10)),IF(C25=FALSE,FALSE,IF('Data Transformation'!C25<$R$10,C25,$R$10))) -> FALSE | H25: =IF('Input and Summary Results'!$J$4="yes",'Data Transformation'!F25,'Data Transformation'!D25) -> FALSE | J25: =LOOKUP(2,1/(COUNTIF($J$4:J24,'Input and Summary Results'!$B$7:$B$404)=0),'Input and Summary Results'!$B$7:$B$404) -> #N/A | K25: =IFERROR(J25," ") | L25: 20 | M25: =SMALL($K$6:$K$25,L25) -> #NUM! | N25: =COUNTIF($B$4:$B$404,$M25) -> 0 | O25: =IF(N25>4,N25,FALSE) -> FALSE | Q25: Bin size | R25: =(R10-R9)/R24 -> #DIV/0! | T25: Bin override. If non 2x bin size | U25: =IF(ISNUMBER('Input and Summary Results'!J27),'Input and Summary Results'!J27,IF(OR(ISNUMBER('Input and Summary Results'!E5),ISNUMBER('Input and Summary Results'!J19),),'Data Transformation'!W25*4,'Data Transformation'!U26)) -> #DIV/0! | V25: Neutral bin if no override | W25: =IF(ISNUMBER('Input and Summary Results'!J19),'Data Transformation'!R15,IF(ISNUMBER('Input and Summary Results'!E5),'Data Transformation'!H3,)) -> 0
B26: =IF('Input and Summary Results'!D9="",FALSE,'Input and Summary Results'!$B9) -> FALSE | C26: =IF(OR(B26=0,'Input and Summary Results'!D9=0,'Input and Summary Results'!D9=""),FALSE,'Input and Summary Results'!$D9) -> FALSE | D26: =IF(OR(B26=0,'Input and Summary Results'!E9=0),FALSE,'Input and Summary Results'!$E9) -> FALSE | E26: =IF(C26=FALSE,FALSE,LOG10(C26)) -> FALSE | F26: =IF(D26=FALSE, FALSE,0.434*D26/C26) -> FALSE | G26: =IF('Input and Summary Results'!$J$4="yes",IF(C26=FALSE,FALSE,IF(E26<$R$10,'Data Transformation'!E26,$R$10)),IF(C26=FALSE,FALSE,IF('Data Transformation'!C26<$R$10,C26,$R$10))) -> FALSE | H26: =IF('Input and Summary Results'!$J$4="yes",'Data Transformation'!F26,'Data Transformation'!D26) -> FALSE | J26: Sum of mutants | N26: =SUM(N5:N25) -> 0 | Q26: Bin size (not logged) | R26: =10^R25 -> #DIV/0! | T26: Times 2 bin size | U26: =R25*2 -> #DIV/0!
B27: =IF('Input and Summary Results'!D10="",FALSE,'Input and Summary Results'!$B10) -> FALSE | C27: =IF(OR(B27=0,'Input and Summary Results'!D10=0,'Input and Summary Results'!D10=""),FALSE,'Input and Summary Results'!$D10) -> FALSE | D27: =IF(OR(B27=0,'Input and Summary Results'!E10=0),FALSE,'Input and Summary Results'!$E10) -> FALSE | E27: =IF(C27=FALSE,FALSE,LOG10(C27)) -> FALSE | F27: =IF(D27=FALSE, FALSE,0.434*D27/C27) -> FALSE | G27: =IF('Input and Summary Results'!$J$4="yes",IF(C27=FALSE,FALSE,IF(E27<$R$10,'Data Transformation'!E27,$R$10)),IF(C27=FALSE,FALSE,IF('Data Transformation'!C27<$R$10,C27,$R$10))) -> FALSE | H27: =IF('Input and Summary Results'!$J$4="yes",'Data Transformation'!F27,'Data Transformation'!D27) -> FALSE
B28: =IF('Input and Summary Results'!D11="",FALSE,'Input and Summary Results'!$B11) -> FALSE | C28: =IF(OR(B28=0,'Input and Summary Results'!D11=0,'Input and Summary Results'!D11=""),FALSE,'Input and Summary Results'!$D11) -> FALSE | D28: =IF(OR(B28=0,'Input and Summary Results'!E11=0),FALSE,'Input and Summary Results'!$E11) -> FALSE | E28: =IF(C28=FALSE,FALSE,LOG10(C28)) -> FALSE | F28: =IF(D28=FALSE, FALSE,0.434*D28/C28) -> FALSE | G28: =IF('Input and Summary Results'!$J$4="yes",IF(C28=FALSE,FALSE,IF(E28<$R$10,'Data Transformation'!E28,$R$10)),IF(C28=FALSE,FALSE,IF('Data Transformation'!C28<$R$10,C28,$R$10))) -> FALSE | H28: =IF('Input and Summary Results'!$J$4="yes",'Data Transformation'!F28,'Data Transformation'!D28) -> FALSE | Q28: Rheostat assignment | R28: =IF(ISNUMBER('Input and Summary Results'!J36),'Input and Summary Results'!J36,'Input and Summary Results'!J37) -> 0.5
B29: =IF('Input and Summary Results'!D12="",FALSE,'Input and Summary Results'!$B12) -> FALSE | C29: =IF(OR(B29=0,'Input and Summary Results'!D12=0,'Input and Summary Results'!D12=""),FALSE,'Input and Summary Results'!$D12) -> FALSE | D29: =IF(OR(B29=0,'Input and Summary Results'!E12=0),FALSE,'Input and Summary Results'!$E12) -> FALSE | E29: =IF(C29=FALSE,FALSE,LOG10(C29)) -> FALSE | F29: =IF(D29=FALSE, FALSE,0.434*D29/C29) -> FALSE | G29: =IF('Input and Summary Results'!$J$4="yes",IF(C29=FALSE,FALSE,IF(E29<$R$10,'Data Transformation'!E29,$R$10)),IF(C29=FALSE,FALSE,IF('Data Transformation'!C29<$R$10,C29,$R$10))) -> FALSE | H29: =IF('Input and Summary Results'!$J$4="yes",'Data Transformation'!F29,'Data Transformation'!D29) -> FALSE | Q29: Neutral assignment | R29: =IF(ISNUMBER('Input and Summary Results'!J33),'Input and Summary Results'!J33,'Input and Summary Results'!J34) -> 0.7
B30: =IF('Input and Summary Results'!D13="",FALSE,'Input and Summary Results'!$B13) -> FALSE | C30: =IF(OR(B30=0,'Input and Summary Results'!D13=0,'Input and Summary Results'!D13=""),FALSE,'Input and Summary Results'!$D13) -> FALSE | D30: =IF(OR(B30=0,'Input and Summary Results'!E13=0),FALSE,'Input and Summary Results'!$E13) -> FALSE | E30: =IF(C30=FALSE,FALSE,LOG10(C30)) -> FALSE | F30: =IF(D30=FALSE, FALSE,0.434*D30/C30) -> FALSE | G30: =IF('Input and Summary Results'!$J$4="yes",IF(C30=FALSE,FALSE,IF(E30<$R$10,'Data Transformation'!E30,$R$10)),IF(C30=FALSE,FALSE,IF('Data Transformation'!C30<$R$10,C30,$R$10))) -> FALSE | H30: =IF('Input and Summary Results'!$J$4="yes",'Data Transformation'!F30,'Data Transformation'!D30) -> FALSE | Q30: Toggle assignment | R30: =IF(ISNUMBER('Input and Summary Results'!J39),'Input and Summary Results'!J39,'Input and Summary Results'!J40) -> 0.64
B31: =IF('Input and Summary Results'!D14="",FALSE,'Input and Summary Results'!$B14) -> FALSE | C31: =IF(OR(B31=0,'Input and Summary Results'!D14=0,'Input and Summary Results'!D14=""),FALSE,'Input and Summary Results'!$D14) -> FALSE | D31: =IF(OR(B31=0,'Input and Summary Results'!E14=0),FALSE,'Input and Summary Results'!$E14) -> FALSE | E31: =IF(C31=FALSE,FALSE,LOG10(C31)) -> FALSE | F31: =IF(D31=FALSE, FALSE,0.434*D31/C31) -> FALSE | G31: =IF('Input and Summary Results'!$J$4="yes",IF(C31=FALSE,FALSE,IF(E31<$R$10,'Data Transformation'!E31,$R$10)),IF(C31=FALSE,FALSE,IF('Data Transformation'!C31<$R$10,C31,$R$10))) -> FALSE | H31: =IF('Input and Summary Results'!$J$4="yes",'Data Transformation'!F31,'Data Transformation'!D31) -> FALSE | Q31: Enhancing assignment | R31: =IF(ISNUMBER('Input and Summary Results'!J30),'Input and Summary Results'!J30,'Input and Summary Results'!J31) -> 0.8
B32: =IF('Input and Summary Results'!D15="",FALSE,'Input and Summary Results'!$B15) -> FALSE | C32: =IF(OR(B32=0,'Input and Summary Results'!D15=0,'Input and Summary Results'!D15=""),FALSE,'Input and Summary Results'!$D15) -> FALSE | D32: =IF(OR(B32=0,'Input and Summary Results'!E15=0),FALSE,'Input and Summary Results'!$E15) -> FALSE | E32: =IF(C32=FALSE,FALSE,LOG10(C32)) -> FALSE | F32: =IF(D32=FALSE, FALSE,0.434*D32/C32) -> FALSE | G32: =IF('Input and Summary Results'!$J$4="yes",IF(C32=FALSE,FALSE,IF(E32<$R$10,'Data Transformation'!E32,$R$10)),IF(C32=FALSE,FALSE,IF('Data Transformation'!C32<$R$10,C32,$R$10))) -> FALSE | H32: =IF('Input and Summary Results'!$J$4="yes",'Data Transformation'!F32,'Data Transformation'!D32) -> FALSE
B33: =IF('Input and Summary Results'!D16="",FALSE,'Input and Summary Results'!$B16) -> FALSE | C33: =IF(OR(B33=0,'Input and Summary Results'!D16=0,'Input and Summary Results'!D16=""),FALSE,'Input and Summary Results'!$D16) -> FALSE | D33: =IF(OR(B33=0,'Input and Summary Results'!E16=0),FALSE,'Input and Summary Results'!$E16) -> FALSE | E33: =IF(C33=FALSE,FALSE,LOG10(C33)) -> FALSE | F33: =IF(D33=FALSE, FALSE,0.434*D33/C33) -> FALSE | G33: =IF('Input and Summary Results'!$J$4="yes",IF(C33=FALSE,FALSE,IF(E33<$R$10,'Data Transformation'!E33,$R$10)),IF(C33=FALSE,FALSE,IF('Data Transformation'!C33<$R$10,C33,$R$10))) -> FALSE | H33: =IF('Input and Summary Results'!$J$4="yes",'Data Transformation'!F33,'Data Transformation'!D33) -> FALSE
B34: =IF('Input and Summary Results'!D17="",FALSE,'Input and Summary Results'!$B17) -> FALSE | C34: =IF(OR(B34=0,'Input and Summary Results'!D17=0,'Input and Summary Results'!D17=""),FALSE,'Input and Summary Results'!$D17) -> FALSE | D34: =IF(OR(B34=0,'Input and Summary Results'!E17=0),FALSE,'Input and Summary Results'!$E17) -> FALSE | E34: =IF(C34=FALSE,FALSE,LOG10(C34)) -> FALSE | F34: =IF(D34=FALSE, FALSE,0.434*D34/C34) -> FALSE | G34: =IF('Input and Summary Results'!$J$4="yes",IF(C34=FALSE,FALSE,IF(E34<$R$10,'Data Transformation'!E34,$R$10)),IF(C34=FALSE,FALSE,IF('Data Transformation'!C34<$R$10,C34,$R$10))) -> FALSE | H34: =IF('Input and Summary Results'!$J$4="yes",'Data Transformation'!F34,'Data Transformation'!D34) -> FALSE
B35: =IF('Input and Summary Results'!D18="",FALSE,'Input and Summary Results'!$B18) -> FALSE | C35: =IF(OR(B35=0,'Input and Summary Results'!D18=0,'Input and Summary Results'!D18=""),FALSE,'Input and Summary Results'!$D18) -> FALSE | D35: =IF(OR(B35=0,'Input and Summary Results'!E18=0),FALSE,'Input and Summary Results'!$E18) -> FALSE | E35: =IF(C35=FALSE,FALSE,LOG10(C35)) -> FALSE | F35: =IF(D35=FALSE, FALSE,0.434*D35/C35) -> FALSE | G35: =IF('Input and Summary Results'!$J$4="yes",IF(C35=FALSE,FALSE,IF(E35<$R$10,'Data Transformation'!E35,$R$10)),IF(C35=FALSE,FALSE,IF('Data Transformation'!C35<$R$10,C35,$R$10))) -> FALSE | H35: =IF('Input and Summary Results'!$J$4="yes",'Data Transformation'!F35,'Data Transformation'!D35) -> FALSE
B36: =IF('Input and Summary Results'!D19="",FALSE,'Input and Summary Results'!$B19) -> FALSE | C36: =IF(OR(B36=0,'Input and Summary Results'!D19=0,'Input and Summary Results'!D19=""),FALSE,'Input and Summary Results'!$D19) -> FALSE | D36: =IF(OR(B36=0,'Input and Summary Results'!E19=0),FALSE,'Input and Summary Results'!$E19) -> FALSE | E36: =IF(C36=FALSE,FALSE,LOG10(C36)) -> FALSE | F36: =IF(D36=FALSE, FALSE,0.434*D36/C36) -> FALSE | G36: =IF('Input and Summary Results'!$J$4="yes",IF(C36=FALSE,FALSE,IF(E36<$R$10,'Data Transformation'!E36,$R$10)),IF(C36=FALSE,FALSE,IF('Data Transformation'!C36<$R$10,C36,$R$10))) -> FALSE | H36: =IF('Input and Summary Results'!$J$4="yes",'Data Transformation'!F36,'Data Transformation'!D36) -> FALSE
B37: =IF('Input and Summary Results'!D20="",FALSE,'Input and Summary Results'!$B20) -> FALSE | C37: =IF(OR(B37=0,'Input and Summary Results'!D20=0,'Input and Summary Results'!D20=""),FALSE,'Input and Summary Results'!$D20) -> FALSE | D37: =IF(OR(B37=0,'Input and Summary Results'!E20=0),FALSE,'Input and Summary Results'!$E20) -> FALSE | E37: =IF(C37=FALSE,FALSE,LOG10(C37)) -> FALSE | F37: =IF(D37=FALSE, FALSE,0.434*D37/C37) -> FALSE | G37: =IF('Input and Summary Results'!$J$4="yes",IF(C37=FALSE,FALSE,IF(E37<$R$10,'Data Transformation'!E37,$R$10)),IF(C37=FALSE,FALSE,IF('Data Transformation'!C37<$R$10,C37,$R$10))) -> FALSE | H37: =IF('Input and Summary Results'!$J$4="yes",'Data Transformation'!F37,'Data Transformation'!D37) -> FALSE
B38: =IF('Input and Summary Results'!D21="",FALSE,'Input and Summary Results'!$B21) -> FALSE | C38: =IF(OR(B38=0,'Input and Summary Results'!D21=0,'Input and Summary Results'!D21=""),FALSE,'Input and Summary Results'!$D21) -> FALSE | D38: =IF(OR(B38=0,'Input and Summary Results'!E21=0),FALSE,'Input and Summary Results'!$E21) -> FALSE | E38: =IF(C38=FALSE,FALSE,LOG10(C38)) -> FALSE | F38: =IF(D38=FALSE, FALSE,0.434*D38/C38) -> FALSE | G38: =IF('Input and Summary Results'!$J$4="yes",IF(C38=FALSE,FALSE,IF(E38<$R$10,'Data Transformation'!E38,$R$10)),IF(C38=FALSE,FALSE,IF('Data Transformation'!C38<$R$10,C38,$R$10))) -> FALSE | H38: =IF('Input and Summary Results'!$J$4="yes",'Data Transformation'!F38,'Data Transformation'!D38) -> FALSE
B39: =IF('Input and Summary Results'!D22="",FALSE,'Input and Summary Results'!$B22) -> FALSE | C39: =IF(OR(B39=0,'Input and Summary Results'!D22=0,'Input and Summary Results'!D22=""),FALSE,'Input and Summary Results'!$D22) -> FALSE | D39: =IF(OR(B39=0,'Input and Summary Results'!E22=0),FALSE,'Input and Summary Results'!$E22) -> FALSE | E39: =IF(C39=FALSE,FALSE,LOG10(C39)) -> FALSE | F39: =IF(D39=FALSE, FALSE,0.434*D39/C39) -> FALSE | G39: =IF('Input and Summary Results'!$J$4="yes",IF(C39=FALSE,FALSE,IF(E39<$R$10,'Data Transformation'!E39,$R$10)),IF(C39=FALSE,FALSE,IF('Data Transformation'!C39<$R$10,C39,$R$10))) -> FALSE | H39: =IF('Input and Summary Results'!$J$4="yes",'Data Transformation'!F39,'Data Transformation'!D39) -> FALSE
B40: =IF('Input and Summary Results'!D23="",FALSE,'Input and Summary Results'!$B23) -> FALSE | C40: =IF(OR(B40=0,'Input and Summary Results'!D23=0,'Input and Summary Results'!D23=""),FALSE,'Input and Summary Results'!$D23) -> FALSE | D40: =IF(OR(B40=0,'Input and Summary Results'!E23=0),FALSE,'Input and Summary Results'!$E23) -> FALSE | E40: =IF(C40=FALSE,FALSE,LOG10(C40)) -> FALSE | F40: =IF(D40=FALSE, FALSE,0.434*D40/C40) -> FALSE | G40: =IF('Input and Summary Results'!$J$4="yes",IF(C40=FALSE,FALSE,IF(E40<$R$10,'Data Transformation'!E40,$R$10)),IF(C40=FALSE,FALSE,IF('Data Transformation'!C40<$R$10,C40,$R$10))) -> FALSE | H40: =IF('Input and Summary Results'!$J$4="yes",'Data Transformation'!F40,'Data Transformation'!D40) -> FALSE
B41: =IF('Input and Summary Results'!D24="",FALSE,'Input and Summary Results'!$B24) -> FALSE | C41: =IF(OR(B41=0,'Input and Summary Results'!D24=0,'Input and Summary Results'!D24=""),FALSE,'Input and Summary Results'!$D24) -> FALSE | D41: =IF(OR(B41=0,'Input and Summary Results'!E24=0),FALSE,'Input and Summary Results'!$E24) -> FALSE | E41: =IF(C41=FALSE,FALSE,LOG10(C41)) -> FALSE | F41: =IF(D41=FALSE, FALSE,0.434*D41/C41) -> FALSE | G41: =IF('Input and Summary Results'!$J$4="yes",IF(C41=FALSE,FALSE,IF(E41<$R$10,'Data Transformation'!E41,$R$10)),IF(C41=FALSE,FALSE,IF('Data Transformation'!C41<$R$10,C41,$R$10))) -> FALSE | H41: =IF('Input and Summary Results'!$J$4="yes",'Data Transformation'!F41,'Data Transformation'!D41) -> FALSE
B42: =IF('Input and Summary Results'!D25="",FALSE,'Input and Summary Results'!$B25) -> FALSE | C42: =IF(OR(B42=0,'Input and Summary Results'!D25=0,'Input and Summary Results'!D25=""),FALSE,'Input and Summary Results'!$D25) -> FALSE | D42: =IF(OR(B42=0,'Input and Summary Results'!E25=0),FALSE,'Input and Summary Results'!$E25) -> FALSE | E42: =IF(C42=FALSE,FALSE,LOG10(C42)) -> FALSE | F42: =IF(D42=FALSE, FALSE,0.434*D42/C42) -> FALSE | G42: =IF('Input and Summary Results'!$J$4="yes",IF(C42=FALSE,FALSE,IF(E42<$R$10,'Data Transformation'!E42,$R$10)),IF(C42=FALSE,FALSE,IF('Data Transformation'!C42<$R$10,C42,$R$10))) -> FALSE | H42: =IF('Input and Summary Results'!$J$4="yes",'Data Transformation'!F42,'Data Transformation'!D42) -> FALSE
B43: =IF('Input and Summary Results'!D26="",FALSE,'Input and Summary Results'!$B26) -> FALSE | C43: =IF(OR(B43=0,'Input and Summary Results'!D26=0,'Input and Summary Results'!D26=""),FALSE,'Input and Summary Results'!$D26) -> FALSE | D43: =IF(OR(B43=0,'Input and Summary Results'!E26=0),FALSE,'Input and Summary Results'!$E26) -> FALSE | E43: =IF(C43=FALSE,FALSE,LOG10(C43)) -> FALSE | F43: =IF(D43=FALSE, FALSE,0.434*D43/C43) -> FALSE | G43: =IF('Input and Summary Results'!$J$4="yes",IF(C43=FALSE,FALSE,IF(E43<$R$10,'Data Transformation'!E43,$R$10)),IF(C43=FALSE,FALSE,IF('Data Transformation'!C43<$R$10,C43,$R$10))) -> FALSE | H43: =IF('Input and Summary Results'!$J$4="yes",'Data Transformation'!F43,'Data Transformation'!D43) -> FALSE
... B404: =IF('Input and Summary Results'!D387="",FALSE,'Input and Summary Results'!$B387) -> FALSE | C404: =IF(OR(B404=0,'Input and Summary Results'!D387=0,'Input and Summary Results'!D387=""),FALSE,'Input and Summary Results'!$D387) -> FALSE | D404: =IF(OR(B404=0,'Input and Summary Results'!E387=0),FALSE,'Input and Summary Results'!$E387) -> FALSE | E404: =IF(C404=FALSE,FALSE,LOG10(C404)) -> FALSE | F404: =IF(D404=FALSE, FALSE,0.434*D404/C404) -> FALSE | G404: =IF('Input and Summary Results'!$J$4="yes",IF(C404=FALSE,FALSE,IF(E404<$R$10,'Data Transformation'!E404,$R$10)),IF(C404=FALSE,FALSE,IF('Data Transformation'!C404<$R$10,C404,$R$10))) -> FALSE | H404: =IF('Input and Summary Results'!$J$4="yes",'Data Transformation'!F404,'Data Transformation'!D404) -> FALSE

Sheet Weighting
A1: Is the dead protein value larger than wild type? | B1: =IF('Input and Summary Results'!J17>'Input and Summary Results'!D5,"yes","no") -> yes
A2: Dead protein values are large
B3: Bins | C3: Bins with max adjusted | D3: WT bin | F3: Dead bin | H3: Bin weight determination | L3: Determining Bin range | O3: Bin Weights
A4: # of bins | B4: ='Data Transformation'!$R$24 -> #DIV/0! | D4: freq | E4: binned | F4: freq | G4: binned | H4: up weights | I4: up wt | J4: down dead | K4: all bin weights | L4: freq | M4: binned | N4: extra bins | T4: Bin weighting override | V4: Bin weights for Analysis
A5: minimum | B5: ='Data Transformation'!$R$9 -> 0 | C5: =IF(AND('Data Transformation'!$R$10>=Weighting!B5,'Data Transformation'!$R$10<Weighting!B6),B5+0.00001,B5) -> #DIV/0! | Q5: Total number of bins | R5: =IF(B1="yes",COUNTIF(O6:O25,">0"),COUNTIF(O32:O51,">0")) -> 0
B6: =B5+'Data Transformation'!$R$25 -> #DIV/0! | C6: =IF(AND('Data Transformation'!$R$10>=Weighting!B6,'Data Transformation'!$R$10<Weighting!B7),B6+0.00001,B6) -> #DIV/0! | D6: =IF(FREQUENCY('Data Transformation'!$R$5,$C6),1,0) -> #NUM! | E6: =D6-D5 -> #NUM! | F6: =IF(FREQUENCY('Data Transformation'!$R$6,$C6),1,0) -> 1 | G6: =F6-F5 -> 1 | H6: =IF(D6=1,H5+1,E6) -> #NUM! | I6: =IF(H6=0,I7+1,H6) -> #NUM! | J6: =IF(F6=1,1,J7+1) -> 1 | K6: =IF(MIN(I6,J6)>3,3,MIN(I6,J6)) -> #NUM! | L6: =IF(FREQUENCY('Data Transformation'!$R$10,$C6),1,0) -> 1 | M6: =L6-L5 -> 1 | N6: =N5+1*M5 -> 0 | O6: =IF(N6=0,K6,0) -> #NUM! | Q6: Total weighted bin values | R6: =IF(B1="yes",SUM(O6:O25),SUM(O32:O51)) -> #NUM! | V6: =IF(T6="",IF($B$1="yes",O6,O32),T6) -> #NUM!
B7: =B6+'Data Transformation'!$R$25 -> #DIV/0! | C7: =IF(AND('Data Transformation'!$R$10>=Weighting!B7,'Data Transformation'!$R$10<Weighting!B8),B7+0.00001,B7) -> #DIV/0! | D7: =IF(FREQUENCY('Data Transformation'!$R$5,$C7),1,0) -> #NUM! | E7: =D7-D6 -> #NUM! | F7: =IF(FREQUENCY('Data Transformation'!$R$6,$C7),1,0) -> 1 | G7: =F7-F6 -> 0 | H7: =IF(D7=1,H6+1,E7) -> #NUM! | I7: =IF(H7=0,I8+1,H7) -> #NUM! | J7: =IF(F7=1,1,J8+1) -> 1 | K7: =IF(MIN(I7,J7)>3,3,MIN(I7,J7)) -> #NUM! | L7: =IF(FREQUENCY('Data Transformation'!$R$10,$C7),1,0) -> 1 | M7: =L7-L6 -> 0 | N7: =N6+1*M6 -> 1 | O7: =IF(N7=0,K7,0) -> 0 | V7: =IF(T7="",IF($B$1="yes",O7,O33),T7) -> 0
B8: =B7+'Data Transformation'!$R$25 -> #DIV/0! | C8: =IF(AND('Data Transformation'!$R$10>=Weighting!B8,'Data Transformation'!$R$10<Weighting!B9),B8+0.00001,B8) -> #DIV/0! | D8: =IF(FREQUENCY('Data Transformation'!$R$5,$C8),1,0) -> #NUM! | E8: =D8-D7 -> #NUM! | F8: =IF(FREQUENCY('Data Transformation'!$R$6,$C8),1,0) -> 1 | G8: =F8-F7 -> 0 | H8: =IF(D8=1,H7+1,E8) -> #NUM! | I8: =IF(H8=0,I9+1,H8) -> #NUM! | J8: =IF(F8=1,1,J9+1) -> 1 | K8: =IF(MIN(I8,J8)>3,3,MIN(I8,J8)) -> #NUM! | L8: =IF(FREQUENCY('Data Transformation'!$R$10,$C8),1,0) -> 1 | M8: =L8-L7 -> 0 | N8: =N7+1*M7 -> 1 | O8: =IF(N8=0,K8,0) -> 0 | V8: =IF(T8="",IF($B$1="yes",O8,O34),T8) -> 0
B9: =B8+'Data Transformation'!$R$25 -> #DIV/0! | C9: =IF(AND('Data Transformation'!$R$10>=Weighting!B9,'Data Transformation'!$R$10<Weighting!B10),B9+0.00001,B9) -> #DIV/0! | D9: =IF(FREQUENCY('Data Transformation'!$R$5,$C9),1,0) -> #NUM! | E9: =D9-D8 -> #NUM! | F9: =IF(FREQUENCY('Data Transformation'!$R$6,$C9),1,0) -> 1 | G9: =F9-F8 -> 0 | H9: =IF(D9=1,H8+1,E9) -> #NUM! | I9: =IF(H9=0,I10+1,H9) -> #NUM! | J9: =IF(F9=1,1,J10+1) -> 1 | K9: =IF(MIN(I9,J9)>3,3,MIN(I9,J9)) -> #NUM! | L9: =IF(FREQUENCY('Data Transformation'!$R$10,$C9),1,0) -> 1 | M9: =L9-L8 -> 0 | N9: =N8+1*M8 -> 1 | O9: =IF(N9=0,K9,0) -> 0 | V9: =IF(T9="",IF($B$1="yes",O9,O35),T9) -> 0
B10: =B9+'Data Transformation'!$R$25 -> #DIV/0! | C10: =IF(AND('Data Transformation'!$R$10>=Weighting!B10,'Data Transformation'!$R$10<Weighting!B11),B10+0.00001,B10) -> #DIV/0! | D10: =IF(FREQUENCY('Data Transformation'!$R$5,$C10),1,0) -> #NUM! | E10: =D10-D9 -> #NUM! | F10: =IF(FREQUENCY('Data Transformation'!$R$6,$C10),1,0) -> 1 | G10: =F10-F9 -> 0 | H10: =IF(D10=1,H9+1,E10) -> #NUM! | I10: =IF(H10=0,I11+1,H10) -> #NUM! | J10: =IF(F10=1,1,J11+1) -> 1 | K10: =IF(MIN(I10,J10)>3,3,MIN(I10,J10)) -> #NUM! | L10: =IF(FREQUENCY('Data Transformation'!$R$10,$C10),1,0) -> 1 | M10: =L10-L9 -> 0 | N10: =N9+1*M9 -> 1 | O10: =IF(N10=0,K10,0) -> 0 | V10: =IF(T10="",IF($B$1="yes",O10,O36),T10) -> 0
B11: =B10+'Data Transformation'!$R$25 -> #DIV/0! | C11: =IF(AND('Data Transformation'!$R$10>=Weighting!B11,'Data Transformation'!$R$10<Weighting!B12),B11+0.00001,B11) -> #DIV/0! | D11: =IF(FREQUENCY('Data Transformation'!$R$5,$C11),1,0) -> #NUM! | E11: =D11-D10 -> #NUM! | F11: =IF(FREQUENCY('Data Transformation'!$R$6,$C11),1,0) -> 1 | G11: =F11-F10 -> 0 | H11: =IF(D11=1,H10+1,E11) -> #NUM! | I11: =IF(H11=0,I12+1,H11) -> #NUM! | J11: =IF(F11=1,1,J12+1) -> 1 | K11: =IF(MIN(I11,J11)>3,3,MIN(I11,J11)) -> #NUM! | L11: =IF(FREQUENCY('Data Transformation'!$R$10,$C11),1,0) -> 1 | M11: =L11-L10 -> 0 | N11: =N10+1*M10 -> 1 | O11: =IF(N11=0,K11,0) -> 0 | V11: =IF(T11="",IF($B$1="yes",O11,O37),T11) -> 0
B12: =B11+'Data Transformation'!$R$25 -> #DIV/0! | C12: =IF(AND('Data Transformation'!$R$10>=Weighting!B12,'Data Transformation'!$R$10<Weighting!B13),B12+0.00001,B12) -> #DIV/0! | D12: =IF(FREQUENCY('Data Transformation'!$R$5,$C12),1,0) -> #NUM! | E12: =D12-D11 -> #NUM! | F12: =IF(FREQUENCY('Data Transformation'!$R$6,$C12),1,0) -> 1 | G12: =F12-F11 -> 0 | H12: =IF(D12=1,H11+1,E12) -> #NUM! | I12: =IF(H12=0,I13+1,H12) -> #NUM! | J12: =IF(F12=1,1,J13+1) -> 1 | K12: =IF(MIN(I12,J12)>3,3,MIN(I12,J12)) -> #NUM! | L12: =IF(FREQUENCY('Data Transformation'!$R$10,$C12),1,0) -> 1 | M12: =L12-L11 -> 0 | N12: =N11+1*M11 -> 1 | O12: =IF(N12=0,K12,0) -> 0 | V12: =IF(T12="",IF($B$1="yes",O12,O38),T12) -> 0
B13: =B12+'Data Transformation'!$R$25 -> #DIV/0! | C13: =IF(AND('Data Transformation'!$R$10>=Weighting!B13,'Data Transformation'!$R$10<Weighting!B14),B13+0.00001,B13) -> #DIV/0! | D13: =IF(FREQUENCY('Data Transformation'!$R$5,$C13),1,0) -> #NUM! | E13: =D13-D12 -> #NUM! | F13: =IF(FREQUENCY('Data Transformation'!$R$6,$C13),1,0) -> 1 | G13: =F13-F12 -> 0 | H13: =IF(D13=1,H12+1,E13) -> #NUM! | I13: =IF(H13=0,I14+1,H13) -> #NUM! | J13: =IF(F13=1,1,J14+1) -> 1 | K13: =IF(MIN(I13,J13)>3,3,MIN(I13,J13)) -> #NUM! | L13: =IF(FREQUENCY('Data Transformation'!$R$10,$C13),1,0) -> 1 | M13: =L13-L12 -> 0 | N13: =N12+1*M12 -> 1 | O13: =IF(N13=0,K13,0) -> 0 | V13: =IF(T13="",IF($B$1="yes",O13,O39),T13) -> 0
B14: =B13+'Data Transformation'!$R$25 -> #DIV/0! | C14: =IF(AND('Data Transformation'!$R$10>=Weighting!B14,'Data Transformation'!$R$10<Weighting!B15),B14+0.00001,B14) -> #DIV/0! | D14: =IF(FREQUENCY('Data Transformation'!$R$5,$C14),1,0) -> #NUM! | E14: =D14-D13 -> #NUM! | F14: =IF(FREQUENCY('Data Transformation'!$R$6,$C14),1,0) -> 1 | G14: =F14-F13 -> 0 | H14: =IF(D14=1,H13+1,E14) -> #NUM! | I14: =IF(H14=0,I15+1,H14) -> #NUM! | J14: =IF(F14=1,1,J15+1) -> 1 | K14: =IF(MIN(I14,J14)>3,3,MIN(I14,J14)) -> #NUM! | L14: =IF(FREQUENCY('Data Transformation'!$R$10,$C14),1,0) -> 1 | M14: =L14-L13 -> 0 | N14: =N13+1*M13 -> 1 | O14: =IF(N14=0,K14,0) -> 0 | V14: =IF(T14="",IF($B$1="yes",O14,O40),T14) -> 0
B15: =B14+'Data Transformation'!$R$25 -> #DIV/0! | C15: =IF(AND('Data Transformation'!$R$10>=Weighting!B15,'Data Transformation'!$R$10<Weighting!B16),B15+0.00001,B15) -> #DIV/0! | D15: =IF(FREQUENCY('Data Transformation'!$R$5,$C15),1,0) -> #NUM! | E15: =D15-D14 -> #NUM! | F15: =IF(FREQUENCY('Data Transformation'!$R$6,$C15),1,0) -> 1 | G15: =F15-F14 -> 0 | H15: =IF(D15=1,H14+1,E15) -> #NUM! | I15: =IF(H15=0,I22+1,H15) -> #NUM! | J15: =IF(F15=1,1,J16+1) -> 1 | K15: =IF(MIN(I15,J15)>3,3,MIN(I15,J15)) -> #NUM! | L15: =IF(FREQUENCY('Data Transformation'!$R$10,$C15),1,0) -> 1 | M15: =L15-L14 -> 0 | N15: =N14+1*M14 -> 1 | O15: =IF(N15=0,K15,0) -> 0 | V15: =IF(T15="",IF($B$1="yes",O15,O41),T15) -> 0
B16: =B15+'Data Transformation'!$R$25 -> #DIV/0! | C16: =IF(AND('Data Transformation'!$R$10>=Weighting!B16,'Data Transformation'!$R$10<Weighting!B17),B16+0.00001,B16) -> #DIV/0! | D16: =IF(FREQUENCY('Data Transformation'!$R$5,$C16),1,0) -> #NUM! | E16: =D16-D15 -> #NUM! | F16: =IF(FREQUENCY('Data Transformation'!$R$6,$C16),1,0) -> 1 | G16: =F16-F15 -> 0 | H16: =IF(D16=1,H15+1,E16) -> #NUM! | I16: =IF(H16=0,I23+1,H16) -> #NUM! | J16: =IF(F16=1,1,J17+1) -> 1 | K16: =IF(MIN(I16,J16)>3,3,MIN(I16,J16)) -> #NUM! | L16: =IF(FREQUENCY('Data Transformation'!$R$10,$C16),1,0) -> 1 | M16: =L16-L15 -> 0 | N16: =N15+1*M15 -> 1 | O16: =IF(N16=0,K16,0) -> 0 | V16: =IF(T16="",IF($B$1="yes",O16,O42),T16) -> 0
B17: =B16+'Data Transformation'!$R$25 -> #DIV/0! | C17: =IF(AND('Data Transformation'!$R$10>=Weighting!B17,'Data Transformation'!$R$10<Weighting!B18),B17+0.00001,B17) -> #DIV/0! | D17: =IF(FREQUENCY('Data Transformation'!$R$5,$C17),1,0) -> #NUM! | E17: =D17-D16 -> #NUM! | F17: =IF(FREQUENCY('Data Transformation'!$R$6,$C17),1,0) -> 1 | G17: =F17-F16 -> 0 | H17: =IF(D17=1,H16+1,E17) -> #NUM! | I17: =IF(H17=0,I24+1,H17) -> #NUM! | J17: =IF(F17=1,1,J18+1) -> 1 | K17: =IF(MIN(I17,J17)>3,3,MIN(I17,J17)) -> #NUM! | L17: =IF(FREQUENCY('Data Transformation'!$R$10,$C17),1,0) -> 1 | M17: =L17-L16 -> 0 | N17: =N16+1*M16 -> 1 | O17: =IF(N17=0,K17,0) -> 0 | V17: =IF(T17="",IF($B$1="yes",O17,O43),T17) -> 0
B18: =B17+'Data Transformation'!$R$25 -> #DIV/0! | C18: =IF(AND('Data Transformation'!$R$10>=Weighting!B18,'Data Transformation'!$R$10<Weighting!B19),B18+0.00001,B18) -> #DIV/0! | D18: =IF(FREQUENCY('Data Transformation'!$R$5,$C18),1,0) -> #NUM! | E18: =D18-D17 -> #NUM! | F18: =IF(FREQUENCY('Data Transformation'!$R$6,$C18),1,0) -> 1 | G18: =F18-F17 -> 0 | H18: =IF(D18=1,H17+1,E18) -> #NUM! | I18: =IF(H18=0,I25+1,H18) -> #NUM! | J18: =IF(F18=1,1,J19+1) -> 1 | K18: =IF(MIN(I18,J18)>3,3,MIN(I18,J18)) -> #NUM! | L18: =IF(FREQUENCY('Data Transformation'!$R$10,$C18),1,0) -> 1 | M18: =L18-L17 -> 0 | N18: =N17+1*M17 -> 1 | O18: =IF(N18=0,K18,0) -> 0 | V18: =IF(T18="",IF($B$1="yes",O18,O44),T18) -> 0
B19: =B18+'Data Transformation'!$R$25 -> #DIV/0! | C19: =IF(AND('Data Transformation'!$R$10>=Weighting!B19,'Data Transformation'!$R$10<Weighting!B20),B19+0.00001,B19) -> #DIV/0! | D19: =IF(FREQUENCY('Data Transformation'!$R$5,$C19),1,0) -> #NUM! | E19: =D19-D18 -> #NUM! | F19: =IF(FREQUENCY('Data Transformation'!$R$6,$C19),1,0) -> 1 | G19: =F19-F18 -> 0 | H19: =IF(D19=1,H18+1,E19) -> #NUM! | I19: =IF(H19=0,I26+1,H19) -> #NUM! | J19: =IF(F19=1,1,J20+1) -> 1 | K19: =IF(MIN(I19,J19)>3,3,MIN(I19,J19)) -> #NUM! | L19: =IF(FREQUENCY('Data Transformation'!$R$10,$C19),1,0) -> 1 | M19: =L19-L18 -> 0 | N19: =N18+1*M18 -> 1 | O19: =IF(N19=0,K19,0) -> 0 | V19: =IF(T19="",IF($B$1="yes",O19,O45),T19) -> 0
B20: =B19+'Data Transformation'!$R$25 -> #DIV/0! | C20: =IF(AND('Data Transformation'!$R$10>=Weighting!B20,'Data Transformation'!$R$10<Weighting!B21),B20+0.00001,B20) -> #DIV/0! | D20: =IF(FREQUENCY('Data Transformation'!$R$5,$C20),1,0) -> #NUM! | E20: =D20-D19 -> #NUM! | F20: =IF(FREQUENCY('Data Transformation'!$R$6,$C20),1,0) -> 1 | G20: =F20-F19 -> 0 | H20: =IF(D20=1,H19+1,E20) -> #NUM! | I20: =IF(H20=0,I27+1,H20) -> #NUM! | J20: =IF(F20=1,1,J21+1) -> 1 | K20: =IF(MIN(I20,J20)>3,3,MIN(I20,J20)) -> #NUM! | L20: =IF(FREQUENCY('Data Transformation'!$R$10,$C20),1,0) -> 1 | M20: =L20-L19 -> 0 | N20: =N19+1*M19 -> 1 | O20: =IF(N20=0,K20,0) -> 0 | V20: =IF(T20="",IF($B$1="yes",O20,O46),T20) -> 0
B21: =B20+'Data Transformation'!$R$25 -> #DIV/0! | C21: =IF(AND('Data Transformation'!$R$10>=Weighting!B21,'Data Transformation'!$R$10<Weighting!B22),B21+0.00001,B21) -> #DIV/0! | D21: =IF(FREQUENCY('Data Transformation'!$R$5,$C21),1,0) -> #NUM! | E21: =D21-D20 -> #NUM! | F21: =IF(FREQUENCY('Data Transformation'!$R$6,$C21),1,0) -> 1 | G21: =F21-F20 -> 0 | H21: =IF(D21=1,H20+1,E21) -> #NUM! | I21: =IF(H21=0,I28+1,H21) -> #NUM! | J21: =IF(F21=1,1,J22+1) -> 1 | K21: =IF(MIN(I21,J21)>3,3,MIN(I21,J21)) -> #NUM! | L21: =IF(FREQUENCY('Data Transformation'!$R$10,$C21),1,0) -> 1 | M21: =L21-L20 -> 0 | N21: =N20+1*M20 -> 1 | O21: =IF(N21=0,K21,0) -> 0 | V21: =IF(T21="",IF($B$1="yes",O21,O47),T21) -> 0
B22: =B21+'Data Transformation'!$R$25 -> #DIV/0! | C22: =IF(AND('Data Transformation'!$R$10>=Weighting!B22,'Data Transformation'!$R$10<Weighting!B23),B22+0.00001,B22) -> #DIV/0! | D22: =IF(FREQUENCY('Data Transformation'!$R$5,$C22),1,0) -> #NUM! | E22: =D22-D21 -> #NUM! | F22: =IF(FREQUENCY('Data Transformation'!$R$6,$C22),1,0) -> 1 | G22: =F22-F21 -> 0 | H22: =IF(D22=1,H21+1,E22) -> #NUM! | I22: =IF(H22=0,I29+1,H22) -> #NUM! | J22: =IF(F22=1,1,J23+1) -> 1 | K22: =IF(MIN(I22,J22)>3,3,MIN(I22,J22)) -> #NUM! | L22: =IF(FREQUENCY('Data Transformation'!$R$10,$C22),1,0) -> 1 | M22: =L22-L21 -> 0 | N22: =N21+1*M21 -> 1 | O22: =IF(N22=0,K22,0) -> 0 | V22: =IF(T22="",IF($B$1="yes",O22,O48),T22) -> 0
B23: =B22+'Data Transformation'!$R$25 -> #DIV/0! | C23: =IF(AND('Data Transformation'!$R$10>=Weighting!B23,'Data Transformation'!$R$10<Weighting!B24),B23+0.00001,B23) -> #DIV/0! | D23: =IF(FREQUENCY('Data Transformation'!$R$5,$C23),1,0) -> #NUM! | E23: =D23-D22 -> #NUM! | F23: =IF(FREQUENCY('Data Transformation'!$R$6,$C23),1,0) -> 1 | G23: =F23-F22 -> 0 | H23: =IF(D23=1,H22+1,E23) -> #NUM! | I23: =IF(H23=0,I30+1,H23) -> #NUM! | J23: =IF(F23=1,1,J24+1) -> 1 | K23: =IF(MIN(I23,J23)>3,3,MIN(I23,J23)) -> #NUM! | L23: =IF(FREQUENCY('Data Transformation'!$R$10,$C23),1,0) -> 1 | M23: =L23-L22 -> 0 | N23: =N22+1*M22 -> 1 | O23: =IF(N23=0,K23,0) -> 0 | V23: =IF(T23="",IF($B$1="yes",O23,O49),T23) -> 0
B24: =B23+'Data Transformation'!$R$25 -> #DIV/0! | C24: =IF(AND('Data Transformation'!$R$10>=Weighting!B24,'Data Transformation'!$R$10<Weighting!B25),B24+0.00001,B24) -> #DIV/0! | D24: =IF(FREQUENCY('Data Transformation'!$R$5,$C24),1,0) -> #NUM! | E24: =D24-D23 -> #NUM! | F24: =IF(FREQUENCY('Data Transformation'!$R$6,$C24),1,0) -> 1 | G24: =F24-F23 -> 0 | H24: =IF(D24=1,H23+1,E24) -> #NUM! | I24: =IF(H24=0,I31+1,H24) -> #NUM! | J24: =IF(F24=1,1,J25+1) -> 1 | K24: =IF(MIN(I24,J24)>3,3,MIN(I24,J24)) -> #NUM! | L24: =IF(FREQUENCY('Data Transformation'!$R$10,$C24),1,0) -> 1 | M24: =L24-L23 -> 0 | N24: =N23+1*M23 -> 1 | O24: =IF(N24=0,K24,0) -> 0 | V24: =IF(T24="",IF($B$1="yes",O24,O50),T24) -> 0
B25: =B24+'Data Transformation'!$R$25 -> #DIV/0! | C25: =IF(AND('Data Transformation'!$R$10>=Weighting!B25,'Data Transformation'!$R$10<Weighting!B26),B25+0.00001,B25) -> #DIV/0! | D25: =IF(FREQUENCY('Data Transformation'!$R$5,$C25),1,0) -> #NUM! | E25: =D25-D24 -> #NUM! | F25: =IF(FREQUENCY('Data Transformation'!$R$6,$C25),1,0) -> 1 | G25: =F25-F24 -> 0 | H25: =IF(D25=1,H24+1,E25) -> #NUM! | I25: =IF(H25=0,#REF!+1,H25) -> #NUM! | J25: =IF(F25=1,1,J26+1) -> 1 | K25: =IF(MIN(I25,J25)>3,3,MIN(I25,J25)) -> #NUM! | L25: =IF(FREQUENCY('Data Transformation'!$R$10,$C25),1,0) -> 1 | M25: =L25-L24 -> 0 | N25: =N24+1*M24 -> 1 | O25: =IF(N25=0,K25,0) -> 0 | V25: =IF(T25="",IF($B$1="yes",O25,O51),T25) -> 0
B26: =B25+'Data Transformation'!$R$25 -> #DIV/0! | C26: =IF(AND('Data Transformation'!$R$10>=Weighting!B26,'Data Transformation'!$R$10<Weighting!B27),B26+0.00001,B26) -> #DIV/0!
A28: Dead protein values are small
D29: WT bin | F29: Dead bin | H29: Bin weight determination | L29: Determining Bin range | O29: Bin Weights
A30: # of bins | B30: ='Data Transformation'!$R$24 -> #DIV/0! | D30: freq | E30: binned | F30: freq | G30: binned | H30: up weights | I30: down weights | J30: down wt | K30: all bin weights | L30: freq | M30: binned | N30: extra bins
A31: minimum | B31: =C5 -> #DIV/0!
B32: =C6 -> #DIV/0! | D32: =IF(FREQUENCY('Data Transformation'!$R$5,$B32),1,0) -> #NUM! | E32: =D32-D31 -> #NUM! | F32: =IF(FREQUENCY('Data Transformation'!$R$6,$B32),1,0) -> 1 | G32: =F32-F31 -> 1 | H32: =IF(F32=1,H31+1,G32) -> 1 | I32: =IF(D32=1,1,I33+1) -> #NUM! | J32: =IF(I31=1,J31+1,I32) -> #NUM! | K32: =IF(MIN(J32,H32)>3,3,MIN(J32,H32)) -> #NUM! | L32: =IF(FREQUENCY('Data Transformation'!$R$10,$B32),1,0) -> 1 | M32: =L32-L31 -> 1 | N32: =N31+1*M31 -> 0 | O32: =IF(N32=0,K32,0) -> #NUM!
B33: =C7 -> #DIV/0! | D33: =IF(FREQUENCY('Data Transformation'!$R$5,$B33),1,0) -> #NUM! | E33: =D33-D32 -> #NUM! | F33: =IF(FREQUENCY('Data Transformation'!$R$6,$B33),1,0) -> 1 | G33: =F33-F32 -> 0 | H33: =IF(F33=1,H32+1,G33) -> 2 | I33: =IF(D33=1,1,I34+1) -> #NUM! | J33: =IF(I32=1,J32+1,I33) -> #NUM! | K33: =IF(MIN(J33,H33)>3,3,MIN(J33,H33)) -> #NUM! | L33: =IF(FREQUENCY('Data Transformation'!$R$10,$B33),1,0) -> 1 | M33: =L33-L32 -> 0 | N33: =N32+1*M32 -> 1 | O33: =IF(N33=0,K33,0) -> 0
B34: =C8 -> #DIV/0! | D34: =IF(FREQUENCY('Data Transformation'!$R$5,$B34),1,0) -> #NUM! | E34: =D34-D33 -> #NUM! | F34: =IF(FREQUENCY('Data Transformation'!$R$6,$B34),1,0) -> 1 | G34: =F34-F33 -> 0 | H34: =IF(F34=1,H33+1,G34) -> 3 | I34: =IF(D34=1,1,I35+1) -> #NUM! | J34: =IF(I33=1,J33+1,I34) -> #NUM! | K34: =IF(MIN(J34,H34)>3,3,MIN(J34,H34)) -> #NUM! | L34: =IF(FREQUENCY('Data Transformation'!$R$10,$B34),1,0) -> 1 | M34: =L34-L33 -> 0 | N34: =N33+1*M33 -> 1 | O34: =IF(N34=0,K34,0) -> 0
B35: =C9 -> #DIV/0! | D35: =IF(FREQUENCY('Data Transformation'!$R$5,$B35),1,0) -> #NUM! | E35: =D35-D34 -> #NUM! | F35: =IF(FREQUENCY('Data Transformation'!$R$6,$B35),1,0) -> 1 | G35: =F35-F34 -> 0 | H35: =IF(F35=1,H34+1,G35) -> 4 | I35: =IF(D35=1,1,I36+1) -> #NUM! | J35: =IF(I34=1,J34+1,I35) -> #NUM! | K35: =IF(MIN(J35,H35)>3,3,MIN(J35,H35)) -> #NUM! | L35: =IF(FREQUENCY('Data Transformation'!$R$10,$B35),1,0) -> 1 | M35: =L35-L34 -> 0 | N35: =N34+1*M34 -> 1 | O35: =IF(N35=0,K35,0) -> 0
B36: =C10 -> #DIV/0! | D36: =IF(FREQUENCY('Data Transformation'!$R$5,$B36),1,0) -> #NUM! | E36: =D36-D35 -> #NUM! | F36: =IF(FREQUENCY('Data Transformation'!$R$6,$B36),1,0) -> 1 | G36: =F36-F35 -> 0 | H36: =IF(F36=1,H35+1,G36) -> 5 | I36: =IF(D36=1,1,I37+1) -> #NUM! | J36: =IF(I35=1,J35+1,I36) -> #NUM! | K36: =IF(MIN(J36,H36)>3,3,MIN(J36,H36)) -> #NUM! | L36: =IF(FREQUENCY('Data Transformation'!$R$10,$B36),1,0) -> 1 | M36: =L36-L35 -> 0 | N36: =N35+1*M35 -> 1 | O36: =IF(N36=0,K36,0) -> 0
B37: =C11 -> #DIV/0! | D37: =IF(FREQUENCY('Data Transformation'!$R$5,$B37),1,0) -> #NUM! | E37: =D37-D36 -> #NUM! | F37: =IF(FREQUENCY('Data Transformation'!$R$6,$B37),1,0) -> 1 | G37: =F37-F36 -> 0 | H37: =IF(F37=1,H36+1,G37) -> 6 | I37: =IF(D37=1,1,I38+1) -> #NUM! | J37: =IF(I36=1,J36+1,I37) -> #NUM! | K37: =IF(MIN(J37,H37)>3,3,MIN(J37,H37)) -> #NUM! | L37: =IF(FREQUENCY('Data Transformation'!$R$10,$B37),1,0) -> 1 | M37: =L37-L36 -> 0 | N37: =N36+1*M36 -> 1 | O37: =IF(N37=0,K37,0) -> 0
B38: =C12 -> #DIV/0! | D38: =IF(FREQUENCY('Data Transformation'!$R$5,$B38),1,0) -> #NUM! | E38: =D38-D37 -> #NUM! | F38: =IF(FREQUENCY('Data Transformation'!$R$6,$B38),1,0) -> 1 | G38: =F38-F37 -> 0 | H38: =IF(F38=1,H37+1,G38) -> 7 | I38: =IF(D38=1,1,I39+1) -> #NUM! | J38: =IF(I37=1,J37+1,I38) -> #NUM! | K38: =IF(MIN(J38,H38)>3,3,MIN(J38,H38)) -> #NUM! | L38: =IF(FREQUENCY('Data Transformation'!$R$10,$B38),1,0) -> 1 | M38: =L38-L37 -> 0 | N38: =N37+1*M37 -> 1 | O38: =IF(N38=0,K38,0) -> 0
B39: =C13 -> #DIV/0! | D39: =IF(FREQUENCY('Data Transformation'!$R$5,$B39),1,0) -> #NUM! | E39: =D39-D38 -> #NUM! | F39: =IF(FREQUENCY('Data Transformation'!$R$6,$B39),1,0) -> 1 | G39: =F39-F38 -> 0 | H39: =IF(F39=1,H38+1,G39) -> 8 | I39: =IF(D39=1,1,I40+1) -> #NUM! | J39: =IF(I38=1,J38+1,I39) -> #NUM! | K39: =IF(MIN(J39,H39)>3,3,MIN(J39,H39)) -> #NUM! | L39: =IF(FREQUENCY('Data Transformation'!$R$10,$B39),1,0) -> 1 | M39: =L39-L38 -> 0 | N39: =N38+1*M38 -> 1 | O39: =IF(N39=0,K39,0) -> 0
B40: =C14 -> #DIV/0! | D40: =IF(FREQUENCY('Data Transformation'!$R$5,$B40),1,0) -> #NUM! | E40: =D40-D39 -> #NUM! | F40: =IF(FREQUENCY('Data Transformation'!$R$6,$B40),1,0) -> 1 | G40: =F40-F39 -> 0 | H40: =IF(F40=1,H39+1,G40) -> 9 | I40: =IF(D40=1,1,I41+1) -> #NUM! | J40: =IF(I39=1,J39+1,I40) -> #NUM! | K40: =IF(MIN(J40,H40)>3,3,MIN(J40,H40)) -> #NUM! | L40: =IF(FREQUENCY('Data Transformation'!$R$10,$B40),1,0) -> 1 | M40: =L40-L39 -> 0 | N40: =N39+1*M39 -> 1 | O40: =IF(N40=0,K40,0) -> 0
B41: =C15 -> #DIV/0! | D41: =IF(FREQUENCY('Data Transformation'!$R$5,$B41),1,0) -> #NUM! | E41: =D41-D40 -> #NUM! | F41: =IF(FREQUENCY('Data Transformation'!$R$6,$B41),1,0) -> 1 | G41: =F41-F40 -> 0 | H41: =IF(F41=1,H40+1,G41) -> 10 | I41: =IF(D41=1,1,I42+1) -> #NUM! | J41: =IF(I40=1,J40+1,I41) -> #NUM! | K41: =IF(MIN(J41,H41)>3,3,MIN(J41,H41)) -> #NUM! | L41: =IF(FREQUENCY('Data Transformation'!$R$10,$B41),1,0) -> 1 | M41: =L41-L40 -> 0 | N41: =N40+1*M40 -> 1 | O41: =IF(N41=0,K41,0) -> 0
B42: =C16 -> #DIV/0! | D42: =IF(FREQUENCY('Data Transformation'!$R$5,$B42),1,0) -> #NUM! | E42: =D42-D41 -> #NUM! | F42: =IF(FREQUENCY('Data Transformation'!$R$6,$B42),1,0) -> 1 | G42: =F42-F41 -> 0 | H42: =IF(F42=1,H41+1,G42) -> 11 | I42: =IF(D42=1,1,I43+1) -> #NUM! | J42: =IF(I41=1,J41+1,I42) -> #NUM! | K42: =IF(MIN(J42,H42)>3,3,MIN(J42,H42)) -> #NUM! | L42: =IF(FREQUENCY('Data Transformation'!$R$10,$B42),1,0) -> 1 | M42: =L42-L41 -> 0 | N42: =N41+1*M41 -> 1 | O42: =IF(N42=0,K42,0) -> 0
B43: =C17 -> #DIV/0! | D43: =IF(FREQUENCY('Data Transformation'!$R$5,$B43),1,0) -> #NUM! | E43: =D43-D42 -> #NUM! | F43: =IF(FREQUENCY('Data Transformation'!$R$6,$B43),1,0) -> 1 | G43: =F43-F42 -> 0 | H43: =IF(F43=1,H42+1,G43) -> 12 | I43: =IF(D43=1,1,I44+1) -> #NUM! | J43: =IF(I42=1,J42+1,I43) -> #NUM! | K43: =IF(MIN(J43,H43)>3,3,MIN(J43,H43)) -> #NUM! | L43: =IF(FREQUENCY('Data Transformation'!$R$10,$B43),1,0) -> 1 | M43: =L43-L42 -> 0 | N43: =N42+1*M42 -> 1 | O43: =IF(N43=0,K43,0) -> 0
... B50: =C24 -> #DIV/0! | D50: =IF(FREQUENCY('Data Transformation'!$R$5,$B50),1,0) -> #NUM! | E50: =D50-D49 -> #NUM! | F50: =IF(FREQUENCY('Data Transformation'!$R$6,$B50),1,0) -> 1 | G50: =F50-F49 -> 0 | H50: =IF(F50=1,H49+1,G50) -> 19 | I50: =IF(D50=1,1,I51+1) -> #NUM! | J50: =IF(I49=1,J49+1,I50) -> #NUM! | K50: =IF(MIN(J50,H50)>3,3,MIN(J50,H50)) -> #NUM! | L50: =IF(FREQUENCY('Data Transformation'!$R$10,$B50),1,0) -> 1 | M50: =L50-L49 -> 0 | N50: =N49+1*M49 -> 1 | O50: =IF(N50=0,K50,0) -> 0
B51: =C25 -> #DIV/0! | D51: =IF(FREQUENCY('Data Transformation'!$R$5,$B51),1,0) -> #NUM! | E51: =D51-D50 -> #NUM! | F51: =IF(FREQUENCY('Data Transformation'!$R$6,$B51),1,0) -> 1 | G51: =F51-F50 -> 0 | H51: =IF(F51=1,H50+1,G51) -> 20 | I51: =IF(D51=1,1,J52+1) -> #NUM! | J51: =IF(I50=1,J50+1,I51) -> #NUM! | K51: =IF(MIN(J51,H51)>3,3,MIN(J51,H51)) -> #NUM! | L51: =IF(FREQUENCY('Data Transformation'!$R$10,$B51),1,0) -> 1 | M51: =L51-L50 -> 0 | N51: =N50+1*M50 -> 1 | O51: =IF(N51=0,K51,0) -> 0

Sheet Bin Analysis and Plots
Q1: Scores
O2: # of variants | P2: Enhancing | Q2: Neutral | R2: Unweighted rheostat | S2: Weighted rheostat | T2: Toggle | U2: Binary | Z2: Freq above top boundary | AA2: Freq under bottom boundary
D3: All | N3: =D3 -> All | O3: =INDEX('Data Transformation'!$O$4:$O$25,MATCH($D3,'Data Transformation'!$M$4:$M$25,0),MATCH($O$2,'Data Transformation'!$O$3,0)) -> FALSE | P3: =IF('Input and Summary Results'!$J$16="minimum",'Bin Analysis and Plots'!Z4/('Bin Analysis and Plots'!O3-1),'Bin Analysis and Plots'!AA3/('Bin Analysis and Plots'!O3-1)) -> 0 | Q3: =IF(O3=FALSE,NA(),(VLOOKUP(1,E6:M25,4,FALSE)/(O3-1))) -> #N/A | R3: =IF(O3=FALSE,NA(),SUM(L6:L25)/Weighting!$R$5) -> #N/A | S3: =IF(O3=FALSE,NA(),SUM(M6:M25)/Weighting!$R$6) -> #N/A | T3: =IF(O3=FALSE,NA(),(VLOOKUP(1,I6:M25,3,FALSE))/(O3-1)) -> #N/A | U3: =IF(O3=FALSE,NA(),IF(SUM(L6:L25)=2,"yes","no")) -> #N/A | Z3: {=FREQUENCY('Data Transformation'!$G$24:$G$404,'Data Transformation'!$U$11)} -> 0 | AA3: {=FREQUENCY('Data Transformation'!$G$24:$G$404,'Data Transformation'!$U$12)} -> 0
D4: Bins | E4: Wild Type | F4: WT centered bin | G4: Freq in WT centered | H4: Binned in wt centered | I4: Dead Protein | J4: freq | K4: binned | L4: bin occupancy | M4: weighted bins | Z4: 0 | AA4: 0
F5: =IF(E5=1,'Data Transformation'!$G$3+0.5*'Data Transformation'!$U$25,IF(E6=1,F6-'Data Transformation'!$U$25,FALSE)) -> #NUM! | G5: =IF(ISLOGICAL(F5),"",FREQUENCY('Data Transformation'!$G$24:$G$404,'Bin Analysis and Plots'!F5)) -> 0 | H5: =IF(ISLOGICAL(F5),"",G5-G4) -> #VALUE!
C6: =IF(Weighting!$O$6>0,D6,"") -> #NUM! | D6: =Weighting!$C$6 -> #DIV/0! | E6: =Weighting!$E$6 -> #NUM! | F6: =IF(E6=1,'Data Transformation'!$G$3+0.5*'Data Transformation'!$U$25,IF(E7=1,F7-'Data Transformation'!$U$25,FALSE)) -> #NUM! | G6: =IF(ISLOGICAL(F6),"",FREQUENCY('Data Transformation'!$G$24:$G$404,'Bin Analysis and Plots'!F6)) -> 0 | H6: =IF(ISLOGICAL(F6),"",G6-G5) -> 0 | I6: =Weighting!$G$6 -> 1 | J6: =FREQUENCY('Data Transformation'!$G$24:$G$404, $D6) -> 0 | K6: =J6-J5+E6 -> #NUM! | L6: =IF(K6=0,0,1) -> #NUM! | M6: =L6*Weighting!$V$6 -> #NUM!
C7: =IF(Weighting!$O$7>0,D7,"") | D7: =Weighting!$C$7 -> #DIV/0! | E7: =Weighting!$E$7 -> #NUM! | F7: =IF(E7=1,'Data Transformation'!$G$3+0.5*'Data Transformation'!$U$25,IF(E8=1,F8-'Data Transformation'!$U$25,FALSE)) -> #NUM! | G7: =IF(ISLOGICAL(F7),"",FREQUENCY('Data Transformation'!$G$24:$G$404,'Bin Analysis and Plots'!F7)) -> 0 | H7: =IF(ISLOGICAL(F7),"",G7-G6) -> 0 | I7: =Weighting!$G$7 -> 0 | J7: =FREQUENCY('Data Transformation'!$G$24:$G$404, $D7) -> 0 | K7: =J7-J6+E7 -> #NUM! | L7: =IF(K7=0,0,1) -> #NUM! | M7: =L7*Weighting!$V$7 -> #NUM!
C8: =IF(Weighting!$O$8>0,D8,"") | D8: =Weighting!$C$8 -> #DIV/0! | E8: =Weighting!$E$8 -> #NUM! | F8: =IF(E8=1,'Data Transformation'!$G$3+0.5*'Data Transformation'!$U$25,IF(E9=1,F9-'Data Transformation'!$U$25,FALSE)) -> #NUM! | G8: =IF(ISLOGICAL(F8),"",FREQUENCY('Data Transformation'!$G$24:$G$404,'Bin Analysis and Plots'!F8)) -> 0 | H8: =IF(ISLOGICAL(F8),"",G8-G7) -> 0 | I8: =Weighting!$G$8 -> 0 | J8: =FREQUENCY('Data Transformation'!$G$24:$G$404, $D8) -> 0 | K8: =J8-J7+E8 -> #NUM! | L8: =IF(K8=0,0,1) -> #NUM! | M8: =L8*Weighting!$V$8 -> #NUM!
C9: =IF(Weighting!$O$9>0,D9,"") | D9: =Weighting!$C$9 -> #DIV/0! | E9: =Weighting!$E$9 -> #NUM! | F9: =IF(E9=1,'Data Transformation'!$G$3+0.5*'Data Transformation'!$U$25,IF(E10=1,F10-'Data Transformation'!$U$25,FALSE)) -> #NUM! | G9: =IF(ISLOGICAL(F9),"",FREQUENCY('Data Transformation'!$G$24:$G$404,'Bin Analysis and Plots'!F9)) -> 0 | H9: =IF(ISLOGICAL(F9),"",G9-G8) -> 0 | I9: =Weighting!$G$9 -> 0 | J9: =FREQUENCY('Data Transformation'!$G$24:$G$404, $D9) -> 0 | K9: =J9-J8+E9 -> #NUM! | L9: =IF(K9=0,0,1) -> #NUM! | M9: =L9*Weighting!$V$9 -> #NUM!
C10: =IF(Weighting!$O$10>0,D10,"") | D10: =Weighting!$C$10 -> #DIV/0! | E10: =Weighting!$E$10 -> #NUM! | F10: =IF(E10=1,'Data Transformation'!$G$3+0.5*'Data Transformation'!$U$25,IF(E11=1,F11-'Data Transformation'!$U$25,FALSE)) -> #NUM! | G10: =IF(ISLOGICAL(F10),"",FREQUENCY('Data Transformation'!$G$24:$G$404,'Bin Analysis and Plots'!F10)) -> 0 | H10: =IF(ISLOGICAL(F10),"",G10-G9) -> 0 | I10: =Weighting!$G$10 -> 0 | J10: =FREQUENCY('Data Transformation'!$G$24:$G$404, $D10) -> 0 | K10: =J10-J9+E10 -> #NUM! | L10: =IF(K10=0,0,1) -> #NUM! | M10: =L10*Weighting!$V$10 -> #NUM!
C11: =IF(Weighting!$O$11>0,D11,"") | D11: =Weighting!$C$11 -> #DIV/0! | E11: =Weighting!$E$11 -> #NUM! | F11: =IF(E11=1,'Data Transformation'!$G$3+0.5*'Data Transformation'!$U$25,IF(E12=1,F12-'Data Transformation'!$U$25,FALSE)) -> #NUM! | G11: =IF(ISLOGICAL(F11),"",FREQUENCY('Data Transformation'!$G$24:$G$404,'Bin Analysis and Plots'!F11)) -> 0 | H11: =IF(ISLOGICAL(F11),"",G11-G10) -> 0 | I11: =Weighting!$G$11 -> 0 | J11: =FREQUENCY('Data Transformation'!$G$24:$G$404, $D11) -> 0 | K11: =J11-J10+E11 -> #NUM! | L11: =IF(K11=0,0,1) -> #NUM! | M11: =L11*Weighting!$V$11 -> #NUM!
C12: =IF(Weighting!$O$12>0,D12,"") | D12: =Weighting!$C$12 -> #DIV/0! | E12: =Weighting!$E$12 -> #NUM! | F12: =IF(E12=1,'Data Transformation'!$G$3+0.5*'Data Transformation'!$U$25,IF(E13=1,F13-'Data Transformation'!$U$25,FALSE)) -> #NUM! | G12: =IF(ISLOGICAL(F12),"",FREQUENCY('Data Transformation'!$G$24:$G$404,'Bin Analysis and Plots'!F12)) -> 0 | H12: =IF(ISLOGICAL(F12),"",G12-G11) -> 0 | I12: =Weighting!$G$12 -> 0 | J12: =FREQUENCY('Data Transformation'!$G$24:$G$404, $D12) -> 0 | K12: =J12-J11+E12 -> #NUM! | L12: =IF(K12=0,0,1) -> #NUM! | M12: =L12*Weighting!$V$12 -> #NUM!
C13: =IF(Weighting!$O$13>0,D13,"") | D13: =Weighting!$C$13 -> #DIV/0! | E13: =Weighting!$E$13 -> #NUM! | F13: =IF(E13=1,'Data Transformation'!$G$3+0.5*'Data Transformation'!$U$25,IF(E14=1,F14-'Data Transformation'!$U$25,FALSE)) -> #NUM! | G13: =IF(ISLOGICAL(F13),"",FREQUENCY('Data Transformation'!$G$24:$G$404,'Bin Analysis and Plots'!F13)) -> 0 | H13: =IF(ISLOGICAL(F13),"",G13-G12) -> 0 | I13: =Weighting!$G$13 -> 0 | J13: =FREQUENCY('Data Transformation'!$G$24:$G$404, $D13) -> 0 | K13: =J13-J12+E13 -> #NUM! | L13: =IF(K13=0,0,1) -> #NUM! | M13: =L13*Weighting!$V$13 -> #NUM!
C14: =IF(Weighting!$O$14>0,D14,"") | D14: =Weighting!$C$14 -> #DIV/0! | E14: =Weighting!$E$14 -> #NUM! | F14: =IF(E14=1,'Data Transformation'!$G$3+0.5*'Data Transformation'!$U$25,IF(E15=1,F15-'Data Transformation'!$U$25,FALSE)) -> #NUM! | G14: =IF(ISLOGICAL(F14),"",FREQUENCY('Data Transformation'!$G$24:$G$404,'Bin Analysis and Plots'!F14)) -> 0 | H14: =IF(ISLOGICAL(F14),"",G14-G13) -> 0 | I14: =Weighting!$G$14 -> 0 | J14: =FREQUENCY('Data Transformation'!$G$24:$G$404, $D14) -> 0 | K14: =J14-J13+E14 -> #NUM! | L14: =IF(K14=0,0,1) -> #NUM! | M14: =L14*Weighting!$V$14 -> #NUM!
C15: =IF(Weighting!$O$15>0,D15,"") | D15: =Weighting!$C$15 -> #DIV/0! | E15: =Weighting!$E$15 -> #NUM! | F15: =IF(E15=1,'Data Transformation'!$G$3+0.5*'Data Transformation'!$U$25,IF(E16=1,F16-'Data Transformation'!$U$25,FALSE)) -> #NUM! | G15: =IF(ISLOGICAL(F15),"",FREQUENCY('Data Transformation'!$G$24:$G$404,'Bin Analysis and Plots'!F15)) -> 0 | H15: =IF(ISLOGICAL(F15),"",G15-G14) -> 0 | I15: =Weighting!$G$15 -> 0 | J15: =FREQUENCY('Data Transformation'!$G$24:$G$404, $D15) -> 0 | K15: =J15-J14+E15 -> #NUM! | L15: =IF(K15=0,0,1) -> #NUM! | M15: =L15*Weighting!$V$15 -> #NUM!
A16: ="" | C16: =IF(Weighting!$O$16>0,D16,"") | D16: =Weighting!$C$16 -> #DIV/0! | E16: =Weighting!$E$16 -> #NUM! | F16: =IF(E16=1,'Data Transformation'!$G$3+0.5*'Data Transformation'!$U$25,IF(E17=1,F17-'Data Transformation'!$U$25,FALSE)) -> #NUM! | G16: =IF(ISLOGICAL(F16),"",FREQUENCY('Data Transformation'!$G$24:$G$404,'Bin Analysis and Plots'!F16)) -> 0 | H16: =IF(ISLOGICAL(F16),"",G16-G15) -> 0 | I16: =Weighting!$G$16 -> 0 | J16: =FREQUENCY('Data Transformation'!$G$24:$G$404, $D16) -> 0 | K16: =J16-J15+E16 -> #NUM! | L16: =IF(K16=0,0,1) -> #NUM! | M16: =L16*Weighting!$V$16 -> #NUM!
C17: =IF(Weighting!$O$17>0,D17,"") | D17: =Weighting!$C$17 -> #DIV/0! | E17: =Weighting!$E$17 -> #NUM! | F17: =IF(E17=1,'Data Transformation'!$G$3+0.5*'Data Transformation'!$U$25,IF(E18=1,F18-'Data Transformation'!$U$25,FALSE)) -> #NUM! | G17: =IF(ISLOGICAL(F17),"",FREQUENCY('Data Transformation'!$G$24:$G$404,'Bin Analysis and Plots'!F17)) -> 0 | H17: =IF(ISLOGICAL(F17),"",G17-G16) -> 0 | I17: =Weighting!$G$17 -> 0 | J17: =FREQUENCY('Data Transformation'!$G$24:$G$404, $D17) -> 0 | K17: =J17-J16+E17 -> #NUM! | L17: =IF(K17=0,0,1) -> #NUM! | M17: =L17*Weighting!$V$17 -> #NUM!
C18: =IF(Weighting!$O$18>0,D18,"") | D18: =Weighting!$C$18 -> #DIV/0! | E18: =Weighting!$E$18 -> #NUM! | F18: =IF(E18=1,'Data Transformation'!$G$3+0.5*'Data Transformation'!$U$25,IF(E19=1,F19-'Data Transformation'!$U$25,FALSE)) -> #NUM! | G18: =IF(ISLOGICAL(F18),"",FREQUENCY('Data Transformation'!$G$24:$G$404,'Bin Analysis and Plots'!F18)) -> 0 | H18: =IF(ISLOGICAL(F18),"",G18-G17) -> 0 | I18: =Weighting!$G$18 -> 0 | J18: =FREQUENCY('Data Transformation'!$G$24:$G$404, $D18) -> 0 | K18: =J18-J17+E18 -> #NUM! | L18: =IF(K18=0,0,1) -> #NUM! | M18: =L18*Weighting!$V$18 -> #NUM!
C19: =IF(Weighting!$O$19>0,D19,"") | D19: =Weighting!$C$19 -> #DIV/0! | E19: =Weighting!$E$19 -> #NUM! | F19: =IF(E19=1,'Data Transformation'!$G$3+0.5*'Data Transformation'!$U$25,IF(E20=1,F20-'Data Transformation'!$U$25,FALSE)) -> #NUM! | G19: =IF(ISLOGICAL(F19),"",FREQUENCY('Data Transformation'!$G$24:$G$404,'Bin Analysis and Plots'!F19)) -> 0 | H19: =IF(ISLOGICAL(F19),"",G19-G18) -> 0 | I19: =Weighting!$G$19 -> 0 | J19: =FREQUENCY('Data Transformation'!$G$24:$G$404, $D19) -> 0 | K19: =J19-J18+E19 -> #NUM! | L19: =IF(K19=0,0,1) -> #NUM! | M19: =L19*Weighting!$V$19 -> #NUM!
C20: =IF(Weighting!$O$20>0,D20,"") | D20: =Weighting!$C$20 -> #DIV/0! | E20: =Weighting!$E$20 -> #NUM! | F20: =IF(E20=1,'Data Transformation'!$G$3+0.5*'Data Transformation'!$U$25,IF(E21=1,F21-'Data Transformation'!$U$25,FALSE)) -> #NUM! | G20: =IF(ISLOGICAL(F20),"",FREQUENCY('Data Transformation'!$G$24:$G$404,'Bin Analysis and Plots'!F20)) -> 0 | H20: =IF(ISLOGICAL(F20),"",G20-G19) -> 0 | I20: =Weighting!$G$20 -> 0 | J20: =FREQUENCY('Data Transformation'!$G$24:$G$404, $D20) -> 0 | K20: =J20-J19+E20 -> #NUM! | L20: =IF(K20=0,0,1) -> #NUM! | M20: =L20*Weighting!$V$20 -> #NUM!
C21: =IF(Weighting!$O$21>0,D21,"") | D21: =Weighting!$C$21 -> #DIV/0! | E21: =Weighting!$E$21 -> #NUM! | F21: =IF(E21=1,'Data Transformation'!$G$3+0.5*'Data Transformation'!$U$25,IF(E22=1,F22-'Data Transformation'!$U$25,FALSE)) -> #NUM! | G21: =IF(ISLOGICAL(F21),"",FREQUENCY('Data Transformation'!$G$24:$G$404,'Bin Analysis and Plots'!F21)) -> 0 | H21: =IF(ISLOGICAL(F21),"",G21-G20) -> 0 | I21: =Weighting!$G$21 -> 0 | J21: =FREQUENCY('Data Transformation'!$G$24:$G$404, $D21) -> 0 | K21: =J21-J20+E21 -> #NUM! | L21: =IF(K21=0,0,1) -> #NUM! | M21: =L21*Weighting!$V$21 -> #NUM!
C22: =IF(Weighting!$O$22>0,D22,"") | D22: =Weighting!$C$22 -> #DIV/0! | E22: =Weighting!$E$22 -> #NUM! | F22: =IF(E22=1,'Data Transformation'!$G$3+0.5*'Data Transformation'!$U$25,IF(E23=1,F23-'Data Transformation'!$U$25,FALSE)) -> #NUM! | G22: =IF(ISLOGICAL(F22),"",FREQUENCY('Data Transformation'!$G$24:$G$404,'Bin Analysis and Plots'!F22)) -> 0 | H22: =IF(ISLOGICAL(F22),"",G22-G21) -> 0 | I22: =Weighting!$G$22 -> 0 | J22: =FREQUENCY('Data Transformation'!$G$24:$G$404, $D22) -> 0 | K22: =J22-J21+E22 -> #NUM! | L22: =IF(K22=0,0,1) -> #NUM! | M22: =L22*Weighting!$V$22 -> #NUM!
C23: =IF(Weighting!$O$23>0,D23,"") | D23: =Weighting!$C$23 -> #DIV/0! | E23: =Weighting!$E$23 -> #NUM! | F23: =IF(E23=1,'Data Transformation'!$G$3+0.5*'Data Transformation'!$U$25,IF(E24=1,F24-'Data Transformation'!$U$25,FALSE)) -> #NUM! | G23: =IF(ISLOGICAL(F23),"",FREQUENCY('Data Transformation'!$G$24:$G$404,'Bin Analysis and Plots'!F23)) -> 0 | H23: =IF(ISLOGICAL(F23),"",G23-G22) -> 0 | I23: =Weighting!$G$23 -> 0 | J23: =FREQUENCY('Data Transformation'!$G$24:$G$404, $D23) -> 0 | K23: =J23-J22+E23 -> #NUM! | L23: =IF(K23=0,0,1) -> #NUM! | M23: =L23*Weighting!$V$23 -> #NUM!
C24: =IF(Weighting!$O$24>0,D24,"") | D24: =Weighting!$C$24 -> #DIV/0! | E24: =Weighting!$E$24 -> #NUM! | F24: =IF(E24=1,'Data Transformation'!$G$3+0.5*'Data Transformation'!$U$25,IF(E25=1,F25-'Data Transformation'!$U$25,FALSE)) -> #NUM! | G24: =IF(ISLOGICAL(F24),"",FREQUENCY('Data Transformation'!$G$24:$G$404,'Bin Analysis and Plots'!F24)) -> 0 | H24: =IF(ISLOGICAL(F24),"",G24-G23) -> 0 | I24: =Weighting!$G$24 -> 0 | J24: =FREQUENCY('Data Transformation'!$G$24:$G$404, $D24) -> 0 | K24: =J24-J23+E24 -> #NUM! | L24: =IF(K24=0,0,1) -> #NUM! | M24: =L24*Weighting!$V$24 -> #NUM!
C25: =IF(Weighting!$O$25>0,D25,"") | D25: =Weighting!$C$25 -> #DIV/0! | E25: =Weighting!$E$25 -> #NUM! | F25: =IF(E25=1,'Data Transformation'!$G$3+0.5*'Data Transformation'!$U$25,IF(E26=1,F26-'Data Transformation'!$U$25,FALSE)) -> #NUM! | G25: =IF(ISLOGICAL(F25),"",FREQUENCY('Data Transformation'!$G$24:$G$404,'Bin Analysis and Plots'!F25)) -> 0 | H25: =IF(ISLOGICAL(F25),"",G25-G24) -> 0 | I25: =Weighting!$G$25 -> 0 | J25: =FREQUENCY('Data Transformation'!$G$24:$G$404, $D25) -> 0 | K25: =J25-J24+E25 -> #NUM! | L25: =IF(K25=0,0,1) -> #NUM! | M25: =L25*Weighting!$V$25 -> #NUM!
C27: Position | D27: ='Input and Summary Results'!G8 | N27: =D27 | O27: =INDEX('Data Transformation'!$O$4:$O$25,MATCH($D27,'Data Transformation'!$M$4:$M$25,0),MATCH($O$2,'Data Transformation'!$O$3,0)) -> #N/A | P27: =IF('Input and Summary Results'!$J$16="minimum",'Bin Analysis and Plots'!Z28/('Bin Analysis and Plots'!O27-1),'Bin Analysis and Plots'!AA27/('Bin Analysis and Plots'!O27-1)) -> #N/A | Q27: =IF(O27=FALSE,NA(),(VLOOKUP(1,E30:M49,4,FALSE))/(O27-1)) -> #N/A | R27: =IF(O27=FALSE,NA(),SUM(L30:L49)/Weighting!$R$5) -> #N/A | S27: =IF(O27=FALSE,NA(),SUM(M30:M49)/Weighting!$R$6) -> #N/A | T27: =IF(O27=FALSE,NA(),(VLOOKUP(1,I30:M49,3,FALSE))/(O27-1)) -> #N/A | U27: =IF(O27=FALSE,NA(),IF(SUM(L30:L49)=2,"yes","no")) -> #N/A | Z27: {=FREQUENCY(IF('Data Transformation'!$B$24:$B$404='Bin Analysis and Plots'!N27,'Data Transformation'!$G$24:$G$404),'Data Transformation'!$U$11)} -> 0 | AA27: {=FREQUENCY(IF('Data Transformation'!$B$24:$B$404='Bin Analysis and Plots'!N27,'Data Transformation'!$G$24:$G$404),'Data Transformation'!$U$12)} -> 0
A28: Function Data | C28: Bins for plots | D28: Bins | E28: WT Bin | F28: WT centered bin | G28: Freq in WT centered | H28: Binned in wt centered | I28: Dead Protein | J28: freq | K28: binned | L28: bin occupancy | M28: weighted bins | Z28: 0 | AA28: 0
F29: =IF(E29=1,'Data Transformation'!$G$3+0.5*'Data Transformation'!$U$25,IF(E30=1,F30-'Data Transformation'!$U$25,FALSE)) -> #NUM! | G29: {=IF(ISLOGICAL(F29),"",FREQUENCY(IF('Data Transformation'!$B$24:$B$404='Bin Analysis and Plots'!$D$27,'Data Transformation'!$G$24:$G$404),'Bin Analysis and Plots'!F29))} -> 0 | H29: =IF(ISLOGICAL(F29),"",G29-G28) -> #VALUE!
A30: {=IF(ISERROR(INDEX('Data Transformation'!$B$4:$G$450,SMALL(IF('Data Transformation'!$B$4:$B$450='Bin Analysis and Plots'!D27,ROW('Data Transformation'!$B$4:$B$450)),ROW($1:$1))-3,3)),"",INDEX('Data Transformation'!$B$4:$G$450,SMALL(IF('Data Transformation'!$B$4:$B$450='Bin Analysis and Plots'!D27,ROW('Data Transformation'!$B$4:$B$450)),ROW($1:$1))-3,6))} -> FALSE | B30: =IFERROR(SMALL(A30:A49,'Data Transformation'!$L$6),"") | C30: =IF(Weighting!$O$6>0,D30,"") -> #NUM! | D30: =Weighting!$C$6 -> #DIV/0! | E30: =Weighting!$E$6 -> #NUM! | F30: =IF(E30=1,'Data Transformation'!$G$3+0.5*'Data Transformation'!$U$25,IF(E31=1,F31-'Data Transformation'!$U$25,FALSE)) -> #NUM! | G30: {=IF(ISLOGICAL(F30),"",FREQUENCY(IF('Data Transformation'!$B$24:$B$404='Bin Analysis and Plots'!$D$27,'Data Transformation'!$G$24:$G$404),'Bin Analysis and Plots'!F30))} -> 0 | H30: =IF(ISLOGICAL(F30),"",G30-G29) -> 0 | I30: =Weighting!$G$6 -> 1 | J30: {=FREQUENCY(IF('Data Transformation'!$B$4:$B$404=D27,'Data Transformation'!$G$4:$G$404),'Bin Analysis and Plots'!$D30)} -> 0 | K30: =J30-J29 -> 0 | L30: =IF(K30=0,0,1) -> 0 | M30: =L30*Weighting!$V$6 -> #NUM!
A31: {=IF(ISERROR(INDEX('Data Transformation'!$B$4:$G$450,SMALL(IF('Data Transformation'!$B$4:$B$450='Bin Analysis and Plots'!D27,ROW('Data Transformation'!$B$4:$B$450)),ROW($2:$2))-3,3)),"",INDEX('Data Transformation'!$B$4:$G$450,SMALL(IF('Data Transformation'!$B$4:$B$450='Bin Analysis and Plots'!D27,ROW('Data Transformation'!$B$4:$B$450)),ROW($2:$2))-3,6))} -> FALSE | B31: =IFERROR(SMALL(A30:A49,'Data Transformation'!$L$7),"") | C31: =IF(Weighting!$O$7>0,D31,"") | D31: =Weighting!$C$7 -> #DIV/0! | E31: =Weighting!$E$7 -> #NUM! | F31: =IF(E31=1,'Data Transformation'!$G$3+0.5*'Data Transformation'!$U$25,IF(E32=1,F32-'Data Transformation'!$U$25,FALSE)) -> #NUM! | G31: {=IF(ISLOGICAL(F31),"",FREQUENCY(IF('Data Transformation'!$B$24:$B$404='Bin Analysis and Plots'!$D$27,'Data Transformation'!$G$24:$G$404),'Bin Analysis and Plots'!F31))} -> 0 | H31: =IF(ISLOGICAL(F31),"",G31-G30) -> 0 | I31: =Weighting!$G$7 -> 0 | J31: {=FREQUENCY(IF('Data Transformation'!$B$4:$B$404=D27,'Data Transformation'!$G$4:$G$404),'Bin Analysis and Plots'!$D31)} -> 0 | K31: =J31-J30 -> 0 | L31: =IF(K31=0,0,1) -> 0 | M31: =L31*Weighting!$V$7 -> 0
A32: {=IF(ISERROR(INDEX('Data Transformation'!$B$4:$G$450,SMALL(IF('Data Transformation'!$B$4:$B$450='Bin Analysis and Plots'!D27,ROW('Data Transformation'!$B$4:$B$450)),ROW($3:$3))-3,3)),"",INDEX('Data Transformation'!$B$4:$G$450,SMALL(IF('Data Transformation'!$B$4:$B$450='Bin Analysis and Plots'!D27,ROW('Data Transformation'!$B$4:$B$450)),ROW($3:$3))-3,6))} -> FALSE | B32: =IFERROR(SMALL(A30:A49,'Data Transformation'!$L$8),"") | C32: =IF(Weighting!$O$8>0,D32,"") | D32: =Weighting!$C$8 -> #DIV/0! | E32: =Weighting!$E$8 -> #NUM! | F32: =IF(E32=1,'Data Transformation'!$G$3+0.5*'Data Transformation'!$U$25,IF(E33=1,F33-'Data Transformation'!$U$25,FALSE)) -> #NUM! | G32: {=IF(ISLOGICAL(F32),"",FREQUENCY(IF('Data Transformation'!$B$24:$B$404='Bin Analysis and Plots'!$D$27,'Data Transformation'!$G$24:$G$404),'Bin Analysis and Plots'!F32))} -> 0 | H32: =IF(ISLOGICAL(F32),"",G32-G31) -> 0 | I32: =Weighting!$G$8 -> 0 | J32: {=FREQUENCY(IF('Data Transformation'!$B$4:$B$404=D27,'Data Transformation'!$G$4:$G$404),'Bin Analysis and Plots'!$D32)} -> 0 | K32: =J32-J31 -> 0 | L32: =IF(K32=0,0,1) -> 0 | M32: =L32*Weighting!$V$8 -> 0
A33: {=IF(ISERROR(INDEX('Data Transformation'!$B$4:$G$450,SMALL(IF('Data Transformation'!$B$4:$B$450='Bin Analysis and Plots'!D27,ROW('Data Transformation'!$B$4:$B$450)),ROW($4:$4))-3,3)),"",INDEX('Data Transformation'!$B$4:$G$450,SMALL(IF('Data Transformation'!$B$4:$B$450='Bin Analysis and Plots'!D27,ROW('Data Transformation'!$B$4:$B$450)),ROW($4:$4))-3,6))} -> FALSE | B33: =IFERROR(SMALL(A30:A49,'Data Transformation'!$L$9),"") | C33: =IF(Weighting!$O$9>0,D33,"") | D33: =Weighting!$C$9 -> #DIV/0! | E33: =Weighting!$E$9 -> #NUM! | F33: =IF(E33=1,'Data Transformation'!$G$3+0.5*'Data Transformation'!$U$25,IF(E34=1,F34-'Data Transformation'!$U$25,FALSE)) -> #NUM! | G33: {=IF(ISLOGICAL(F33),"",FREQUENCY(IF('Data Transformation'!$B$24:$B$404='Bin Analysis and Plots'!$D$27,'Data Transformation'!$G$24:$G$404),'Bin Analysis and Plots'!F33))} -> 0 | H33: =IF(ISLOGICAL(F33),"",G33-G32) -> 0 | I33: =Weighting!$G$9 -> 0 | J33: {=FREQUENCY(IF('Data Transformation'!$B$4:$B$404=D27,'Data Transformation'!$G$4:$G$404),'Bin Analysis and Plots'!$D33)} -> 0 | K33: =J33-J32 -> 0 | L33: =IF(K33=0,0,1) -> 0 | M33: =L33*Weighting!$V$9 -> 0
A34: {=IF(ISERROR(INDEX('Data Transformation'!$B$4:$G$450,SMALL(IF('Data Transformation'!$B$4:$B$450='Bin Analysis and Plots'!D27,ROW('Data Transformation'!$B$4:$B$450)),ROW($5:$5))-3,3)),"",INDEX('Data Transformation'!$B$4:$G$450,SMALL(IF('Data Transformation'!$B$4:$B$450='Bin Analysis and Plots'!D27,ROW('Data Transformation'!$B$4:$B$450)),ROW($5:$5))-3,6))} -> FALSE | B34: =IFERROR(SMALL(A30:A49,'Data Transformation'!$L$10),"") | C34: =IF(Weighting!$O$10>0,D34,"") | D34: =Weighting!$C$10 -> #DIV/0! | E34: =Weighting!$E$10 -> #NUM! | F34: =IF(E34=1,'Data Transformation'!$G$3+0.5*'Data Transformation'!$U$25,IF(E35=1,F35-'Data Transformation'!$U$25,FALSE)) -> #NUM! | G34: {=IF(ISLOGICAL(F34),"",FREQUENCY(IF('Data Transformation'!$B$24:$B$404='Bin Analysis and Plots'!$D$27,'Data Transformation'!$G$24:$G$404),'Bin Analysis and Plots'!F34))} -> 0 | H34: =IF(ISLOGICAL(F34),"",G34-G33) -> 0 | I34: =Weighting!$G$10 -> 0 | J34: {=FREQUENCY(IF('Data Transformation'!$B$4:$B$404=D27,'Data Transformation'!$G$4:$G$404),'Bin Analysis and Plots'!$D34)} -> 0 | K34: =J34-J33 -> 0 | L34: =IF(K34=0,0,1) -> 0 | M34: =L34*Weighting!$V$10 -> 0
A35: {=IF(ISERROR(INDEX('Data Transformation'!$B$4:$G$450,SMALL(IF('Data Transformation'!$B$4:$B$450='Bin Analysis and Plots'!D27,ROW('Data Transformation'!$B$4:$B$450)),ROW($6:$6))-3,3)),"",INDEX('Data Transformation'!$B$4:$G$450,SMALL(IF('Data Transformation'!$B$4:$B$450='Bin Analysis and Plots'!D27,ROW('Data Transformation'!$B$4:$B$450)),ROW($6:$6))-3,6))} -> FALSE | B35: =IFERROR(SMALL(A30:A49,'Data Transformation'!$L$11),"") | C35: =IF(Weighting!$O$11>0,D35,"") | D35: =Weighting!$C$11 -> #DIV/0! | E35: =Weighting!$E$11 -> #NUM! | F35: =IF(E35=1,'Data Transformation'!$G$3+0.5*'Data Transformation'!$U$25,IF(E36=1,F36-'Data Transformation'!$U$25,FALSE)) -> #NUM! | G35: {=IF(ISLOGICAL(F35),"",FREQUENCY(IF('Data Transformation'!$B$24:$B$404='Bin Analysis and Plots'!$D$27,'Data Transformation'!$G$24:$G$404),'Bin Analysis and Plots'!F35))} -> 0 | H35: =IF(ISLOGICAL(F35),"",G35-G34) -> 0 | I35: =Weighting!$G$11 -> 0 | J35: {=FREQUENCY(IF('Data Transformation'!$B$4:$B$404=D27,'Data Transformation'!$G$4:$G$404),'Bin Analysis and Plots'!$D35)} -> 0 | K35: =J35-J34 -> 0 | L35: =IF(K35=0,0,1) -> 0 | M35: =L35*Weighting!$V$11 -> 0
A36: {=IF(ISERROR(INDEX('Data Transformation'!$B$4:$G$450,SMALL(IF('Data Transformation'!$B$4:$B$450='Bin Analysis and Plots'!D27,ROW('Data Transformation'!$B$4:$B$450)),ROW($7:$7))-3,3)),"",INDEX('Data Transformation'!$B$4:$G$450,SMALL(IF('Data Transformation'!$B$4:$B$450='Bin Analysis and Plots'!D27,ROW('Data Transformation'!$B$4:$B$450)),ROW($7:$7))-3,6))} -> FALSE | B36: =IFERROR(SMALL(A30:A49,'Data Transformation'!$L$12),"") | C36: =IF(Weighting!$O$12>0,D36,"") | D36: =Weighting!$C$12 -> #DIV/0! | E36: =Weighting!$E$12 -> #NUM! | F36: =IF(E36=1,'Data Transformation'!$G$3+0.5*'Data Transformation'!$U$25,IF(E37=1,F37-'Data Transformation'!$U$25,FALSE)) -> #NUM! | G36: {=IF(ISLOGICAL(F36),"",FREQUENCY(IF('Data Transformation'!$B$24:$B$404='Bin Analysis and Plots'!$D$27,'Data Transformation'!$G$24:$G$404),'Bin Analysis and Plots'!F36))} -> 0 | H36: =IF(ISLOGICAL(F36),"",G36-G35) -> 0 | I36: =Weighting!$G$12 -> 0 | J36: {=FREQUENCY(IF('Data Transformation'!$B$4:$B$404=D27,'Data Transformation'!$G$4:$G$404),'Bin Analysis and Plots'!$D36)} -> 0 | K36: =J36-J35 -> 0 | L36: =IF(K36=0,0,1) -> 0 | M36: =L36*Weighting!$V$12 -> 0
A37: {=IF(ISERROR(INDEX('Data Transformation'!$B$4:$G$450,SMALL(IF('Data Transformation'!$B$4:$B$450='Bin Analysis and Plots'!D27,ROW('Data Transformation'!$B$4:$B$450)),ROW($8:$8))-3,3)),"",INDEX('Data Transformation'!$B$4:$G$450,SMALL(IF('Data Transformation'!$B$4:$B$450='Bin Analysis and Plots'!D27,ROW('Data Transformation'!$B$4:$B$450)),ROW($8:$8))-3,6))} -> FALSE | B37: =IFERROR(SMALL(A30:A49,'Data Transformation'!$L$13),"") | C37: =IF(Weighting!$O$13>0,D37,"") | D37: =Weighting!$C$13 -> #DIV/0! | E37: =Weighting!$E$13 -> #NUM! | F37: =IF(E37=1,'Data Transformation'!$G$3+0.5*'Data Transformation'!$U$25,IF(E38=1,F38-'Data Transformation'!$U$25,FALSE)) -> #NUM! | G37: {=IF(ISLOGICAL(F37),"",FREQUENCY(IF('Data Transformation'!$B$24:$B$404='Bin Analysis and Plots'!$D$27,'Data Transformation'!$G$24:$G$404),'Bin Analysis and Plots'!F37))} -> 0 | H37: =IF(ISLOGICAL(F37),"",G37-G36) -> 0 | I37: =Weighting!$G$13 -> 0 | J37: {=FREQUENCY(IF('Data Transformation'!$B$4:$B$404=D27,'Data Transformation'!$G$4:$G$404),'Bin Analysis and Plots'!$D37)} -> 0 | K37: =J37-J36 -> 0 | L37: =IF(K37=0,0,1) -> 0 | M37: =L37*Weighting!$V$13 -> 0
A38: {=IF(ISERROR(INDEX('Data Transformation'!$B$4:$G$450,SMALL(IF('Data Transformation'!$B$4:$B$450='Bin Analysis and Plots'!D27,ROW('Data Transformation'!$B$4:$B$450)),ROW($9:$9))-3,3)),"",INDEX('Data Transformation'!$B$4:$G$450,SMALL(IF('Data Transformation'!$B$4:$B$450='Bin Analysis and Plots'!D27,ROW('Data Transformation'!$B$4:$B$450)),ROW($9:$9))-3,6))} -> FALSE | B38: =IFERROR(SMALL(A30:A49,'Data Transformation'!$L$14),"") | C38: =IF(Weighting!$O$14>0,D38,"") | D38: =Weighting!$C$14 -> #DIV/0! | E38: =Weighting!$E$14 -> #NUM! | F38: =IF(E38=1,'Data Transformation'!$G$3+0.5*'Data Transformation'!$U$25,IF(E39=1,F39-'Data Transformation'!$U$25,FALSE)) -> #NUM! | G38: {=IF(ISLOGICAL(F38),"",FREQUENCY(IF('Data Transformation'!$B$24:$B$404='Bin Analysis and Plots'!$D$27,'Data Transformation'!$G$24:$G$404),'Bin Analysis and Plots'!F38))} -> 0 | H38: =IF(ISLOGICAL(F38),"",G38-G37) -> 0 | I38: =Weighting!$G$14 -> 0 | J38: {=FREQUENCY(IF('Data Transformation'!$B$4:$B$404=D27,'Data Transformation'!$G$4:$G$404),'Bin Analysis and Plots'!$D38)} -> 0 | K38: =J38-J37 -> 0 | L38: =IF(K38=0,0,1) -> 0 | M38: =L38*Weighting!$V$14 -> 0
A39: {=IF(ISERROR(INDEX('Data Transformation'!$B$4:$G$450,SMALL(IF('Data Transformation'!$B$4:$B$450='Bin Analysis and Plots'!D27,ROW('Data Transformation'!$B$4:$B$450)),ROW($10:$10))-3,3)),"",INDEX('Data Transformation'!$B$4:$G$450,SMALL(IF('Data Transformation'!$B$4:$B$450='Bin Analysis and Plots'!D27,ROW('Data Transformation'!$B$4:$B$450)),ROW($10:$10))-3,6))} -> FALSE | B39: =IFERROR(SMALL(A30:A49,'Data Transformation'!$L$15),"") | C39: =IF(Weighting!$O$15>0,D39,"") | D39: =Weighting!$C$15 -> #DIV/0! | E39: =Weighting!$E$15 -> #NUM! | F39: =IF(E39=1,'Data Transformation'!$G$3+0.5*'Data Transformation'!$U$25,IF(E40=1,F40-'Data Transformation'!$U$25,FALSE)) -> #NUM! | G39: {=IF(ISLOGICAL(F39),"",FREQUENCY(IF('Data Transformation'!$B$24:$B$404='Bin Analysis and Plots'!$D$27,'Data Transformation'!$G$24:$G$404),'Bin Analysis and Plots'!F39))} -> 0 | H39: =IF(ISLOGICAL(F39),"",G39-G38) -> 0 | I39: =Weighting!$G$15 -> 0 | J39: {=FREQUENCY(IF('Data Transformation'!$B$4:$B$404=D27,'Data Transformation'!$G$4:$G$404),'Bin Analysis and Plots'!$D39)} -> 0 | K39: =J39-J38 -> 0 | L39: =IF(K39=0,0,1) -> 0 | M39: =L39*Weighting!$V$15 -> 0
A40: {=IF(ISERROR(INDEX('Data Transformation'!$B$4:$G$450,SMALL(IF('Data Transformation'!$B$4:$B$450='Bin Analysis and Plots'!D27,ROW('Data Transformation'!$B$4:$B$450)),ROW($11:$11))-3,3)),"",INDEX('Data Transformation'!$B$4:$G$450,SMALL(IF('Data Transformation'!$B$4:$B$450='Bin Analysis and Plots'!D27,ROW('Data Transformation'!$B$4:$B$450)),ROW($11:$11))-3,6))} -> FALSE | B40: =IFERROR(SMALL(A30:A49,'Data Transformation'!$L$16),"") | C40: =IF(Weighting!$O$16>0,D40,"") | D40: =Weighting!$C$16 -> #DIV/0! | E40: =Weighting!$E$16 -> #NUM! | F40: =IF(E40=1,'Data Transformation'!$G$3+0.5*'Data Transformation'!$U$25,IF(E41=1,F41-'Data Transformation'!$U$25,FALSE)) -> #NUM! | G40: {=IF(ISLOGICAL(F40),"",FREQUENCY(IF('Data Transformation'!$B$24:$B$404='Bin Analysis and Plots'!$D$27,'Data Transformation'!$G$24:$G$404),'Bin Analysis and Plots'!F40))} -> 0 | H40: =IF(ISLOGICAL(F40),"",G40-G39) -> 0 | I40: =Weighting!$G$16 -> 0 | J40: {=FREQUENCY(IF('Data Transformation'!$B$4:$B$404=D27,'Data Transformation'!$G$4:$G$404),'Bin Analysis and Plots'!$D40)} -> 0 | K40: =J40-J39 -> 0 | L40: =IF(K40=0,0,1) -> 0 | M40: =L40*Weighting!$V$16 -> 0
A41: {=IF(ISERROR(INDEX('Data Transformation'!$B$4:$G$450,SMALL(IF('Data Transformation'!$B$4:$B$450='Bin Analysis and Plots'!D27,ROW('Data Transformation'!$B$4:$B$450)),ROW($12:$12))-3,3)),"",INDEX('Data Transformation'!$B$4:$G$450,SMALL(IF('Data Transformation'!$B$4:$B$450='Bin Analysis and Plots'!D27,ROW('Data Transformation'!$B$4:$B$450)),ROW($12:$12))-3,6))} -> FALSE | B41: =IFERROR(SMALL(A30:A49,'Data Transformation'!$L$17),"") | C41: =IF(Weighting!$O$17>0,D41,"") | D41: =Weighting!$C$17 -> #DIV/0! | E41: =Weighting!$E$17 -> #NUM! | F41: =IF(E41=1,'Data Transformation'!$G$3+0.5*'Data Transformation'!$U$25,IF(E42=1,F42-'Data Transformation'!$U$25,FALSE)) -> #NUM! | G41: {=IF(ISLOGICAL(F41),"",FREQUENCY(IF('Data Transformation'!$B$24:$B$404='Bin Analysis and Plots'!$D$27,'Data Transformation'!$G$24:$G$404),'Bin Analysis and Plots'!F41))} -> 0 | H41: =IF(ISLOGICAL(F41),"",G41-G40) -> 0 | I41: =Weighting!$G$17 -> 0 | J41: {=FREQUENCY(IF('Data Transformation'!$B$4:$B$404=D27,'Data Transformation'!$G$4:$G$404),'Bin Analysis and Plots'!$D41)} -> 0 | K41: =J41-J40 -> 0 | L41: =IF(K41=0,0,1) -> 0 | M41: =L41*Weighting!$V$17 -> 0
A42: {=IF(ISERROR(INDEX('Data Transformation'!$B$4:$G$450,SMALL(IF('Data Transformation'!$B$4:$B$450='Bin Analysis and Plots'!D27,ROW('Data Transformation'!$B$4:$B$450)),ROW($13:$13))-3,3)),"",INDEX('Data Transformation'!$B$4:$G$450,SMALL(IF('Data Transformation'!$B$4:$B$450='Bin Analysis and Plots'!D27,ROW('Data Transformation'!$B$4:$B$450)),ROW($13:$13))-3,6))} -> FALSE | B42: =IFERROR(SMALL(A30:A49,'Data Transformation'!$L$18),"") | C42: =IF(Weighting!$O$18>0,D42,"") | D42: =Weighting!$C$18 -> #DIV/0! | E42: =Weighting!$E$18 -> #NUM! | F42: =IF(E42=1,'Data Transformation'!$G$3+0.5*'Data Transformation'!$U$25,IF(E43=1,F43-'Data Transformation'!$U$25,FALSE)) -> #NUM! | G42: {=IF(ISLOGICAL(F42),"",FREQUENCY(IF('Data Transformation'!$B$24:$B$404='Bin Analysis and Plots'!$D$27,'Data Transformation'!$G$24:$G$404),'Bin Analysis and Plots'!F42))} -> 0 | H42: =IF(ISLOGICAL(F42),"",G42-G41) -> 0 | I42: =Weighting!$G$18 -> 0 | J42: {=FREQUENCY(IF('Data Transformation'!$B$4:$B$404=D27,'Data Transformation'!$G$4:$G$404),'Bin Analysis and Plots'!$D42)} -> 0 | K42: =J42-J41 -> 0 | L42: =IF(K42=0,0,1) -> 0 | M42: =L42*Weighting!$V$18 -> 0
A43: {=IF(ISERROR(INDEX('Data Transformation'!$B$4:$G$450,SMALL(IF('Data Transformation'!$B$4:$B$450='Bin Analysis and Plots'!D27,ROW('Data Transformation'!$B$4:$B$450)),ROW($14:$14))-3,3)),"",INDEX('Data Transformation'!$B$4:$G$450,SMALL(IF('Data Transformation'!$B$4:$B$450='Bin Analysis and Plots'!D27,ROW('Data Transformation'!$B$4:$B$450)),ROW($14:$14))-3,6))} -> FALSE | B43: =IFERROR(SMALL(A30:A49,'Data Transformation'!$L$19),"") | C43: =IF(Weighting!$O$19>0,D43,"") | D43: =Weighting!$C$19 -> #DIV/0! | E43: =Weighting!$E$19 -> #NUM! | F43: =IF(E43=1,'Data Transformation'!$G$3+0.5*'Data Transformation'!$U$25,IF(E44=1,F44-'Data Transformation'!$U$25,FALSE)) -> #NUM! | G43: {=IF(ISLOGICAL(F43),"",FREQUENCY(IF('Data Transformation'!$B$24:$B$404='Bin Analysis and Plots'!$D$27,'Data Transformation'!$G$24:$G$404),'Bin Analysis and Plots'!F43))} -> 0 | H43: =IF(ISLOGICAL(F43),"",G43-G42) -> 0 | I43: =Weighting!$G$19 -> 0 | J43: {=FREQUENCY(IF('Data Transformation'!$B$4:$B$404=D27,'Data Transformation'!$G$4:$G$404),'Bin Analysis and Plots'!$D43)} -> 0 | K43: =J43-J42 -> 0 | L43: =IF(K43=0,0,1) -> 0 | M43: =L43*Weighting!$V$19 -> 0
A44: {=IF(ISERROR(INDEX('Data Transformation'!$B$4:$G$450,SMALL(IF('Data Transformation'!$B$4:$B$450='Bin Analysis and Plots'!D27,ROW('Data Transformation'!$B$4:$B$450)),ROW($15:$15))-3,3)),"",INDEX('Data Transformation'!$B$4:$G$450,SMALL(IF('Data Transformation'!$B$4:$B$450='Bin Analysis and Plots'!D27,ROW('Data Transformation'!$B$4:$B$450)),ROW($15:$15))-3,6))} -> FALSE | B44: =IFERROR(SMALL(A30:A49,'Data Transformation'!$L$20),"") | C44: =IF(Weighting!$O$20>0,D44,"") | D44: =Weighting!$C$20 -> #DIV/0! | E44: =Weighting!$E$20 -> #NUM! | F44: =IF(E44=1,'Data Transformation'!$G$3+0.5*'Data Transformation'!$U$25,IF(E45=1,F45-'Data Transformation'!$U$25,FALSE)) -> #NUM! | G44: {=IF(ISLOGICAL(F44),"",FREQUENCY(IF('Data Transformation'!$B$24:$B$404='Bin Analysis and Plots'!$D$27,'Data Transformation'!$G$24:$G$404),'Bin Analysis and Plots'!F44))} -> 0 | H44: =IF(ISLOGICAL(F44),"",G44-G43) -> 0 | I44: =Weighting!$G$20 -> 0 | J44: {=FREQUENCY(IF('Data Transformation'!$B$4:$B$404=D27,'Data Transformation'!$G$4:$G$404),'Bin Analysis and Plots'!$D44)} -> 0 | K44: =J44-J43 -> 0 | L44: =IF(K44=0,0,1) -> 0 | M44: =L44*Weighting!$V$20 -> 0
A45: {=IF(ISERROR(INDEX('Data Transformation'!$B$4:$G$450,SMALL(IF('Data Transformation'!$B$4:$B$450='Bin Analysis and Plots'!D27,ROW('Data Transformation'!$B$4:$B$450)),ROW($16:$16))-3,3)),"",INDEX('Data Transformation'!$B$4:$G$450,SMALL(IF('Data Transformation'!$B$4:$B$450='Bin Analysis and Plots'!D27,ROW('Data Transformation'!$B$4:$B$450)),ROW($16:$16))-3,6))} -> FALSE | B45: =IFERROR(SMALL(A30:A49,'Data Transformation'!$L$21),"") | C45: =IF(Weighting!$O$21>0,D45,"") | D45: =Weighting!$C$21 -> #DIV/0! | E45: =Weighting!$E$21 -> #NUM! | F45: =IF(E45=1,'Data Transformation'!$G$3+0.5*'Data Transformation'!$U$25,IF(E46=1,F46-'Data Transformation'!$U$25,FALSE)) -> #NUM! | G45: {=IF(ISLOGICAL(F45),"",FREQUENCY(IF('Data Transformation'!$B$24:$B$404='Bin Analysis and Plots'!$D$27,'Data Transformation'!$G$24:$G$404),'Bin Analysis and Plots'!F45))} -> 0 | H45: =IF(ISLOGICAL(F45),"",G45-G44) -> 0 | I45: =Weighting!$G$21 -> 0 | J45: {=FREQUENCY(IF('Data Transformation'!$B$4:$B$404=D27,'Data Transformation'!$G$4:$G$404),'Bin Analysis and Plots'!$D45)} -> 0 | K45: =J45-J44 -> 0 | L45: =IF(K45=0,0,1) -> 0 | M45: =L45*Weighting!$V$21 -> 0
A46: {=IF(ISERROR(INDEX('Data Transformation'!$B$4:$G$450,SMALL(IF('Data Transformation'!$B$4:$B$450='Bin Analysis and Plots'!D27,ROW('Data Transformation'!$B$4:$B$450)),ROW($17:$17))-3,3)),"",INDEX('Data Transformation'!$B$4:$G$450,SMALL(IF('Data Transformation'!$B$4:$B$450='Bin Analysis and Plots'!D27,ROW('Data Transformation'!$B$4:$B$450)),ROW($17:$17))-3,6))} -> FALSE | B46: =IFERROR(SMALL(A30:A49,'Data Transformation'!$L$22),"") | C46: =IF(Weighting!$O$22>0,D46,"") | D46: =Weighting!$C$22 -> #DIV/0! | E46: =Weighting!$E$22 -> #NUM! | F46: =IF(E46=1,'Data Transformation'!$G$3+0.5*'Data Transformation'!$U$25,IF(E47=1,F47-'Data Transformation'!$U$25,FALSE)) -> #NUM! | G46: {=IF(ISLOGICAL(F46),"",FREQUENCY(IF('Data Transformation'!$B$24:$B$404='Bin Analysis and Plots'!$D$27,'Data Transformation'!$G$24:$G$404),'Bin Analysis and Plots'!F46))} -> 0 | H46: =IF(ISLOGICAL(F46),"",G46-G45) -> 0 | I46: =Weighting!$G$22 -> 0 | J46: {=FREQUENCY(IF('Data Transformation'!$B$4:$B$404=D27,'Data Transformation'!$G$4:$G$404),'Bin Analysis and Plots'!$D46)} -> 0 | K46: =J46-J45 -> 0 | L46: =IF(K46=0,0,1) -> 0 | M46: =L46*Weighting!$V$22 -> 0
A47: {=IF(ISERROR(INDEX('Data Transformation'!$B$4:$G$450,SMALL(IF('Data Transformation'!$B$4:$B$450='Bin Analysis and Plots'!D27,ROW('Data Transformation'!$B$4:$B$450)),ROW($18:$18))-3,3)),"",INDEX('Data Transformation'!$B$4:$G$450,SMALL(IF('Data Transformation'!$B$4:$B$450='Bin Analysis and Plots'!D27,ROW('Data Transformation'!$B$4:$B$450)),ROW($18:$18))-3,6))} -> FALSE | B47: =IFERROR(SMALL(A30:A49,'Data Transformation'!$L$23),"") | C47: =IF(Weighting!$O$23>0,D47,"") | D47: =Weighting!$C$23 -> #DIV/0! | E47: =Weighting!$E$23 -> #NUM! | F47: =IF(E47=1,'Data Transformation'!$G$3+0.5*'Data Transformation'!$U$25,IF(E48=1,F48-'Data Transformation'!$U$25,FALSE)) -> #NUM! | G47: {=IF(ISLOGICAL(F47),"",FREQUENCY(IF('Data Transformation'!$B$24:$B$404='Bin Analysis and Plots'!$D$27,'Data Transformation'!$G$24:$G$404),'Bin Analysis and Plots'!F47))} -> 0 | H47: =IF(ISLOGICAL(F47),"",G47-G46) -> 0 | I47: =Weighting!$G$23 -> 0 | J47: {=FREQUENCY(IF('Data Transformation'!$B$4:$B$404=D27,'Data Transformation'!$G$4:$G$404),'Bin Analysis and Plots'!$D47)} -> 0 | K47: =J47-J46 -> 0 | L47: =IF(K47=0,0,1) -> 0 | M47: =L47*Weighting!$V$23 -> 0
A48: =IF(ISERROR(INDEX('Data Transformation'!$B$4:$G$450,SMALL(IF('Data Transformation'!$B$4:$B$450='Bin Analysis and Plots'!D27,ROW('Data Transformation'!$B$4:$B$450)),ROW($19:$19))-3,3)),"",INDEX('Data Transformation'!$B$4:$G$450,SMALL(IF('Data Transformation'!$B$4:$B$450='Bin Analysis and Plots'!D27,ROW('Data Transformation'!$B$4:$B$450)),ROW($19:$19))-3,6)) | B48: =IFERROR(SMALL(A30:A49,'Data Transformation'!$L$24),"") | C48: =IF(Weighting!$O$24>0,D48,"") | D48: =Weighting!$C$24 -> #DIV/0! | E48: =Weighting!$E$24 -> #NUM! | F48: =IF(E48=1,'Data Transformation'!$G$3+0.5*'Data Transformation'!$U$25,IF(E49=1,F49-'Data Transformation'!$U$25,FALSE)) -> #NUM! | G48: {=IF(ISLOGICAL(F48),"",FREQUENCY(IF('Data Transformation'!$B$24:$B$404='Bin Analysis and Plots'!$D$27,'Data Transformation'!$G$24:$G$404),'Bin Analysis and Plots'!F48))} -> 0 | H48: =IF(ISLOGICAL(F48),"",G48-G47) -> 0 | I48: =Weighting!$G$24 -> 0 | J48: {=FREQUENCY(IF('Data Transformation'!$B$4:$B$404=D27,'Data Transformation'!$G$4:$G$404),'Bin Analysis and Plots'!$D48)} -> 0 | K48: =J48-J47 -> 0 | L48: =IF(K48=0,0,1) -> 0 | M48: =L48*Weighting!$V$24 -> 0
A49: {=IF(ISERROR(INDEX('Data Transformation'!$B$4:$G$450,SMALL(IF('Data Transformation'!$B$4:$B$450='Bin Analysis and Plots'!D27,ROW('Data Transformation'!$B$4:$B$450)),ROW($20:$20))-3,3)),"",INDEX('Data Transformation'!$B$4:$G$450,SMALL(IF('Data Transformation'!$B$4:$B$450='Bin Analysis and Plots'!D27,ROW('Data Transformation'!$B$4:$B$450)),ROW($20:$20))-3,6))} -> FALSE | B49: =IFERROR(SMALL(A30:A49,'Data Transformation'!$L$25),"") | C49: =IF(Weighting!$O$25>0,D49,"") | D49: =Weighting!$C$25 -> #DIV/0! | E49: =Weighting!$E$25 -> #NUM! | F49: =IF(E49=1,'Data Transformation'!$G$3+0.5*'Data Transformation'!$U$25,IF(E50=1,F50-'Data Transformation'!$U$25,FALSE)) -> #NUM! | G49: {=IF(ISLOGICAL(F49),"",FREQUENCY(IF('Data Transformation'!$B$24:$B$404='Bin Analysis and Plots'!$D$27,'Data Transformation'!$G$24:$G$404),'Bin Analysis and Plots'!F49))} -> 0 | H49: =IF(ISLOGICAL(F49),"",G49-G48) -> 0 | I49: =Weighting!$G$25 -> 0 | J49: {=FREQUENCY(IF('Data Transformation'!$B$4:$B$404=D27,'Data Transformation'!$G$4:$G$404),'Bin Analysis and Plots'!$D49)} -> 0 | K49: =J49-J48 -> 0 | L49: =IF(K49=0,0,1) -> 0 | M49: =L49*Weighting!$V$25 -> 0
C50: =IF(B50="","",D50)
C51: Position | D51: ='Input and Summary Results'!G9 | N51: =D51 | O51: =INDEX('Data Transformation'!$O$4:$O$25,MATCH($D51,'Data Transformation'!$M$4:$M$25,0),MATCH($O$2,'Data Transformation'!$O$3,0)) -> #N/A | P51: =IF('Input and Summary Results'!$J$16="minimum",'Bin Analysis and Plots'!Z52/('Bin Analysis and Plots'!O51-1),'Bin Analysis and Plots'!AA51/('Bin Analysis and Plots'!O51-1)) -> #N/A | Q51: =IF(O51=FALSE,NA(),(VLOOKUP(1,E54:M73,4,FALSE))/(O51-1)) -> #N/A | R51: =IF(O51=FALSE,NA(),SUM(L54:L73)/Weighting!$R$5) -> #N/A | S51: =IF(O51=FALSE,NA(),SUM(M54:M73)/Weighting!$R$6) -> #N/A | T51: =IF(O51=FALSE,NA(),(VLOOKUP(1,I54:M73,3,FALSE))/(O51-1)) -> #N/A | U51: =IF(O51=FALSE,NA(),IF(SUM(L54:L73)=2,"yes","no")) -> #N/A | Z51: {=FREQUENCY(IF('Data Transformation'!$B$24:$B$404='Bin Analysis and Plots'!N51,'Data Transformation'!$G$24:$G$404),'Data Transformation'!$U$11)} -> 0 | AA51: {=FREQUENCY(IF('Data Transformation'!$B$24:$B$404='Bin Analysis and Plots'!N51,'Data Transformation'!$G$24:$G$404),'Data Transformation'!$U$12)} -> 0
A52: Function Data | C52: Bins for plots | D52: Bins | E52: Wild Type | F52: WT centered bin | G52: Binned in WT centered bin | I52: Dead Protein | J52: freq | K52: binned | L52: bin occupancy | M52: weighted bins | Z52: 0 | AA52: 0
C53: =IF(B53="","",D53) | F53: =IF(E53=1,'Data Transformation'!$G$3+0.5*'Data Transformation'!$U$25,IF(E54=1,F54-'Data Transformation'!$U$25,FALSE)) -> #NUM! | G53: {=IF(ISLOGICAL(F53),"",FREQUENCY(IF('Data Transformation'!$B$24:$B$404='Bin Analysis and Plots'!$D$51,'Data Transformation'!$G$24:$G$404),'Bin Analysis and Plots'!F53))} -> 0 | H53: =IF(ISLOGICAL(F53),"",G53-G52) -> #VALUE!
A54: {=IF(ISERROR(INDEX('Data Transformation'!$B$4:$G$450,SMALL(IF('Data Transformation'!$B$4:$B$450='Bin Analysis and Plots'!D51,ROW('Data Transformation'!$B$4:$B$450)),ROW($1:$1))-3,3)),"",INDEX('Data Transformation'!$B$4:$G$450,SMALL(IF('Data Transformation'!$B$4:$B$450='Bin Analysis and Plots'!D51,ROW('Data Transformation'!$B$4:$B$450)),ROW($1:$1))-3,6))} -> FALSE | B54: =IFERROR(SMALL(A54:A73,'Data Transformation'!$L$6),"") | C54: =IF(Weighting!$O$6>0,D54,"") -> #NUM! | D54: =Weighting!$C$6 -> #DIV/0! | E54: =Weighting!$E$6 -> #NUM! | F54: =IF(E54=1,'Data Transformation'!$G$3+0.5*'Data Transformation'!$U$25,IF(E55=1,F55-'Data Transformation'!$U$25,FALSE)) -> #NUM! | G54: {=IF(ISLOGICAL(F54),"",FREQUENCY(IF('Data Transformation'!$B$24:$B$404='Bin Analysis and Plots'!$D$51,'Data Transformation'!$G$24:$G$404),'Bin Analysis and Plots'!F54))} -> 0 | H54: =IF(ISLOGICAL(F54),"",G54-G53) -> 0 | I54: =Weighting!$G$6 -> 1 | J54: {=FREQUENCY(IF('Data Transformation'!$B$4:$B$404=D51,'Data Transformation'!$G$4:$G$404),'Bin Analysis and Plots'!$D54)} -> 0 | K54: =J54-J53 -> 0 | L54: =IF(K54=0,0,1) -> 0 | M54: =L54*Weighting!$V$6 -> #NUM!
A55: {=IF(ISERROR(INDEX('Data Transformation'!$B$4:$G$450,SMALL(IF('Data Transformation'!$B$4:$B$450='Bin Analysis and Plots'!D51,ROW('Data Transformation'!$B$4:$B$450)),ROW($2:$2))-3,3)),"",INDEX('Data Transformation'!$B$4:$G$450,SMALL(IF('Data Transformation'!$B$4:$B$450='Bin Analysis and Plots'!D51,ROW('Data Transformation'!$B$4:$B$450)),ROW($2:$2))-3,6))} -> FALSE | B55: =IFERROR(SMALL(A54:A73,'Data Transformation'!$L$7),"") | C55: =IF(Weighting!$O$7>0,D55,"") | D55: =Weighting!$C$7 -> #DIV/0! | E55: =Weighting!$E$7 -> #NUM! | F55: =IF(E55=1,'Data Transformation'!$G$3+0.5*'Data Transformation'!$U$25,IF(E56=1,F56-'Data Transformation'!$U$25,FALSE)) -> #NUM! | G55: {=IF(ISLOGICAL(F55),"",FREQUENCY(IF('Data Transformation'!$B$24:$B$404='Bin Analysis and Plots'!$D$51,'Data Transformation'!$G$24:$G$404),'Bin Analysis and Plots'!F55))} -> 0 | H55: =IF(ISLOGICAL(F55),"",G55-G54) -> 0 | I55: =Weighting!$G$7 -> 0 | J55: {=FREQUENCY(IF('Data Transformation'!$B$4:$B$404=D51,'Data Transformation'!$G$4:$G$404),'Bin Analysis and Plots'!$D55)} -> 0 | K55: =J55-J54 -> 0 | L55: =IF(K55=0,0,1) -> 0 | M55: =L55*Weighting!$V$7 -> 0
A56: {=IF(ISERROR(INDEX('Data Transformation'!$B$4:$G$450,SMALL(IF('Data Transformation'!$B$4:$B$450='Bin Analysis and Plots'!D51,ROW('Data Transformation'!$B$4:$B$450)),ROW($3:$3))-3,3)),"",INDEX('Data Transformation'!$B$4:$G$450,SMALL(IF('Data Transformation'!$B$4:$B$450='Bin Analysis and Plots'!D51,ROW('Data Transformation'!$B$4:$B$450)),ROW($3:$3))-3,6))} -> FALSE | B56: =IFERROR(SMALL(A54:A73,'Data Transformation'!$L$8),"") | C56: =IF(Weighting!$O$8>0,D56,"") | D56: =Weighting!$C$8 -> #DIV/0! | E56: =Weighting!$E$8 -> #NUM! | F56: =IF(E56=1,'Data Transformation'!$G$3+0.5*'Data Transformation'!$U$25,IF(E57=1,F57-'Data Transformation'!$U$25,FALSE)) -> #NUM! | G56: {=IF(ISLOGICAL(F56),"",FREQUENCY(IF('Data Transformation'!$B$24:$B$404='Bin Analysis and Plots'!$D$51,'Data Transformation'!$G$24:$G$404),'Bin Analysis and Plots'!F56))} -> 0 | H56: =IF(ISLOGICAL(F56),"",G56-G55) -> 0 | I56: =Weighting!$G$8 -> 0 | J56: {=FREQUENCY(IF('Data Transformation'!$B$4:$B$404=D51,'Data Transformation'!$G$4:$G$404),'Bin Analysis and Plots'!$D56)} -> 0 | K56: =J56-J55 -> 0 | L56: =IF(K56=0,0,1) -> 0 | M56: =L56*Weighting!$V$8 -> 0
A57: {=IF(ISERROR(INDEX('Data Transformation'!$B$4:$G$450,SMALL(IF('Data Transformation'!$B$4:$B$450='Bin Analysis and Plots'!D51,ROW('Data Transformation'!$B$4:$B$450)),ROW($4:$4))-3,3)),"",INDEX('Data Transformation'!$B$4:$G$450,SMALL(IF('Data Transformation'!$B$4:$B$450='Bin Analysis and Plots'!D51,ROW('Data Transformation'!$B$4:$B$450)),ROW($4:$4))-3,6))} -> FALSE | B57: =IFERROR(SMALL(A54:A73,'Data Transformation'!$L$9),"") | C57: =IF(Weighting!$O$9>0,D57,"") | D57: =Weighting!$C$9 -> #DIV/0! | E57: =Weighting!$E$9 -> #NUM! | F57: =IF(E57=1,'Data Transformation'!$G$3+0.5*'Data Transformation'!$U$25,IF(E58=1,F58-'Data Transformation'!$U$25,FALSE)) -> #NUM! | G57: {=IF(ISLOGICAL(F57),"",FREQUENCY(IF('Data Transformation'!$B$24:$B$404='Bin Analysis and Plots'!$D$51,'Data Transformation'!$G$24:$G$404),'Bin Analysis and Plots'!F57))} -> 0 | H57: =IF(ISLOGICAL(F57),"",G57-G56) -> 0 | I57: =Weighting!$G$9 -> 0 | J57: {=FREQUENCY(IF('Data Transformation'!$B$4:$B$404=D51,'Data Transformation'!$G$4:$G$404),'Bin Analysis and Plots'!$D57)} -> 0 | K57: =J57-J56 -> 0 | L57: =IF(K57=0,0,1) -> 0 | M57: =L57*Weighting!$V$9 -> 0
A58: {=IF(ISERROR(INDEX('Data Transformation'!$B$4:$G$450,SMALL(IF('Data Transformation'!$B$4:$B$450='Bin Analysis and Plots'!D51,ROW('Data Transformation'!$B$4:$B$450)),ROW($5:$5))-3,3)),"",INDEX('Data Transformation'!$B$4:$G$450,SMALL(IF('Data Transformation'!$B$4:$B$450='Bin Analysis and Plots'!D51,ROW('Data Transformation'!$B$4:$B$450)),ROW($5:$5))-3,6))} -> FALSE | B58: =IFERROR(SMALL(A54:A73,'Data Transformation'!$L$10),"") | C58: =IF(Weighting!$O$10>0,D58,"") | D58: =Weighting!$C$10 -> #DIV/0! | E58: =Weighting!$E$10 -> #NUM! | F58: =IF(E58=1,'Data Transformation'!$G$3+0.5*'Data Transformation'!$U$25,IF(E59=1,F59-'Data Transformation'!$U$25,FALSE)) -> #NUM! | G58: {=IF(ISLOGICAL(F58),"",FREQUENCY(IF('Data Transformation'!$B$24:$B$404='Bin Analysis and Plots'!$D$51,'Data Transformation'!$G$24:$G$404),'Bin Analysis and Plots'!F58))} -> 0 | H58: =IF(ISLOGICAL(F58),"",G58-G57) -> 0 | I58: =Weighting!$G$10 -> 0 | J58: {=FREQUENCY(IF('Data Transformation'!$B$4:$B$404=D51,'Data Transformation'!$G$4:$G$404),'Bin Analysis and Plots'!$D58)} -> 0 | K58: =J58-J57 -> 0 | L58: =IF(K58=0,0,1) -> 0 | M58: =L58*Weighting!$V$10 -> 0
A59: {=IF(ISERROR(INDEX('Data Transformation'!$B$4:$G$450,SMALL(IF('Data Transformation'!$B$4:$B$450='Bin Analysis and Plots'!D51,ROW('Data Transformation'!$B$4:$B$450)),ROW($6:$6))-3,3)),"",INDEX('Data Transformation'!$B$4:$G$450,SMALL(IF('Data Transformation'!$B$4:$B$450='Bin Analysis and Plots'!D51,ROW('Data Transformation'!$B$4:$B$450)),ROW($6:$6))-3,6))} -> FALSE | B59: =IFERROR(SMALL(A54:A73,'Data Transformation'!$L$11),"") | C59: =IF(Weighting!$O$11>0,D59,"") | D59: =Weighting!$C$11 -> #DIV/0! | E59: =Weighting!$E$11 -> #NUM! | F59: =IF(E59=1,'Data Transformation'!$G$3+0.5*'Data Transformation'!$U$25,IF(E60=1,F60-'Data Transformation'!$U$25,FALSE)) -> #NUM! | G59: {=IF(ISLOGICAL(F59),"",FREQUENCY(IF('Data Transformation'!$B$24:$B$404='Bin Analysis and Plots'!$D$51,'Data Transformation'!$G$24:$G$404),'Bin Analysis and Plots'!F59))} -> 0 | H59: =IF(ISLOGICAL(F59),"",G59-G58) -> 0 | I59: =Weighting!$G$11 -> 0 | J59: {=FREQUENCY(IF('Data Transformation'!$B$4:$B$404=D51,'Data Transformation'!$G$4:$G$404),'Bin Analysis and Plots'!$D59)} -> 0 | K59: =J59-J58 -> 0 | L59: =IF(K59=0,0,1) -> 0 | M59: =L59*Weighting!$V$11 -> 0
A60: {=IF(ISERROR(INDEX('Data Transformation'!$B$4:$G$450,SMALL(IF('Data Transformation'!$B$4:$B$450='Bin Analysis and Plots'!D51,ROW('Data Transformation'!$B$4:$B$450)),ROW($7:$7))-3,3)),"",INDEX('Data Transformation'!$B$4:$G$450,SMALL(IF('Data Transformation'!$B$4:$B$450='Bin Analysis and Plots'!D51,ROW('Data Transformation'!$B$4:$B$450)),ROW($7:$7))-3,6))} -> FALSE | B60: =IFERROR(SMALL(A54:A73,'Data Transformation'!$L$12),"") | C60: =IF(Weighting!$O$12>0,D60,"") | D60: =Weighting!$C$12 -> #DIV/0! | E60: =Weighting!$E$12 -> #NUM! | F60: =IF(E60=1,'Data Transformation'!$G$3+0.5*'Data Transformation'!$U$25,IF(E61=1,F61-'Data Transformation'!$U$25,FALSE)) -> #NUM! | G60: {=IF(ISLOGICAL(F60),"",FREQUENCY(IF('Data Transformation'!$B$24:$B$404='Bin Analysis and Plots'!$D$51,'Data Transformation'!$G$24:$G$404),'Bin Analysis and Plots'!F60))} -> 0 | H60: =IF(ISLOGICAL(F60),"",G60-G59) -> 0 | I60: =Weighting!$G$12 -> 0 | J60: {=FREQUENCY(IF('Data Transformation'!$B$4:$B$404=D51,'Data Transformation'!$G$4:$G$404),'Bin Analysis and Plots'!$D60)} -> 0 | K60: =J60-J59 -> 0 | L60: =IF(K60=0,0,1) -> 0 | M60: =L60*Weighting!$V$12 -> 0
A61: {=IF(ISERROR(INDEX('Data Transformation'!$B$4:$G$450,SMALL(IF('Data Transformation'!$B$4:$B$450='Bin Analysis and Plots'!D51,ROW('Data Transformation'!$B$4:$B$450)),ROW($8:$8))-3,3)),"",INDEX('Data Transformation'!$B$4:$G$450,SMALL(IF('Data Transformation'!$B$4:$B$450='Bin Analysis and Plots'!D51,ROW('Data Transformation'!$B$4:$B$450)),ROW($8:$8))-3,6))} -> FALSE | B61: =IFERROR(SMALL(A54:A73,'Data Transformation'!$L$13),"") | C61: =IF(Weighting!$O$13>0,D61,"") | D61: =Weighting!$C$13 -> #DIV/0! | E61: =Weighting!$E$13 -> #NUM! | F61: =IF(E61=1,'Data Transformation'!$G$3+0.5*'Data Transformation'!$U$25,IF(E62=1,F62-'Data Transformation'!$U$25,FALSE)) -> #NUM! | G61: {=IF(ISLOGICAL(F61),"",FREQUENCY(IF('Data Transformation'!$B$24:$B$404='Bin Analysis and Plots'!$D$51,'Data Transformation'!$G$24:$G$404),'Bin Analysis and Plots'!F61))} -> 0 | H61: =IF(ISLOGICAL(F61),"",G61-G60) -> 0 | I61: =Weighting!$G$13 -> 0 | J61: {=FREQUENCY(IF('Data Transformation'!$B$4:$B$404=D51,'Data Transformation'!$G$4:$G$404),'Bin Analysis and Plots'!$D61)} -> 0 | K61: =J61-J60 -> 0 | L61: =IF(K61=0,0,1) -> 0 | M61: =L61*Weighting!$V$13 -> 0
A62: {=IF(ISERROR(INDEX('Data Transformation'!$B$4:$G$450,SMALL(IF('Data Transformation'!$B$4:$B$450='Bin Analysis and Plots'!D51,ROW('Data Transformation'!$B$4:$B$450)),ROW($9:$9))-3,3)),"",INDEX('Data Transformation'!$B$4:$G$450,SMALL(IF('Data Transformation'!$B$4:$B$450='Bin Analysis and Plots'!D51,ROW('Data Transformation'!$B$4:$B$450)),ROW($9:$9))-3,6))} -> FALSE | B62: =IFERROR(SMALL(A54:A73,'Data Transformation'!$L$14),"") | C62: =IF(Weighting!$O$14>0,D62,"") | D62: =Weighting!$C$14 -> #DIV/0! | E62: =Weighting!$E$14 -> #NUM! | F62: =IF(E62=1,'Data Transformation'!$G$3+0.5*'Data Transformation'!$U$25,IF(E63=1,F63-'Data Transformation'!$U$25,FALSE)) -> #NUM! | G62: {=IF(ISLOGICAL(F62),"",FREQUENCY(IF('Data Transformation'!$B$24:$B$404='Bin Analysis and Plots'!$D$51,'Data Transformation'!$G$24:$G$404),'Bin Analysis and Plots'!F62))} -> 0 | H62: =IF(ISLOGICAL(F62),"",G62-G61) -> 0 | I62: =Weighting!$G$14 -> 0 | J62: {=FREQUENCY(IF('Data Transformation'!$B$4:$B$404=D51,'Data Transformation'!$G$4:$G$404),'Bin Analysis and Plots'!$D62)} -> 0 | K62: =J62-J61 -> 0 | L62: =IF(K62=0,0,1) -> 0 | M62: =L62*Weighting!$V$14 -> 0
A63: {=IF(ISERROR(INDEX('Data Transformation'!$B$4:$G$450,SMALL(IF('Data Transformation'!$B$4:$B$450='Bin Analysis and Plots'!D51,ROW('Data Transformation'!$B$4:$B$450)),ROW($10:$10))-3,3)),"",INDEX('Data Transformation'!$B$4:$G$450,SMALL(IF('Data Transformation'!$B$4:$B$450='Bin Analysis and Plots'!D51,ROW('Data Transformation'!$B$4:$B$450)),ROW($10:$10))-3,6))} -> FALSE | B63: =IFERROR(SMALL(A54:A73,'Data Transformation'!$L$15),"") | C63: =IF(Weighting!$O$15>0,D63,"") | D63: =Weighting!$C$15 -> #DIV/0! | E63: =Weighting!$E$15 -> #NUM! | F63: =IF(E63=1,'Data Transformation'!$G$3+0.5*'Data Transformation'!$U$25,IF(E64=1,F64-'Data Transformation'!$U$25,FALSE)) -> #NUM! | G63: {=IF(ISLOGICAL(F63),"",FREQUENCY(IF('Data Transformation'!$B$24:$B$404='Bin Analysis and Plots'!$D$51,'Data Transformation'!$G$24:$G$404),'Bin Analysis and Plots'!F63))} -> 0 | H63: =IF(ISLOGICAL(F63),"",G63-G62) -> 0 | I63: =Weighting!$G$15 -> 0 | J63: {=FREQUENCY(IF('Data Transformation'!$B$4:$B$404=D51,'Data Transformation'!$G$4:$G$404),'Bin Analysis and Plots'!$D63)} -> 0 | K63: =J63-J62 -> 0 | L63: =IF(K63=0,0,1) -> 0 | M63: =L63*Weighting!$V$15 -> 0
A64: {=IF(ISERROR(INDEX('Data Transformation'!$B$4:$G$450,SMALL(IF('Data Transformation'!$B$4:$B$450='Bin Analysis and Plots'!D51,ROW('Data Transformation'!$B$4:$B$450)),ROW($11:$11))-3,3)),"",INDEX('Data Transformation'!$B$4:$G$450,SMALL(IF('Data Transformation'!$B$4:$B$450='Bin Analysis and Plots'!D51,ROW('Data Transformation'!$B$4:$B$450)),ROW($11:$11))-3,6))} -> FALSE | B64: =IFERROR(SMALL(A54:A73,'Data Transformation'!$L$16),"") | C64: =IF(Weighting!$O$16>0,D64,"") | D64: =Weighting!$C$16 -> #DIV/0! | E64: =Weighting!$E$16 -> #NUM! | F64: =IF(E64=1,'Data Transformation'!$G$3+0.5*'Data Transformation'!$U$25,IF(E65=1,F65-'Data Transformation'!$U$25,FALSE)) -> #NUM! | G64: {=IF(ISLOGICAL(F64),"",FREQUENCY(IF('Data Transformation'!$B$24:$B$404='Bin Analysis and Plots'!$D$51,'Data Transformation'!$G$24:$G$404),'Bin Analysis and Plots'!F64))} -> 0 | H64: =IF(ISLOGICAL(F64),"",G64-G63) -> 0 | I64: =Weighting!$G$16 -> 0 | J64: {=FREQUENCY(IF('Data Transformation'!$B$4:$B$404=D51,'Data Transformation'!$G$4:$G$404),'Bin Analysis and Plots'!$D64)} -> 0 | K64: =J64-J63 -> 0 | L64: =IF(K64=0,0,1) -> 0 | M64: =L64*Weighting!$V$16 -> 0
A65: {=IF(ISERROR(INDEX('Data Transformation'!$B$4:$G$450,SMALL(IF('Data Transformation'!$B$4:$B$450='Bin Analysis and Plots'!D51,ROW('Data Transformation'!$B$4:$B$450)),ROW($12:$12))-3,3)),"",INDEX('Data Transformation'!$B$4:$G$450,SMALL(IF('Data Transformation'!$B$4:$B$450='Bin Analysis and Plots'!D51,ROW('Data Transformation'!$B$4:$B$450)),ROW($12:$12))-3,6))} -> FALSE | B65: =IFERROR(SMALL(A54:A73,'Data Transformation'!$L$17),"") | C65: =IF(Weighting!$O$17>0,D65,"") | D65: =Weighting!$C$17 -> #DIV/0! | E65: =Weighting!$E$17 -> #NUM! | F65: =IF(E65=1,'Data Transformation'!$G$3+0.5*'Data Transformation'!$U$25,IF(E66=1,F66-'Data Transformation'!$U$25,FALSE)) -> #NUM! | G65: {=IF(ISLOGICAL(F65),"",FREQUENCY(IF('Data Transformation'!$B$24:$B$404='Bin Analysis and Plots'!$D$51,'Data Transformation'!$G$24:$G$404),'Bin Analysis and Plots'!F65))} -> 0 | H65: =IF(ISLOGICAL(F65),"",G65-G64) -> 0 | I65: =Weighting!$G$17 -> 0 | J65: {=FREQUENCY(IF('Data Transformation'!$B$4:$B$404=D51,'Data Transformation'!$G$4:$G$404),'Bin Analysis and Plots'!$D65)} -> 0 | K65: =J65-J64 -> 0 | L65: =IF(K65=0,0,1) -> 0 | M65: =L65*Weighting!$V$17 -> 0
A66: {=IF(ISERROR(INDEX('Data Transformation'!$B$4:$G$450,SMALL(IF('Data Transformation'!$B$4:$B$450='Bin Analysis and Plots'!D51,ROW('Data Transformation'!$B$4:$B$450)),ROW($13:$13))-3,3)),"",INDEX('Data Transformation'!$B$4:$G$450,SMALL(IF('Data Transformation'!$B$4:$B$450='Bin Analysis and Plots'!D51,ROW('Data Transformation'!$B$4:$B$450)),ROW($13:$13))-3,6))} -> FALSE | B66: =IFERROR(SMALL(A54:A73,'Data Transformation'!$L$18),"") | C66: =IF(Weighting!$O$18>0,D66,"") | D66: =Weighting!$C$18 -> #DIV/0! | E66: =Weighting!$E$18 -> #NUM! | F66: =IF(E66=1,'Data Transformation'!$G$3+0.5*'Data Transformation'!$U$25,IF(E67=1,F67-'Data Transformation'!$U$25,FALSE)) -> #NUM! | G66: {=IF(ISLOGICAL(F66),"",FREQUENCY(IF('Data Transformation'!$B$24:$B$404='Bin Analysis and Plots'!$D$51,'Data Transformation'!$G$24:$G$404),'Bin Analysis and Plots'!F66))} -> 0 | H66: =IF(ISLOGICAL(F66),"",G66-G65) -> 0 | I66: =Weighting!$G$18 -> 0 | J66: {=FREQUENCY(IF('Data Transformation'!$B$4:$B$404=D51,'Data Transformation'!$G$4:$G$404),'Bin Analysis and Plots'!$D66)} -> 0 | K66: =J66-J65 -> 0 | L66: =IF(K66=0,0,1) -> 0 | M66: =L66*Weighting!$V$18 -> 0
A67: {=IF(ISERROR(INDEX('Data Transformation'!$B$4:$G$450,SMALL(IF('Data Transformation'!$B$4:$B$450='Bin Analysis and Plots'!D51,ROW('Data Transformation'!$B$4:$B$450)),ROW($14:$14))-3,3)),"",INDEX('Data Transformation'!$B$4:$G$450,SMALL(IF('Data Transformation'!$B$4:$B$450='Bin Analysis and Plots'!D51,ROW('Data Transformation'!$B$4:$B$450)),ROW($14:$14))-3,6))} -> FALSE | B67: =IFERROR(SMALL(A54:A73,'Data Transformation'!$L$19),"") | C67: =IF(Weighting!$O$19>0,D67,"") | D67: =Weighting!$C$19 -> #DIV/0! | E67: =Weighting!$E$19 -> #NUM! | F67: =IF(E67=1,'Data Transformation'!$G$3+0.5*'Data Transformation'!$U$25,IF(E68=1,F68-'Data Transformation'!$U$25,FALSE)) -> #NUM! | G67: {=IF(ISLOGICAL(F67),"",FREQUENCY(IF('Data Transformation'!$B$24:$B$404='Bin Analysis and Plots'!$D$51,'Data Transformation'!$G$24:$G$404),'Bin Analysis and Plots'!F67))} -> 0 | H67: =IF(ISLOGICAL(F67),"",G67-G66) -> 0 | I67: =Weighting!$G$19 -> 0 | J67: {=FREQUENCY(IF('Data Transformation'!$B$4:$B$404=D51,'Data Transformation'!$G$4:$G$404),'Bin Analysis and Plots'!$D67)} -> 0 | K67: =J67-J66 -> 0 | L67: =IF(K67=0,0,1) -> 0 | M67: =L67*Weighting!$V$19 -> 0
A68: {=IF(ISERROR(INDEX('Data Transformation'!$B$4:$G$450,SMALL(IF('Data Transformation'!$B$4:$B$450='Bin Analysis and Plots'!D51,ROW('Data Transformation'!$B$4:$B$450)),ROW($15:$15))-3,3)),"",INDEX('Data Transformation'!$B$4:$G$450,SMALL(IF('Data Transformation'!$B$4:$B$450='Bin Analysis and Plots'!D51,ROW('Data Transformation'!$B$4:$B$450)),ROW($15:$15))-3,6))} -> FALSE | B68: =IFERROR(SMALL(A54:A73,'Data Transformation'!$L$20),"") | C68: =IF(Weighting!$O$20>0,D68,"") | D68: =Weighting!$C$20 -> #DIV/0! | E68: =Weighting!$E$20 -> #NUM! | F68: =IF(E68=1,'Data Transformation'!$G$3+0.5*'Data Transformation'!$U$25,IF(E69=1,F69-'Data Transformation'!$U$25,FALSE)) -> #NUM! | G68: {=IF(ISLOGICAL(F68),"",FREQUENCY(IF('Data Transformation'!$B$24:$B$404='Bin Analysis and Plots'!$D$51,'Data Transformation'!$G$24:$G$404),'Bin Analysis and Plots'!F68))} -> 0 | H68: =IF(ISLOGICAL(F68),"",G68-G67) -> 0 | I68: =Weighting!$G$20 -> 0 | J68: {=FREQUENCY(IF('Data Transformation'!$B$4:$B$404=D51,'Data Transformation'!$G$4:$G$404),'Bin Analysis and Plots'!$D68)} -> 0 | K68: =J68-J67 -> 0 | L68: =IF(K68=0,0,1) -> 0 | M68: =L68*Weighting!$V$20 -> 0
A69: {=IF(ISERROR(INDEX('Data Transformation'!$B$4:$G$450,SMALL(IF('Data Transformation'!$B$4:$B$450='Bin Analysis and Plots'!D51,ROW('Data Transformation'!$B$4:$B$450)),ROW($16:$16))-3,3)),"",INDEX('Data Transformation'!$B$4:$G$450,SMALL(IF('Data Transformation'!$B$4:$B$450='Bin Analysis and Plots'!D51,ROW('Data Transformation'!$B$4:$B$450)),ROW($16:$16))-3,6))} -> FALSE | B69: =IFERROR(SMALL(A54:A73,'Data Transformation'!$L$21),"") | C69: =IF(Weighting!$O$21>0,D69,"") | D69: =Weighting!$C$21 -> #DIV/0! | E69: =Weighting!$E$21 -> #NUM! | F69: =IF(E69=1,'Data Transformation'!$G$3+0.5*'Data Transformation'!$U$25,IF(E70=1,F70-'Data Transformation'!$U$25,FALSE)) -> #NUM! | G69: {=IF(ISLOGICAL(F69),"",FREQUENCY(IF('Data Transformation'!$B$24:$B$404='Bin Analysis and Plots'!$D$51,'Data Transformation'!$G$24:$G$404),'Bin Analysis and Plots'!F69))} -> 0 | H69: =IF(ISLOGICAL(F69),"",G69-G68) -> 0 | I69: =Weighting!$G$21 -> 0 | J69: {=FREQUENCY(IF('Data Transformation'!$B$4:$B$404=D51,'Data Transformation'!$G$4:$G$404),'Bin Analysis and Plots'!$D69)} -> 0 | K69: =J69-J68 -> 0 | L69: =IF(K69=0,0,1) -> 0 | M69: =L69*Weighting!$V$21 -> 0
A70: {=IF(ISERROR(INDEX('Data Transformation'!$B$4:$G$450,SMALL(IF('Data Transformation'!$B$4:$B$450='Bin Analysis and Plots'!D51,ROW('Data Transformation'!$B$4:$B$450)),ROW($17:$17))-3,3)),"",INDEX('Data Transformation'!$B$4:$G$450,SMALL(IF('Data Transformation'!$B$4:$B$450='Bin Analysis and Plots'!D51,ROW('Data Transformation'!$B$4:$B$450)),ROW($17:$17))-3,6))} -> FALSE | B70: =IFERROR(SMALL(A54:A73,'Data Transformation'!$L$22),"") | C70: =IF(Weighting!$O$22>0,D70,"") | D70: =Weighting!$C$22 -> #DIV/0! | E70: =Weighting!$E$22 -> #NUM! | F70: =IF(E70=1,'Data Transformation'!$G$3+0.5*'Data Transformation'!$U$25,IF(E71=1,F71-'Data Transformation'!$U$25,FALSE)) -> #NUM! | G70: {=IF(ISLOGICAL(F70),"",FREQUENCY(IF('Data Transformation'!$B$24:$B$404='Bin Analysis and Plots'!$D$51,'Data Transformation'!$G$24:$G$404),'Bin Analysis and Plots'!F70))} -> 0 | H70: =IF(ISLOGICAL(F70),"",G70-G69) -> 0 | I70: =Weighting!$G$22 -> 0 | J70: {=FREQUENCY(IF('Data Transformation'!$B$4:$B$404=D51,'Data Transformation'!$G$4:$G$404),'Bin Analysis and Plots'!$D70)} -> 0 | K70: =J70-J69 -> 0 | L70: =IF(K70=0,0,1) -> 0 | M70: =L70*Weighting!$V$22 -> 0
A71: {=IF(ISERROR(INDEX('Data Transformation'!$B$4:$G$450,SMALL(IF('Data Transformation'!$B$4:$B$450='Bin Analysis and Plots'!D51,ROW('Data Transformation'!$B$4:$B$450)),ROW($18:$18))-3,3)),"",INDEX('Data Transformation'!$B$4:$G$450,SMALL(IF('Data Transformation'!$B$4:$B$450='Bin Analysis and Plots'!D51,ROW('Data Transformation'!$B$4:$B$450)),ROW($18:$18))-3,6))} -> FALSE | B71: =IFERROR(SMALL(A54:A73,'Data Transformation'!$L$23),"") | C71: =IF(Weighting!$O$23>0,D71,"") | D71: =Weighting!$C$23 -> #DIV/0! | E71: =Weighting!$E$23 -> #NUM! | F71: =IF(E71=1,'Data Transformation'!$G$3+0.5*'Data Transformation'!$U$25,IF(E72=1,F72-'Data Transformation'!$U$25,FALSE)) -> #NUM! | G71: {=IF(ISLOGICAL(F71),"",FREQUENCY(IF('Data Transformation'!$B$24:$B$404='Bin Analysis and Plots'!$D$51,'Data Transformation'!$G$24:$G$404),'Bin Analysis and Plots'!F71))} -> 0 | H71: =IF(ISLOGICAL(F71),"",G71-G70) -> 0 | I71: =Weighting!$G$23 -> 0 | J71: {=FREQUENCY(IF('Data Transformation'!$B$4:$B$404=D51,'Data Transformation'!$G$4:$G$404),'Bin Analysis and Plots'!$D71)} -> 0 | K71: =J71-J70 -> 0 | L71: =IF(K71=0,0,1) -> 0 | M71: =L71*Weighting!$V$23 -> 0
A72: =IF(ISERROR(INDEX('Data Transformation'!$B$4:$G$450,SMALL(IF('Data Transformation'!$B$4:$B$450='Bin Analysis and Plots'!D51,ROW('Data Transformation'!$B$4:$B$450)),ROW($19:$19))-3,3)),"",INDEX('Data Transformation'!$B$4:$G$450,SMALL(IF('Data Transformation'!$B$4:$B$450='Bin Analysis and Plots'!D51,ROW('Data Transformation'!$B$4:$B$450)),ROW($19:$19))-3,6)) | B72: =IFERROR(SMALL(A54:A73,'Data Transformation'!$L$24),"") | C72: =IF(Weighting!$O$24>0,D72,"") | D72: =Weighting!$C$24 -> #DIV/0! | E72: =Weighting!$E$24 -> #NUM! | F72: =IF(E72=1,'Data Transformation'!$G$3+0.5*'Data Transformation'!$U$25,IF(E73=1,F73-'Data Transformation'!$U$25,FALSE)) -> #NUM! | G72: {=IF(ISLOGICAL(F72),"",FREQUENCY(IF('Data Transformation'!$B$24:$B$404='Bin Analysis and Plots'!$D$51,'Data Transformation'!$G$24:$G$404),'Bin Analysis and Plots'!F72))} -> 0 | H72: =IF(ISLOGICAL(F72),"",G72-G71) -> 0 | I72: =Weighting!$G$24 -> 0 | J72: {=FREQUENCY(IF('Data Transformation'!$B$4:$B$404=D51,'Data Transformation'!$G$4:$G$404),'Bin Analysis and Plots'!$D72)} -> 0 | K72: =J72-J71 -> 0 | L72: =IF(K72=0,0,1) -> 0 | M72: =L72*Weighting!$V$24 -> 0
A73: {=IF(ISERROR(INDEX('Data Transformation'!$B$4:$G$450,SMALL(IF('Data Transformation'!$B$4:$B$450='Bin Analysis and Plots'!D51,ROW('Data Transformation'!$B$4:$B$450)),ROW($20:$20))-3,3)),"",INDEX('Data Transformation'!$B$4:$G$450,SMALL(IF('Data Transformation'!$B$4:$B$450='Bin Analysis and Plots'!D51,ROW('Data Transformation'!$B$4:$B$450)),ROW($20:$20))-3,6))} -> FALSE | B73: =IFERROR(SMALL(A54:A73,'Data Transformation'!$L$25),"") | C73: =IF(Weighting!$O$25>0,D73,"") | D73: =Weighting!$C$25 -> #DIV/0! | E73: =Weighting!$E$25 -> #NUM! | F73: =IF(E73=1,'Data Transformation'!$G$3+0.5*'Data Transformation'!$U$25,IF(E74=1,F74-'Data Transformation'!$U$25,FALSE)) -> #NUM! | G73: {=IF(ISLOGICAL(F73),"",FREQUENCY(IF('Data Transformation'!$B$24:$B$404='Bin Analysis and Plots'!$D$51,'Data Transformation'!$G$24:$G$404),'Bin Analysis and Plots'!F73))} -> 0 | H73: =IF(ISLOGICAL(F73),"",G73-G72) -> 0 | I73: =Weighting!$G$25 -> 0 | J73: {=FREQUENCY(IF('Data Transformation'!$B$4:$B$404=D51,'Data Transformation'!$G$4:$G$404),'Bin Analysis and Plots'!$D73)} -> 0 | K73: =J73-J72 -> 0 | L73: =IF(K73=0,0,1) -> 0 | M73: =L73*Weighting!$V$25 -> 0
C74: =IF(B74="","",D74)
C75: Position | D75: ='Input and Summary Results'!G10 | N75: =D75 | O75: =INDEX('Data Transformation'!$O$4:$O$25,MATCH($D75,'Data Transformation'!$M$4:$M$25,0),MATCH($O$2,'Data Transformation'!$O$3,0)) -> #N/A | P75: =IF('Input and Summary Results'!$J$16="minimum",'Bin Analysis and Plots'!Z76/('Bin Analysis and Plots'!O75-1),'Bin Analysis and Plots'!AA75/('Bin Analysis and Plots'!O75-1)) -> #N/A | Q75: =IF(O75=FALSE,NA(),(VLOOKUP(1,E78:M97,4,FALSE))/(O75-1)) -> #N/A | R75: =IF(O75=FALSE,NA(),SUM(L78:L97)/Weighting!$R$5) -> #N/A | S75: =IF(O75=FALSE,NA(),SUM(M78:M97)/Weighting!$R$6) -> #N/A | T75: =IF(O75=FALSE,NA(),(VLOOKUP(1,I78:M97,3,FALSE))/(O75-1)) -> #N/A | U75: =IF(O75=FALSE,NA(),IF(SUM(L78:L97)=2,"yes","no")) -> #N/A | Z75: {=FREQUENCY(IF('Data Transformation'!$B$24:$B$404='Bin Analysis and Plots'!N75,'Data Transformation'!$G$24:$G$404),'Data Transformation'!$U$11)} -> 0 | AA75: {=FREQUENCY(IF('Data Transformation'!$B$24:$B$404='Bin Analysis and Plots'!N75,'Data Transformation'!$G$24:$G$404),'Data Transformation'!$U$12)} -> 0
A76: Function Data | C76: Bins for plots | D76: Bins | E76: Wild Type | I76: Dead Protein | J76: freq | K76: binned | L76: bin occupancy | M76: weighted bins | Z76: 0 | AA76: 0
C77: =IF(B77="","",D77) | F77: =IF(E77=1,'Data Transformation'!$G$3+0.5*'Data Transformation'!$U$25,IF(E78=1,F78-'Data Transformation'!$U$25,FALSE)) -> #NUM! | G77: {=IF(ISLOGICAL(F77),"",FREQUENCY(IF('Data Transformation'!$B$24:$B$404='Bin Analysis and Plots'!$D$75,'Data Transformation'!$G$24:$G$404),'Bin Analysis and Plots'!F77))} -> 0 | H77: =IF(ISLOGICAL(F77),"",G77-G76) -> 0
A78: {=IF(ISERROR(INDEX('Data Transformation'!$B$4:$G$450,SMALL(IF('Data Transformation'!$B$4:$B$450='Bin Analysis and Plots'!D75,ROW('Data Transformation'!$B$4:$B$450)),ROW($1:$1))-3,3)),"",INDEX('Data Transformation'!$B$4:$G$450,SMALL(IF('Data Transformation'!$B$4:$B$450='Bin Analysis and Plots'!D75,ROW('Data Transformation'!$B$4:$B$450)),ROW($1:$1))-3,6))} -> FALSE | B78: =IFERROR(SMALL(A78:A97,'Data Transformation'!$L$6),"") | C78: =IF(Weighting!$O$6>0,D78,"") -> #NUM! | D78: =Weighting!$C$6 -> #DIV/0! | E78: =Weighting!$E$6 -> #NUM! | F78: =IF(E78=1,'Data Transformation'!$G$3+0.5*'Data Transformation'!$U$25,IF(E79=1,F79-'Data Transformation'!$U$25,FALSE)) -> #NUM! | G78: {=IF(ISLOGICAL(F78),"",FREQUENCY(IF('Data Transformation'!$B$24:$B$404='Bin Analysis and Plots'!$D$75,'Data Transformation'!$G$24:$G$404),'Bin Analysis and Plots'!F78))} -> 0 | H78: =IF(ISLOGICAL(F78),"",G78-G77) -> 0 | I78: =Weighting!$G$6 -> 1 | J78: {=FREQUENCY(IF('Data Transformation'!$B$4:$B$404=D75,'Data Transformation'!$G$4:$G$404),'Bin Analysis and Plots'!$D78)} -> 0 | K78: =J78-J77 -> 0 | L78: =IF(K78=0,0,1) -> 0 | M78: =L78*Weighting!$V$6 -> #NUM!
A79: {=IF(ISERROR(INDEX('Data Transformation'!$B$4:$G$450,SMALL(IF('Data Transformation'!$B$4:$B$450='Bin Analysis and Plots'!D75,ROW('Data Transformation'!$B$4:$B$450)),ROW($2:$2))-3,3)),"",INDEX('Data Transformation'!$B$4:$G$450,SMALL(IF('Data Transformation'!$B$4:$B$450='Bin Analysis and Plots'!D75,ROW('Data Transformation'!$B$4:$B$450)),ROW($2:$2))-3,6))} -> FALSE | B79: =IFERROR(SMALL(A78:A97,'Data Transformation'!$L$7),"") | C79: =IF(Weighting!$O$7>0,D79,"") | D79: =Weighting!$C$7 -> #DIV/0! | E79: =Weighting!$E$7 -> #NUM! | F79: =IF(E79=1,'Data Transformation'!$G$3+0.5*'Data Transformation'!$U$25,IF(E80=1,F80-'Data Transformation'!$U$25,FALSE)) -> #NUM! | G79: {=IF(ISLOGICAL(F79),"",FREQUENCY(IF('Data Transformation'!$B$24:$B$404='Bin Analysis and Plots'!$D$75,'Data Transformation'!$G$24:$G$404),'Bin Analysis and Plots'!F79))} -> 0 | H79: =IF(ISLOGICAL(F79),"",G79-G78) -> 0 | I79: =Weighting!$G$7 -> 0 | J79: {=FREQUENCY(IF('Data Transformation'!$B$4:$B$404=D75,'Data Transformation'!$G$4:$G$404),'Bin Analysis and Plots'!$D79)} -> 0 | K79: =J79-J78 -> 0 | L79: =IF(K79=0,0,1) -> 0 | M79: =L79*Weighting!$V$7 -> 0
A80: {=IF(ISERROR(INDEX('Data Transformation'!$B$4:$G$450,SMALL(IF('Data Transformation'!$B$4:$B$450='Bin Analysis and Plots'!D75,ROW('Data Transformation'!$B$4:$B$450)),ROW($3:$3))-3,3)),"",INDEX('Data Transformation'!$B$4:$G$450,SMALL(IF('Data Transformation'!$B$4:$B$450='Bin Analysis and Plots'!D75,ROW('Data Transformation'!$B$4:$B$450)),ROW($3:$3))-3,6))} -> FALSE | B80: =IFERROR(SMALL(A78:A97,'Data Transformation'!$L$8),"") | C80: =IF(Weighting!$O$8>0,D80,"") | D80: =Weighting!$C$8 -> #DIV/0! | E80: =Weighting!$E$8 -> #NUM! | F80: =IF(E80=1,'Data Transformation'!$G$3+0.5*'Data Transformation'!$U$25,IF(E81=1,F81-'Data Transformation'!$U$25,FALSE)) -> #NUM! | G80: {=IF(ISLOGICAL(F80),"",FREQUENCY(IF('Data Transformation'!$B$24:$B$404='Bin Analysis and Plots'!$D$75,'Data Transformation'!$G$24:$G$404),'Bin Analysis and Plots'!F80))} -> 0 | H80: =IF(ISLOGICAL(F80),"",G80-G79) -> 0 | I80: =Weighting!$G$8 -> 0 | J80: {=FREQUENCY(IF('Data Transformation'!$B$4:$B$404=D75,'Data Transformation'!$G$4:$G$404),'Bin Analysis and Plots'!$D80)} -> 0 | K80: =J80-J79 -> 0 | L80: =IF(K80=0,0,1) -> 0 | M80: =L80*Weighting!$V$8 -> 0
A81: {=IF(ISERROR(INDEX('Data Transformation'!$B$4:$G$450,SMALL(IF('Data Transformation'!$B$4:$B$450='Bin Analysis and Plots'!D75,ROW('Data Transformation'!$B$4:$B$450)),ROW($4:$4))-3,3)),"",INDEX('Data Transformation'!$B$4:$G$450,SMALL(IF('Data Transformation'!$B$4:$B$450='Bin Analysis and Plots'!D75,ROW('Data Transformation'!$B$4:$B$450)),ROW($4:$4))-3,6))} -> FALSE | B81: =IFERROR(SMALL(A78:A97,'Data Transformation'!$L$9),"") | C81: =IF(Weighting!$O$9>0,D81,"") | D81: =Weighting!$B$9 -> #DIV/0! | E81: =Weighting!$E$9 -> #NUM! | F81: =IF(E81=1,'Data Transformation'!$G$3+0.5*'Data Transformation'!$U$25,IF(E82=1,F82-'Data Transformation'!$U$25,FALSE)) -> #NUM! | G81: {=IF(ISLOGICAL(F81),"",FREQUENCY(IF('Data Transformation'!$B$24:$B$404='Bin Analysis and Plots'!$D$75,'Data Transformation'!$G$24:$G$404),'Bin Analysis and Plots'!F81))} -> 0 | H81: =IF(ISLOGICAL(F81),"",G81-G80) -> 0 | I81: =Weighting!$G$9 -> 0 | J81: {=FREQUENCY(IF('Data Transformation'!$B$4:$B$404=D75,'Data Transformation'!$G$4:$G$404),'Bin Analysis and Plots'!$D81)} -> 0 | K81: =J81-J80 -> 0 | L81: =IF(K81=0,0,1) -> 0 | M81: =L81*Weighting!$V$9 -> 0
A82: {=IF(ISERROR(INDEX('Data Transformation'!$B$4:$G$450,SMALL(IF('Data Transformation'!$B$4:$B$450='Bin Analysis and Plots'!D75,ROW('Data Transformation'!$B$4:$B$450)),ROW($5:$5))-3,3)),"",INDEX('Data Transformation'!$B$4:$G$450,SMALL(IF('Data Transformation'!$B$4:$B$450='Bin Analysis and Plots'!D75,ROW('Data Transformation'!$B$4:$B$450)),ROW($5:$5))-3,6))} -> FALSE | B82: =IFERROR(SMALL(A78:A97,'Data Transformation'!$L$10),"") | C82: =IF(Weighting!$O$10>0,D82,"") | D82: =Weighting!$C$10 -> #DIV/0! | E82: =Weighting!$E$10 -> #NUM! | F82: =IF(E82=1,'Data Transformation'!$G$3+0.5*'Data Transformation'!$U$25,IF(E83=1,F83-'Data Transformation'!$U$25,FALSE)) -> #NUM! | G82: {=IF(ISLOGICAL(F82),"",FREQUENCY(IF('Data Transformation'!$B$24:$B$404='Bin Analysis and Plots'!$D$75,'Data Transformation'!$G$24:$G$404),'Bin Analysis and Plots'!F82))} -> 0 | H82: =IF(ISLOGICAL(F82),"",G82-G81) -> 0 | I82: =Weighting!$G$10 -> 0 | J82: {=FREQUENCY(IF('Data Transformation'!$B$4:$B$404=D75,'Data Transformation'!$G$4:$G$404),'Bin Analysis and Plots'!$D82)} -> 0 | K82: =J82-J81 -> 0 | L82: =IF(K82=0,0,1) -> 0 | M82: =L82*Weighting!$V$10 -> 0
A83: {=IF(ISERROR(INDEX('Data Transformation'!$B$4:$G$450,SMALL(IF('Data Transformation'!$B$4:$B$450='Bin Analysis and Plots'!D75,ROW('Data Transformation'!$B$4:$B$450)),ROW($6:$6))-3,3)),"",INDEX('Data Transformation'!$B$4:$G$450,SMALL(IF('Data Transformation'!$B$4:$B$450='Bin Analysis and Plots'!D75,ROW('Data Transformation'!$B$4:$B$450)),ROW($6:$6))-3,6))} -> FALSE | B83: =IFERROR(SMALL(A78:A97,'Data Transformation'!$L$11),"") | C83: =IF(Weighting!$O$11>0,D83,"") | D83: =Weighting!$C$11 -> #DIV/0! | E83: =Weighting!$E$11 -> #NUM! | F83: =IF(E83=1,'Data Transformation'!$G$3+0.5*'Data Transformation'!$U$25,IF(E84=1,F84-'Data Transformation'!$U$25,FALSE)) -> #NUM! | G83: {=IF(ISLOGICAL(F83),"",FREQUENCY(IF('Data Transformation'!$B$24:$B$404='Bin Analysis and Plots'!$D$75,'Data Transformation'!$G$24:$G$404),'Bin Analysis and Plots'!F83))} -> 0 | H83: =IF(ISLOGICAL(F83),"",G83-G82) -> 0 | I83: =Weighting!$G$11 -> 0 | J83: {=FREQUENCY(IF('Data Transformation'!$B$4:$B$404=D75,'Data Transformation'!$G$4:$G$404),'Bin Analysis and Plots'!$D83)} -> 0 | K83: =J83-J82 -> 0 | L83: =IF(K83=0,0,1) -> 0 | M83: =L83*Weighting!$V$11 -> 0
A84: {=IF(ISERROR(INDEX('Data Transformation'!$B$4:$G$450,SMALL(IF('Data Transformation'!$B$4:$B$450='Bin Analysis and Plots'!D75,ROW('Data Transformation'!$B$4:$B$450)),ROW($7:$7))-3,3)),"",INDEX('Data Transformation'!$B$4:$G$450,SMALL(IF('Data Transformation'!$B$4:$B$450='Bin Analysis and Plots'!D75,ROW('Data Transformation'!$B$4:$B$450)),ROW($7:$7))-3,6))} -> FALSE | B84: =IFERROR(SMALL(A78:A97,'Data Transformation'!$L$12),"") | C84: =IF(Weighting!$O$12>0,D84,"") | D84: =Weighting!$C$12 -> #DIV/0! | E84: =Weighting!$E$12 -> #NUM! | F84: =IF(E84=1,'Data Transformation'!$G$3+0.5*'Data Transformation'!$U$25,IF(E85=1,F85-'Data Transformation'!$U$25,FALSE)) -> #NUM! | G84: {=IF(ISLOGICAL(F84),"",FREQUENCY(IF('Data Transformation'!$B$24:$B$404='Bin Analysis and Plots'!$D$75,'Data Transformation'!$G$24:$G$404),'Bin Analysis and Plots'!F84))} -> 0 | H84: =IF(ISLOGICAL(F84),"",G84-G83) -> 0 | I84: =Weighting!$G$12 -> 0 | J84: {=FREQUENCY(IF('Data Transformation'!$B$4:$B$404=D75,'Data Transformation'!$G$4:$G$404),'Bin Analysis and Plots'!$D84)} -> 0 | K84: =J84-J83 -> 0 | L84: =IF(K84=0,0,1) -> 0 | M84: =L84*Weighting!$V$12 -> 0
A85: {=IF(ISERROR(INDEX('Data Transformation'!$B$4:$G$450,SMALL(IF('Data Transformation'!$B$4:$B$450='Bin Analysis and Plots'!D75,ROW('Data Transformation'!$B$4:$B$450)),ROW($8:$8))-3,3)),"",INDEX('Data Transformation'!$B$4:$G$450,SMALL(IF('Data Transformation'!$B$4:$B$450='Bin Analysis and Plots'!D75,ROW('Data Transformation'!$B$4:$B$450)),ROW($8:$8))-3,6))} -> FALSE | B85: =IFERROR(SMALL(A78:A97,'Data Transformation'!$L$13),"") | C85: =IF(Weighting!$O$13>0,D85,"") | D85: =Weighting!$C$13 -> #DIV/0! | E85: =Weighting!$E$13 -> #NUM! | F85: =IF(E85=1,'Data Transformation'!$G$3+0.5*'Data Transformation'!$U$25,IF(E86=1,F86-'Data Transformation'!$U$25,FALSE)) -> #NUM! | G85: {=IF(ISLOGICAL(F85),"",FREQUENCY(IF('Data Transformation'!$B$24:$B$404='Bin Analysis and Plots'!$D$75,'Data Transformation'!$G$24:$G$404),'Bin Analysis and Plots'!F85))} -> 0 | H85: =IF(ISLOGICAL(F85),"",G85-G84) -> 0 | I85: =Weighting!$G$13 -> 0 | J85: {=FREQUENCY(IF('Data Transformation'!$B$4:$B$404=D75,'Data Transformation'!$G$4:$G$404),'Bin Analysis and Plots'!$D85)} -> 0 | K85: =J85-J84 -> 0 | L85: =IF(K85=0,0,1) -> 0 | M85: =L85*Weighting!$V$13 -> 0
A86: {=IF(ISERROR(INDEX('Data Transformation'!$B$4:$G$450,SMALL(IF('Data Transformation'!$B$4:$B$450='Bin Analysis and Plots'!D75,ROW('Data Transformation'!$B$4:$B$450)),ROW($9:$9))-3,3)),"",INDEX('Data Transformation'!$B$4:$G$450,SMALL(IF('Data Transformation'!$B$4:$B$450='Bin Analysis and Plots'!D75,ROW('Data Transformation'!$B$4:$B$450)),ROW($9:$9))-3,6))} -> FALSE | B86: =IFERROR(SMALL(A78:A97,'Data Transformation'!$L$14),"") | C86: =IF(Weighting!$O$14>0,D86,"") | D86: =Weighting!$C$14 -> #DIV/0! | E86: =Weighting!$E$14 -> #NUM! | F86: =IF(E86=1,'Data Transformation'!$G$3+0.5*'Data Transformation'!$U$25,IF(E87=1,F87-'Data Transformation'!$U$25,FALSE)) -> #NUM! | G86: {=IF(ISLOGICAL(F86),"",FREQUENCY(IF('Data Transformation'!$B$24:$B$404='Bin Analysis and Plots'!$D$75,'Data Transformation'!$G$24:$G$404),'Bin Analysis and Plots'!F86))} -> 0 | H86: =IF(ISLOGICAL(F86),"",G86-G85) -> 0 | I86: =Weighting!$G$14 -> 0 | J86: {=FREQUENCY(IF('Data Transformation'!$B$4:$B$404=D75,'Data Transformation'!$G$4:$G$404),'Bin Analysis and Plots'!$D86)} -> 0 | K86: =J86-J85 -> 0 | L86: =IF(K86=0,0,1) -> 0 | M86: =L86*Weighting!$V$14 -> 0
A87: {=IF(ISERROR(INDEX('Data Transformation'!$B$4:$G$450,SMALL(IF('Data Transformation'!$B$4:$B$450='Bin Analysis and Plots'!D75,ROW('Data Transformation'!$B$4:$B$450)),ROW($10:$10))-3,3)),"",INDEX('Data Transformation'!$B$4:$G$450,SMALL(IF('Data Transformation'!$B$4:$B$450='Bin Analysis and Plots'!D75,ROW('Data Transformation'!$B$4:$B$450)),ROW($10:$10))-3,6))} -> FALSE | B87: =IFERROR(SMALL(A78:A97,'Data Transformation'!$L$15),"") | C87: =IF(Weighting!$O$15>0,D87,"") | D87: =Weighting!$C$15 -> #DIV/0! | E87: =Weighting!$E$15 -> #NUM! | F87: =IF(E87=1,'Data Transformation'!$G$3+0.5*'Data Transformation'!$U$25,IF(E88=1,F88-'Data Transformation'!$U$25,FALSE)) -> #NUM! | G87: {=IF(ISLOGICAL(F87),"",FREQUENCY(IF('Data Transformation'!$B$24:$B$404='Bin Analysis and Plots'!$D$75,'Data Transformation'!$G$24:$G$404),'Bin Analysis and Plots'!F87))} -> 0 | H87: =IF(ISLOGICAL(F87),"",G87-G86) -> 0 | I87: =Weighting!$G$15 -> 0 | J87: {=FREQUENCY(IF('Data Transformation'!$B$4:$B$404=D75,'Data Transformation'!$G$4:$G$404),'Bin Analysis and Plots'!$D87)} -> 0 | K87: =J87-J86 -> 0 | L87: =IF(K87=0,0,1) -> 0 | M87: =L87*Weighting!$V$15 -> 0
A88: {=IF(ISERROR(INDEX('Data Transformation'!$B$4:$G$450,SMALL(IF('Data Transformation'!$B$4:$B$450='Bin Analysis and Plots'!D75,ROW('Data Transformation'!$B$4:$B$450)),ROW($11:$11))-3,3)),"",INDEX('Data Transformation'!$B$4:$G$450,SMALL(IF('Data Transformation'!$B$4:$B$450='Bin Analysis and Plots'!D75,ROW('Data Transformation'!$B$4:$B$450)),ROW($11:$11))-3,6))} -> FALSE | B88: =IFERROR(SMALL(A78:A97,'Data Transformation'!$L$16),"") | C88: =IF(Weighting!$O$16>0,D88,"") | D88: =Weighting!$C$16 -> #DIV/0! | E88: =Weighting!$E$16 -> #NUM! | F88: =IF(E88=1,'Data Transformation'!$G$3+0.5*'Data Transformation'!$U$25,IF(E89=1,F89-'Data Transformation'!$U$25,FALSE)) -> #NUM! | G88: {=IF(ISLOGICAL(F88),"",FREQUENCY(IF('Data Transformation'!$B$24:$B$404='Bin Analysis and Plots'!$D$75,'Data Transformation'!$G$24:$G$404),'Bin Analysis and Plots'!F88))} -> 0 | H88: =IF(ISLOGICAL(F88),"",G88-G87) -> 0 | I88: =Weighting!$G$16 -> 0 | J88: {=FREQUENCY(IF('Data Transformation'!$B$4:$B$404=D75,'Data Transformation'!$G$4:$G$404),'Bin Analysis and Plots'!$D88)} -> 0 | K88: =J88-J87 -> 0 | L88: =IF(K88=0,0,1) -> 0 | M88: =L88*Weighting!$V$16 -> 0
A89: {=IF(ISERROR(INDEX('Data Transformation'!$B$4:$G$450,SMALL(IF('Data Transformation'!$B$4:$B$450='Bin Analysis and Plots'!D75,ROW('Data Transformation'!$B$4:$B$450)),ROW($12:$12))-3,3)),"",INDEX('Data Transformation'!$B$4:$G$450,SMALL(IF('Data Transformation'!$B$4:$B$450='Bin Analysis and Plots'!D75,ROW('Data Transformation'!$B$4:$B$450)),ROW($12:$12))-3,6))} -> FALSE | B89: =IFERROR(SMALL(A78:A97,'Data Transformation'!$L$17),"") | C89: =IF(Weighting!$O$17>0,D89,"") | D89: =Weighting!$C$17 -> #DIV/0! | E89: =Weighting!$E$17 -> #NUM! | F89: =IF(E89=1,'Data Transformation'!$G$3+0.5*'Data Transformation'!$U$25,IF(E90=1,F90-'Data Transformation'!$U$25,FALSE)) -> #NUM! | G89: {=IF(ISLOGICAL(F89),"",FREQUENCY(IF('Data Transformation'!$B$24:$B$404='Bin Analysis and Plots'!$D$75,'Data Transformation'!$G$24:$G$404),'Bin Analysis and Plots'!F89))} -> 0 | H89: =IF(ISLOGICAL(F89),"",G89-G88) -> 0 | I89: =Weighting!$G$17 -> 0 | J89: {=FREQUENCY(IF('Data Transformation'!$B$4:$B$404=D75,'Data Transformation'!$G$4:$G$404),'Bin Analysis and Plots'!$D89)} -> 0 | K89: =J89-J88 -> 0 | L89: =IF(K89=0,0,1) -> 0 | M89: =L89*Weighting!$V$17 -> 0
A90: {=IF(ISERROR(INDEX('Data Transformation'!$B$4:$G$450,SMALL(IF('Data Transformation'!$B$4:$B$450='Bin Analysis and Plots'!D75,ROW('Data Transformation'!$B$4:$B$450)),ROW($13:$13))-3,3)),"",INDEX('Data Transformation'!$B$4:$G$450,SMALL(IF('Data Transformation'!$B$4:$B$450='Bin Analysis and Plots'!D75,ROW('Data Transformation'!$B$4:$B$450)),ROW($13:$13))-3,6))} -> FALSE | B90: =IFERROR(SMALL(A78:A97,'Data Transformation'!$L$18),"") | C90: =IF(Weighting!$O$18>0,D90,"") | D90: =Weighting!$C$18 -> #DIV/0! | E90: =Weighting!$E$18 -> #NUM! | F90: =IF(E90=1,'Data Transformation'!$G$3+0.5*'Data Transformation'!$U$25,IF(E91=1,F91-'Data Transformation'!$U$25,FALSE)) -> #NUM! | G90: {=IF(ISLOGICAL(F90),"",FREQUENCY(IF('Data Transformation'!$B$24:$B$404='Bin Analysis and Plots'!$D$75,'Data Transformation'!$G$24:$G$404),'Bin Analysis and Plots'!F90))} -> 0 | H90: =IF(ISLOGICAL(F90),"",G90-G89) -> 0 | I90: =Weighting!$G$18 -> 0 | J90: {=FREQUENCY(IF('Data Transformation'!$B$4:$B$404=D75,'Data Transformation'!$G$4:$G$404),'Bin Analysis and Plots'!$D90)} -> 0 | K90: =J90-J89 -> 0 | L90: =IF(K90=0,0,1) -> 0 | M90: =L90*Weighting!$V$18 -> 0
A91: {=IF(ISERROR(INDEX('Data Transformation'!$B$4:$G$450,SMALL(IF('Data Transformation'!$B$4:$B$450='Bin Analysis and Plots'!D75,ROW('Data Transformation'!$B$4:$B$450)),ROW($14:$14))-3,3)),"",INDEX('Data Transformation'!$B$4:$G$450,SMALL(IF('Data Transformation'!$B$4:$B$450='Bin Analysis and Plots'!D75,ROW('Data Transformation'!$B$4:$B$450)),ROW($14:$14))-3,6))} -> FALSE | B91: =IFERROR(SMALL(A78:A97,'Data Transformation'!$L$19),"") | C91: =IF(Weighting!$O$19>0,D91,"") | D91: =Weighting!$C$19 -> #DIV/0! | E91: =Weighting!$E$19 -> #NUM! | F91: =IF(E91=1,'Data Transformation'!$G$3+0.5*'Data Transformation'!$U$25,IF(E92=1,F92-'Data Transformation'!$U$25,FALSE)) -> #NUM! | G91: {=IF(ISLOGICAL(F91),"",FREQUENCY(IF('Data Transformation'!$B$24:$B$404='Bin Analysis and Plots'!$D$75,'Data Transformation'!$G$24:$G$404),'Bin Analysis and Plots'!F91))} -> 0 | H91: =IF(ISLOGICAL(F91),"",G91-G90) -> 0 | I91: =Weighting!$G$19 -> 0 | J91: {=FREQUENCY(IF('Data Transformation'!$B$4:$B$404=D75,'Data Transformation'!$G$4:$G$404),'Bin Analysis and Plots'!$D91)} -> 0 | K91: =J91-J90 -> 0 | L91: =IF(K91=0,0,1) -> 0 | M91: =L91*Weighting!$V$19 -> 0
A92: {=IF(ISERROR(INDEX('Data Transformation'!$B$4:$G$450,SMALL(IF('Data Transformation'!$B$4:$B$450='Bin Analysis and Plots'!D75,ROW('Data Transformation'!$B$4:$B$450)),ROW($15:$15))-3,3)),"",INDEX('Data Transformation'!$B$4:$G$450,SMALL(IF('Data Transformation'!$B$4:$B$450='Bin Analysis and Plots'!D75,ROW('Data Transformation'!$B$4:$B$450)),ROW($15:$15))-3,6))} -> FALSE | B92: =IFERROR(SMALL(A78:A97,'Data Transformation'!$L$20),"") | C92: =IF(Weighting!$O$20>0,D92,"") | D92: =Weighting!$C$20 -> #DIV/0! | E92: =Weighting!$E$20 -> #NUM! | F92: =IF(E92=1,'Data Transformation'!$G$3+0.5*'Data Transformation'!$U$25,IF(E93=1,F93-'Data Transformation'!$U$25,FALSE)) -> #NUM! | G92: {=IF(ISLOGICAL(F92),"",FREQUENCY(IF('Data Transformation'!$B$24:$B$404='Bin Analysis and Plots'!$D$75,'Data Transformation'!$G$24:$G$404),'Bin Analysis and Plots'!F92))} -> 0 | H92: =IF(ISLOGICAL(F92),"",G92-G91) -> 0 | I92: =Weighting!$G$20 -> 0 | J92: {=FREQUENCY(IF('Data Transformation'!$B$4:$B$404=D75,'Data Transformation'!$G$4:$G$404),'Bin Analysis and Plots'!$D92)} -> 0 | K92: =J92-J91 -> 0 | L92: =IF(K92=0,0,1) -> 0 | M92: =L92*Weighting!$V$20 -> 0
A93: {=IF(ISERROR(INDEX('Data Transformation'!$B$4:$G$450,SMALL(IF('Data Transformation'!$B$4:$B$450='Bin Analysis and Plots'!D75,ROW('Data Transformation'!$B$4:$B$450)),ROW($16:$16))-3,3)),"",INDEX('Data Transformation'!$B$4:$G$450,SMALL(IF('Data Transformation'!$B$4:$B$450='Bin Analysis and Plots'!D75,ROW('Data Transformation'!$B$4:$B$450)),ROW($16:$16))-3,6))} -> FALSE | B93: =IFERROR(SMALL(A78:A97,'Data Transformation'!$L$21),"") | C93: =IF(Weighting!$O$21>0,D93,"") | D93: =Weighting!$C$21 -> #DIV/0! | E93: =Weighting!$E$21 -> #NUM! | F93: =IF(E93=1,'Data Transformation'!$G$3+0.5*'Data Transformation'!$U$25,IF(E94=1,F94-'Data Transformation'!$U$25,FALSE)) -> #NUM! | G93: {=IF(ISLOGICAL(F93),"",FREQUENCY(IF('Data Transformation'!$B$24:$B$404='Bin Analysis and Plots'!$D$75,'Data Transformation'!$G$24:$G$404),'Bin Analysis and Plots'!F93))} -> 0 | H93: =IF(ISLOGICAL(F93),"",G93-G92) -> 0 | I93: =Weighting!$G$21 -> 0 | J93: {=FREQUENCY(IF('Data Transformation'!$B$4:$B$404=D75,'Data Transformation'!$G$4:$G$404),'Bin Analysis and Plots'!$D93)} -> 0 | K93: =J93-J92 -> 0 | L93: =IF(K93=0,0,1) -> 0 | M93: =L93*Weighting!$V$21 -> 0
A94: {=IF(ISERROR(INDEX('Data Transformation'!$B$4:$G$450,SMALL(IF('Data Transformation'!$B$4:$B$450='Bin Analysis and Plots'!D75,ROW('Data Transformation'!$B$4:$B$450)),ROW($17:$17))-3,3)),"",INDEX('Data Transformation'!$B$4:$G$450,SMALL(IF('Data Transformation'!$B$4:$B$450='Bin Analysis and Plots'!D75,ROW('Data Transformation'!$B$4:$B$450)),ROW($17:$17))-3,6))} -> FALSE | B94: =IFERROR(SMALL(A78:A97,'Data Transformation'!$L$22),"") | C94: =IF(Weighting!$O$22>0,D94,"") | D94: =Weighting!$C$22 -> #DIV/0! | E94: =Weighting!$E$22 -> #NUM! | F94: =IF(E94=1,'Data Transformation'!$G$3+0.5*'Data Transformation'!$U$25,IF(E95=1,F95-'Data Transformation'!$U$25,FALSE)) -> #NUM! | G94: {=IF(ISLOGICAL(F94),"",FREQUENCY(IF('Data Transformation'!$B$24:$B$404='Bin Analysis and Plots'!$D$75,'Data Transformation'!$G$24:$G$404),'Bin Analysis and Plots'!F94))} -> 0 | H94: =IF(ISLOGICAL(F94),"",G94-G93) -> 0 | I94: =Weighting!$G$22 -> 0 | J94: {=FREQUENCY(IF('Data Transformation'!$B$4:$B$404=D75,'Data Transformation'!$G$4:$G$404),'Bin Analysis and Plots'!$D94)} -> 0 | K94: =J94-J93 -> 0 | L94: =IF(K94=0,0,1) -> 0 | M94: =L94*Weighting!$V$22 -> 0
A95: {=IF(ISERROR(INDEX('Data Transformation'!$B$4:$G$450,SMALL(IF('Data Transformation'!$B$4:$B$450='Bin Analysis and Plots'!D75,ROW('Data Transformation'!$B$4:$B$450)),ROW($18:$18))-3,3)),"",INDEX('Data Transformation'!$B$4:$G$450,SMALL(IF('Data Transformation'!$B$4:$B$450='Bin Analysis and Plots'!D75,ROW('Data Transformation'!$B$4:$B$450)),ROW($18:$18))-3,6))} -> FALSE | B95: =IFERROR(SMALL(A78:A97,'Data Transformation'!$L$23),"") | C95: =IF(Weighting!$O$23>0,D95,"") | D95: =Weighting!$C$23 -> #DIV/0! | E95: =Weighting!$E$23 -> #NUM! | F95: =IF(E95=1,'Data Transformation'!$G$3+0.5*'Data Transformation'!$U$25,IF(E96=1,F96-'Data Transformation'!$U$25,FALSE)) -> #NUM! | G95: {=IF(ISLOGICAL(F95),"",FREQUENCY(IF('Data Transformation'!$B$24:$B$404='Bin Analysis and Plots'!$D$75,'Data Transformation'!$G$24:$G$404),'Bin Analysis and Plots'!F95))} -> 0 | H95: =IF(ISLOGICAL(F95),"",G95-G94) -> 0 | I95: =Weighting!$G$23 -> 0 | J95: {=FREQUENCY(IF('Data Transformation'!$B$4:$B$404=D75,'Data Transformation'!$G$4:$G$404),'Bin Analysis and Plots'!$D95)} -> 0 | K95: =J95-J94 -> 0 | L95: =IF(K95=0,0,1) -> 0 | M95: =L95*Weighting!$V$23 -> 0
A96: =IF(ISERROR(INDEX('Data Transformation'!$B$4:$G$450,SMALL(IF('Data Transformation'!$B$4:$B$450='Bin Analysis and Plots'!D75,ROW('Data Transformation'!$B$4:$B$450)),ROW($19:$19))-3,3)),"",INDEX('Data Transformation'!$B$4:$G$450,SMALL(IF('Data Transformation'!$B$4:$B$450='Bin Analysis and Plots'!D75,ROW('Data Transformation'!$B$4:$B$450)),ROW($19:$19))-3,6)) | B96: =IFERROR(SMALL(A78:A97,'Data Transformation'!$L$24),"") | C96: =IF(Weighting!$O$24>0,D96,"") | D96: =Weighting!$C$24 -> #DIV/0! | E96: =Weighting!$E$24 -> #NUM! | F96: =IF(E96=1,'Data Transformation'!$G$3+0.5*'Data Transformation'!$U$25,IF(E97=1,F97-'Data Transformation'!$U$25,FALSE)) -> #NUM! | G96: {=IF(ISLOGICAL(F96),"",FREQUENCY(IF('Data Transformation'!$B$24:$B$404='Bin Analysis and Plots'!$D$75,'Data Transformation'!$G$24:$G$404),'Bin Analysis and Plots'!F96))} -> 0 | H96: =IF(ISLOGICAL(F96),"",G96-G95) -> 0 | I96: =Weighting!$G$24 -> 0 | J96: {=FREQUENCY(IF('Data Transformation'!$B$4:$B$404=D75,'Data Transformation'!$G$4:$G$404),'Bin Analysis and Plots'!$D96)} -> 0 | K96: =J96-J95 -> 0 | L96: =IF(K96=0,0,1) -> 0 | M96: =L96*Weighting!$V$24 -> 0
A97: {=IF(ISERROR(INDEX('Data Transformation'!$B$4:$G$450,SMALL(IF('Data Transformation'!$B$4:$B$450='Bin Analysis and Plots'!D75,ROW('Data Transformation'!$B$4:$B$450)),ROW($20:$20))-3,3)),"",INDEX('Data Transformation'!$B$4:$G$450,SMALL(IF('Data Transformation'!$B$4:$B$450='Bin Analysis and Plots'!D75,ROW('Data Transformation'!$B$4:$B$450)),ROW($20:$20))-3,6))} -> FALSE | B97: =IFERROR(SMALL(A78:A97,'Data Transformation'!$L$25),"") | C97: =IF(Weighting!$O$25>0,D97,"") | D97: =Weighting!$C$25 -> #DIV/0! | E97: =Weighting!$E$25 -> #NUM! | F97: =IF(E97=1,'Data Transformation'!$G$3+0.5*'Data Transformation'!$U$25,IF(E98=1,F98-'Data Transformation'!$U$25,FALSE)) -> #NUM! | G97: {=IF(ISLOGICAL(F97),"",FREQUENCY(IF('Data Transformation'!$B$24:$B$404='Bin Analysis and Plots'!$D$75,'Data Transformation'!$G$24:$G$404),'Bin Analysis and Plots'!F97))} -> 0 | H97: =IF(ISLOGICAL(F97),"",G97-G96) -> 0 | I97: =Weighting!$G$25 -> 0 | J97: {=FREQUENCY(IF('Data Transformation'!$B$4:$B$404=D75,'Data Transformation'!$G$4:$G$404),'Bin Analysis and Plots'!$D97)} -> 0 | K97: =J97-J96 -> 0 | L97: =IF(K97=0,0,1) -> 0 | M97: =L97*Weighting!$V$25 -> 0
C98: =IF(B98="","",D98)
C99: Position | D99: ='Input and Summary Results'!G11 | N99: =D99 | O99: =INDEX('Data Transformation'!$O$4:$O$25,MATCH($D99,'Data Transformation'!$M$4:$M$25,0),MATCH($O$2,'Data Transformation'!$O$3,0)) -> #N/A | P99: =IF('Input and Summary Results'!$J$16="minimum",'Bin Analysis and Plots'!Z100/('Bin Analysis and Plots'!O99-1),'Bin Analysis and Plots'!AA99/('Bin Analysis and Plots'!O99-1)) -> #N/A | Q99: =IF(O99=FALSE,NA(),(VLOOKUP(1,E102:M121,4,FALSE))/(O99-1)) -> #N/A | R99: =IF(O99=FALSE,NA(),SUM(L102:L121)/Weighting!$R$5) -> #N/A | S99: =IF(O99=FALSE,NA(),SUM(M102:M121)/Weighting!$R$6) -> #N/A | T99: =IF(O99=FALSE,NA(),(VLOOKUP(1,I102:M121,3,FALSE))/(O99-1)) -> #N/A | U99: =IF(O99=FALSE,NA(),IF(SUM(L102:L121)=2,"yes","no")) -> #N/A | Z99: {=FREQUENCY(IF('Data Transformation'!$B$24:$B$404='Bin Analysis and Plots'!N99,'Data Transformation'!$G$24:$G$404),'Data Transformation'!$U$11)} -> 0 | AA99: {=FREQUENCY(IF('Data Transformation'!$B$24:$B$404='Bin Analysis and Plots'!N99,'Data Transformation'!$G$24:$G$404),'Data Transformation'!$U$12)} -> 0
A100: Function Data | C100: Bins for plots | D100: Bins | E100: Wild Type | I100: Dead Protein | J100: freq | K100: binned | L100: bin occupancy | M100: weighted bins | Z100: 0 | AA100: 0
C101: =IF(B101="","",D101) | F101: =IF(E101=1,'Data Transformation'!$G$3+0.5*'Data Transformation'!$U$25,IF(E102=1,F102-'Data Transformation'!$U$25,FALSE)) -> #NUM! | G101: {=IF(ISLOGICAL(F101),"",FREQUENCY(IF('Data Transformation'!$B$24:$B$404='Bin Analysis and Plots'!$D$99,'Data Transformation'!$G$24:$G$404),'Bin Analysis and Plots'!F101))} -> 0 | H101: =IF(ISLOGICAL(F101),"",G101-G100) -> 0
...

Sheet Assignments
N2: Order of precedence
D3: Scores | N3: 1 | O3: 4 | P3: 2 | Q3: 4 | R3: 1 | S3: 1 | T3: 3
B4: {='Input and Summary Results'!L5:S26} -> Position | C4: # of variants | D4: Enhancing | E4: Neutral | F4: Unweighted rheostat | G4: Weighted rheostat | H4: Toggle | I4: Binary | K4: Average | L4: Standard Deviation | N4: Neutral | O4: Moderate | P4: Rheostat | Q4: Adverse | R4: Toggle | S4: Enhancing | T4: WT/Inactive | W4: Double Counted | X4: Enhancing and Rheostat
B5: all | C5: FALSE | D5: 0 | E5: #N/A | F5: #N/A | G5: #N/A | H5: #N/A | I5: #N/A | K5: =IFERROR(AVERAGEIF('Data Transformation'!$B$24:$B$404,">=0",IF('Input and Summary Results'!$J$4="no",'Data Transformation'!$C$24:$C$404,'Data Transformation'!$E$24:$E$404)),"") | L5: {=IFERROR(_xlfn.STDEV.S(IF('Data Transformation'!$B$24:$B$404>=0,IF('Input and Summary Results'!$J$4="no",'Data Transformation'!$C$24:$C$404,'Data Transformation'!$E$24:$E$404),"")),"")} | Z5: Assignments | AA5: Count | AC5: Poss. WT/Inactive | AD5: Poss Adverse or Moderate
K6: =IFERROR(AVERAGEIF('Data Transformation'!$B$24:$B$404,B6,IF('Input and Summary Results'!$J$4="no",'Data Transformation'!$C$24:$C$404,'Data Transformation'!$E$24:$E$404)),"") | L6: {=IFERROR(_xlfn.STDEV.S(IF('Data Transformation'!$B$24:$B$404=B6,IF('Input and Summary Results'!$J$4="no",'Data Transformation'!$C$24:$C$404,'Data Transformation'!$E$24:$E$404),"")),"")} | N6: =IF(E6>='Data Transformation'!$R$29,B6,"") | O6: =IFERROR(IF(AND(Assignments!L6<('Data Transformation'!$R$4-'Data Transformation'!$R$3)/2,ABS(K6-'Data Transformation'!$R$6)>ABS(K6-'Data Transformation'!$R$5),NOT(ISNUMBER(N6)),NOT(ISNUMBER(R6)),NOT(ISNUMBER(P6)),NOT(ISNUMBER(R6)),NOT(ISNUMBER(S6)),NOT(ISNUMBER(T6))),Assignments!B6,""),"") | P6: =IF(AND(NOT(ISNUMBER(N6)),NOT(ISNUMBER(R6)),NOT(ISNUMBER(S6)),G6>='Data Transformation'!$R$28),B6,"") | Q6: =IFERROR(IF(AND(Assignments!L6<('Data Transformation'!$R$4-'Data Transformation'!$R$3)/2,ABS(K6-'Data Transformation'!$R$6)<ABS(K6-'Data Transformation'!$R$5),NOT(ISNUMBER(N6)),NOT(ISNUMBER(R6)),NOT(ISNUMBER(P6)),NOT(ISNUMBER(R6)),NOT(ISNUMBER(S6)),NOT(ISNUMBER(T6))),Assignments!B6,""),"") | R6: =IF(H6>='Data Transformation'!$R$30,B6,"") | S6: =IF(D6>='Data Transformation'!$R$31,B6,"") | T6: =IF(AND(H6<'Data Transformation'!$R$30,E6<'Data Transformation'!$R$29,G6<'Data Transformation'!$R$28,G6<0.3,D6<'Data Transformation'!$R$31,E6>0.4,H6>0.4),B6,"") | V6: {=IF(C6=FALSE,"",(IF(AND(ISNUMBER(B6),ISBLANK(N6:T6)),"Unclassified",IF(COUNT(N6:T6)=0,"",INDEX($N$4:$T$4,MATCH(TRUE,N6:T6=B6,0))))))} | W6: =IF(COUNT(N6:T6)>1,"True","") | X6: =IF(AND(D6>0.8,G6>0.5,ISNUMBER(B6)),"True","") | Z6: Neutral | AA6: =COUNTIF(V:V,Z6) -> 0 | AC6: =IF(AND(H6>0.35,G6<0.35,E6>0.35,T6="",R6="",P6="",N6="",S6=""),TRUE,FALSE) -> FALSE | AD6: =IFERROR(ABS(ABS(K6-'Data Transformation'!$R$6)-ABS(K6-'Data Transformation'!$R$5)),"") | AE6: =IF(C6=FALSE,"",IF(AND(OR(V6=$Z$7,V6=$Z$9),OR(AC6=TRUE,AD6<='Data Transformation'!$X$9)),TRUE,FALSE)) -> FALSE
K7: =IFERROR(AVERAGEIF('Data Transformation'!$B$24:$B$404,B7,IF('Input and Summary Results'!$J$4="no",'Data Transformation'!$C$24:$C$404,'Data Transformation'!$E$24:$E$404)),"") | L7: {=IFERROR(_xlfn.STDEV.S(IF('Data Transformation'!$B$24:$B$404=B7,IF('Input and Summary Results'!$J$4="no",'Data Transformation'!$C$24:$C$404,'Data Transformation'!$E$24:$E$404),"")),"")} | N7: =IF(E7>='Data Transformation'!$R$29,B7,"") | O7: =IFERROR(IF(AND(Assignments!L7<('Data Transformation'!$R$4-'Data Transformation'!$R$3)/2,ABS(K7-'Data Transformation'!$R$6)>ABS(K7-'Data Transformation'!$R$5),NOT(ISNUMBER(N7)),NOT(ISNUMBER(R7)),NOT(ISNUMBER(P7)),NOT(ISNUMBER(R7)),NOT(ISNUMBER(S7)),NOT(ISNUMBER(T7))),Assignments!B7,""),"") | P7: =IF(AND(NOT(ISNUMBER(N7)),NOT(ISNUMBER(R7)),NOT(ISNUMBER(S7)),G7>='Data Transformation'!$R$28),B7,"") | Q7: =IFERROR(IF(AND(Assignments!L7<('Data Transformation'!$R$4-'Data Transformation'!$R$3)/2,ABS(K7-'Data Transformation'!$R$6)<ABS(K7-'Data Transformation'!$R$5),NOT(ISNUMBER(N7)),NOT(ISNUMBER(R7)),NOT(ISNUMBER(P7)),NOT(ISNUMBER(R7)),NOT(ISNUMBER(S7)),NOT(ISNUMBER(T7))),Assignments!B7,""),"") | R7: =IF(H7>='Data Transformation'!$R$30,B7,"") | S7: =IF(D7>='Data Transformation'!$R$31,B7,"") | T7: =IF(AND(H7<'Data Transformation'!$R$30,E7<'Data Transformation'!$R$29,G7<'Data Transformation'!$R$28,G7<0.3,D7<'Data Transformation'!$R$31,E7>0.4,H7>0.4),B7,"") | V7: {=IF(C7=FALSE,"",(IF(AND(ISNUMBER(B7),ISBLANK(N7:T7)),"Unclassified",IF(COUNT(N7:T7)=0,"",INDEX($N$4:$T$4,MATCH(TRUE,N7:T7=B7,0))))))} | W7: =IF(COUNT(N7:T7)>1,"True","") | X7: =IF(AND(D7>0.8,G7>0.5,ISNUMBER(B7)),"True","") | Z7: Moderate | AA7: =COUNTIF(V:V,Z7) -> 0 | AC7: =IF(AND(H7>0.35,G7<0.35,E7>0.35,T7="",R7="",P7="",N7="",S7=""),TRUE,FALSE) -> FALSE | AD7: =IFERROR(ABS(ABS(K7-'Data Transformation'!$R$6)-ABS(K7-'Data Transformation'!$R$5)),"") | AE7: =IF(C7=FALSE,"",IF(AND(OR(V7=$Z$7,V7=$Z$9),OR(AC7=TRUE,AD7<='Data Transformation'!$X$9)),TRUE,FALSE)) -> FALSE
K8: =IFERROR(AVERAGEIF('Data Transformation'!$B$24:$B$404,B8,IF('Input and Summary Results'!$J$4="no",'Data Transformation'!$C$24:$C$404,'Data Transformation'!$E$24:$E$404)),"") | L8: {=IFERROR(_xlfn.STDEV.S(IF('Data Transformation'!$B$24:$B$404=B8,IF('Input and Summary Results'!$J$4="no",'Data Transformation'!$C$24:$C$404,'Data Transformation'!$E$24:$E$404),"")),"")} | N8: =IF(E8>='Data Transformation'!$R$29,B8,"") | O8: =IFERROR(IF(AND(Assignments!L8<('Data Transformation'!$R$4-'Data Transformation'!$R$3)/2,ABS(K8-'Data Transformation'!$R$6)>ABS(K8-'Data Transformation'!$R$5),NOT(ISNUMBER(N8)),NOT(ISNUMBER(R8)),NOT(ISNUMBER(P8)),NOT(ISNUMBER(R8)),NOT(ISNUMBER(S8)),NOT(ISNUMBER(T8))),Assignments!B8,""),"") | P8: =IF(AND(NOT(ISNUMBER(N8)),NOT(ISNUMBER(R8)),NOT(ISNUMBER(S8)),G8>='Data Transformation'!$R$28),B8,"") | Q8: =IFERROR(IF(AND(Assignments!L8<('Data Transformation'!$R$4-'Data Transformation'!$R$3)/2,ABS(K8-'Data Transformation'!$R$6)<ABS(K8-'Data Transformation'!$R$5),NOT(ISNUMBER(N8)),NOT(ISNUMBER(R8)),NOT(ISNUMBER(P8)),NOT(ISNUMBER(R8)),NOT(ISNUMBER(S8)),NOT(ISNUMBER(T8))),Assignments!B8,""),"") | R8: =IF(H8>='Data Transformation'!$R$30,B8,"") | S8: =IF(D8>='Data Transformation'!$R$31,B8,"") | T8: =IF(AND(H8<'Data Transformation'!$R$30,E8<'Data Transformation'!$R$29,G8<'Data Transformation'!$R$28,G8<0.3,D8<'Data Transformation'!$R$31,E8>0.4,H8>0.4),B8,"") | V8: {=IF(C8=FALSE,"",(IF(AND(ISNUMBER(B8),ISBLANK(N8:T8)),"Unclassified",IF(COUNT(N8:T8)=0,"",INDEX($N$4:$T$4,MATCH(TRUE,N8:T8=B8,0))))))} | W8: =IF(COUNT(N8:T8)>1,"True","") | X8: =IF(AND(D8>0.8,G8>0.5,ISNUMBER(B8)),"True","") | Z8: Rheostat | AA8: =COUNTIF(V:V,Z8) -> 0 | AC8: =IF(AND(H8>0.35,G8<0.35,E8>0.35,T8="",R8="",P8="",N8="",S8=""),TRUE,FALSE) -> FALSE | AD8: =IFERROR(ABS(ABS(K8-'Data Transformation'!$R$6)-ABS(K8-'Data Transformation'!$R$5)),"") | AE8: =IF(C8=FALSE,"",IF(AND(OR(V8=$Z$7,V8=$Z$9),OR(AC8=TRUE,AD8<='Data Transformation'!$X$9)),TRUE,FALSE)) -> FALSE
