Workbook

Sheet How to use this calculator

Sheet Input and Summary Results
A2: Data set:
B4: Position | C4: Mutation | D4: Measured Value | E4: Error | G4: Positions Analyzed | I4: Should the data be converted to a log scale? | J4: yes | N4: Scores
A5: Wild Type | B5: NA | C5: NA | L5: Position | M5: # of variants | N5: Enhancing | O5: Neutral | P5: Unweighted rheostat | Q5: Weighted rheostat | R5: Toggle | S5: Binary | T5: Average | U5: Standard Deviation | V5: Assignment | AA5: Enhancing | AB5: =O5 -> Neutral | AC5: =P5 -> Unweighted rheostat | AD5: =Q5 -> Weighted rheostat | AE5: =R5 -> Toggle | AF5: Binary
A6: Format Example | B6: 45 | C6: A | D6: 0.563 | E6: 0.0034 | I6: Data statistics | L6: all | M6: =INDEX('Bin Analysis'!$C$3:$S$505,MATCH($L6,'Bin Analysis'!$B$3:$B$505,0),MATCH(M$5,'Bin Analysis'!$C$2:$S$2,0)) -> FALSE | N6: =INDEX('Bin Analysis'!$C$3:$S$505,MATCH($L6,'Bin Analysis'!$B$3:$B$505,0),MATCH(N$5,'Bin Analysis'!$C$2:$S$2,0)) -> 0 | O6: =INDEX('Bin Analysis'!$C$3:$S$505,MATCH($L6,'Bin Analysis'!$B$3:$B$505,0),MATCH(O$5,'Bin Analysis'!$C$2:$S$2,0)) -> #N/A | P6: =INDEX('Bin Analysis'!$C$3:$S$505,MATCH($L6,'Bin Analysis'!$B$3:$B$505,0),MATCH(P$5,'Bin Analysis'!$C$2:$S$2,0)) -> #N/A | Q6: =INDEX('Bin Analysis'!$C$3:$S$505,MATCH($L6,'Bin Analysis'!$B$3:$B$505,0),MATCH(Q$5,'Bin Analysis'!$C$2:$S$2,0)) -> #N/A | R6: =INDEX('Bin Analysis'!$C$3:$S$505,MATCH($L6,'Bin Analysis'!$B$3:$B$505,0),MATCH(R$5,'Bin Analysis'!$C$2:$S$2,0)) -> #N/A | S6: =INDEX('Bin Analysis'!$C$3:$S$505,MATCH($L6,'Bin Analysis'!$B$3:$B$505,0),MATCH(S$5,'Bin Analysis'!$C$2:$S$2,0)) -> #N/A | T6: =Assignments!K5 | U6: =Assignments!L5 -> 0 | Z6: <0.1 | AA6: =COUNTIF(N$7:N$427,"<0.1") -> 0 | AB6: =COUNTIF(O$7:O$427,"<0.1") -> 0 | AC6: =COUNTIF(P$7:P$427,"<0.1") -> 0 | AD6: =COUNTIF(Q$7:Q$427,"<0.1") -> 0 | AE6: =COUNTIF(R$7:R$427,"<0.1") -> 0 | AF6: =COUNTIF(S$7:S$427,"=yes") -> 0
A7: the WT aa | I7: Minimum | J7: =IF($J$4="yes",10^('Data Transformation'!R3),'Data Transformation'!R3) -> 1 | L7: =$G8 | M7: =IF(L7=" "," ",(IF($L7>0,INDEX('Bin Analysis'!$C$3:$S$10110,MATCH($L7,'Bin Analysis'!$L$3:$L$10110,0),MATCH(M$5,'Bin Analysis'!$C$2:$S$2,0))," "))) | N7: =IF($L7=" "," ",(IF($M7=FALSE," ",(IF($M7>0,INDEX('Bin Analysis'!$C$3:$S$10110,MATCH($L7,'Bin Analysis'!$L$3:$L$10110,0),MATCH(N$5,'Bin Analysis'!$C$2:$S$2,0))," "))))) | O7: =IF($L7=" "," ",(IF($M7=FALSE," ",(IF($M7>0,INDEX('Bin Analysis'!$C$3:$S$10110,MATCH($L7,'Bin Analysis'!$L$3:$L$10110,0),MATCH(O$5,'Bin Analysis'!$C$2:$S$2,0))," "))))) | P7: =IF($L7=" "," ",(IF($M7=FALSE," ",(IF($M7>0,INDEX('Bin Analysis'!$C$3:$S$10110,MATCH($L7,'Bin Analysis'!$L$3:$L$10110,0),MATCH(P$5,'Bin Analysis'!$C$2:$S$2,0))," "))))) | Q7: =IF($L7=" "," ",(IF($M7=FALSE," ",(IF($M7>0,INDEX('Bin Analysis'!$C$3:$S$10110,MATCH($L7,'Bin Analysis'!$L$3:$L$10110,0),MATCH(Q$5,'Bin Analysis'!$C$2:$S$2,0))," "))))) | R7: =IF($L7=" "," ",(IF($M7=FALSE," ",(IF($M7>0,INDEX('Bin Analysis'!$C$3:$S$10110,MATCH($L7,'Bin Analysis'!$L$3:$L$10110,0),MATCH(R$5,'Bin Analysis'!$C$2:$S$2,0))," "))))) | S7: =IF($L7=" "," ",(IF($M7=FALSE," ",(IF($M7>0,INDEX('Bin Analysis'!$C$3:$S$10110,MATCH($L7,'Bin Analysis'!$L$3:$L$10110,0),MATCH(S$5,'Bin Analysis'!$C$2:$S$2,0))," "))))) | T7: =Assignments!K6 | U7: =Assignments!L6 | V7: =Assignments!V6 | Z7: 0.1 to < 0.2 | AA7: =COUNTIF(N$7:N$427,"<0.2")-SUM(AA6) -> 0 | AB7: =COUNTIF(O$7:O$427,"<0.2")-SUM(AB6) -> 0 | AC7: =COUNTIF(P$7:P$427,"<0.2")-SUM(AC6) -> 0 | AD7: =COUNTIF(Q$7:Q$427,"<0.2")-SUM(AD6) -> 0 | AE7: =COUNTIF(R$7:R$427,"<0.2")-SUM(AE6) -> 0
A8: for each | G8: =IFERROR('Data Transformation'!M6," ") | I8: Maximum | J8: =IF($J$4="yes",10^('Data Transformation'!R4),'Data Transformation'!R4) -> 1 | L8: =$G9 | M8: =IF(L8=" "," ",(IF($L8>0,INDEX('Bin Analysis'!$C$3:$S$10110,MATCH($L8,'Bin Analysis'!$L$3:$L$10110,0),MATCH(M$5,'Bin Analysis'!$C$2:$S$2,0))," "))) | N8: =IF($L8=" "," ",(IF($M8=FALSE," ",(IF($M8>0,INDEX('Bin Analysis'!$C$3:$S$10110,MATCH($L8,'Bin Analysis'!$L$3:$L$10110,0),MATCH(N$5,'Bin Analysis'!$C$2:$S$2,0))," "))))) | O8: =IF($L8=" "," ",(IF($M8=FALSE," ",(IF($M8>0,INDEX('Bin Analysis'!$C$3:$S$10110,MATCH($L8,'Bin Analysis'!$L$3:$L$10110,0),MATCH(O$5,'Bin Analysis'!$C$2:$S$2,0))," "))))) | P8: =IF($L8=" "," ",(IF($M8=FALSE," ",(IF($M8>0,INDEX('Bin Analysis'!$C$3:$S$10110,MATCH($L8,'Bin Analysis'!$L$3:$L$10110,0),MATCH(P$5,'Bin Analysis'!$C$2:$S$2,0))," "))))) | Q8: =IF($L8=" "," ",(IF($M8=FALSE," ",(IF($M8>0,INDEX('Bin Analysis'!$C$3:$S$10110,MATCH($L8,'Bin Analysis'!$L$3:$L$10110,0),MATCH(Q$5,'Bin Analysis'!$C$2:$S$2,0))," "))))) | R8: =IF($L8=" "," ",(IF($M8=FALSE," ",(IF($M8>0,INDEX('Bin Analysis'!$C$3:$S$10110,MATCH($L8,'Bin Analysis'!$L$3:$L$10110,0),MATCH(R$5,'Bin Analysis'!$C$2:$S$2,0))," "))))) | S8: =IF($L8=" "," ",(IF($M8=FALSE," ",(IF($M8>0,INDEX('Bin Analysis'!$C$3:$S$10110,MATCH($L8,'Bin Analysis'!$L$3:$L$10110,0),MATCH(S$5,'Bin Analysis'!$C$2:$S$2,0))," "))))) | T8: =Assignments!K7 | U8: =Assignments!L7 | V8: =Assignments!V7 | Z8: 0.2 to < 0.3 | AA8: =COUNTIF(N$7:N$427,"<0.3")-SUM(AA6:AA7) -> 0 | AB8: =COUNTIF(O$7:O$427,"<0.3")-SUM(AB6:AB7) -> 0 | AC8: =COUNTIF(P$7:P$427,"<0.3")-SUM(AC6:AC7) -> 0 | AD8: =COUNTIF(Q$7:Q$427,"<0.3")-SUM(AD6:AD7) -> 0 | AE8: =COUNTIF(R$7:R$427,"<0.3")-SUM(AE6:AE7) -> 0
A9: subsitution | G9: =IFERROR('Data Transformation'!M7," ") | L9: =$G10 | M9: =IF(L9=" "," ",(IF($L9>0,INDEX('Bin Analysis'!$C$3:$S$10110,MATCH($L9,'Bin Analysis'!$L$3:$L$10110,0),MATCH(M$5,'Bin Analysis'!$C$2:$S$2,0))," "))) | N9: =IF($L9=" "," ",(IF($M9=FALSE," ",(IF($M9>0,INDEX('Bin Analysis'!$C$3:$S$10110,MATCH($L9,'Bin Analysis'!$L$3:$L$10110,0),MATCH(N$5,'Bin Analysis'!$C$2:$S$2,0))," "))))) | O9: =IF($L9=" "," ",(IF($M9=FALSE," ",(IF($M9>0,INDEX('Bin Analysis'!$C$3:$S$10110,MATCH($L9,'Bin Analysis'!$L$3:$L$10110,0),MATCH(O$5,'Bin Analysis'!$C$2:$S$2,0))," "))))) | P9: =IF($L9=" "," ",(IF($M9=FALSE," ",(IF($M9>0,INDEX('Bin Analysis'!$C$3:$S$10110,MATCH($L9,'Bin Analysis'!$L$3:$L$10110,0),MATCH(P$5,'Bin Analysis'!$C$2:$S$2,0))," "))))) | Q9: =IF($L9=" "," ",(IF($M9=FALSE," ",(IF($M9>0,INDEX('Bin Analysis'!$C$3:$S$10110,MATCH($L9,'Bin Analysis'!$L$3:$L$10110,0),MATCH(Q$5,'Bin Analysis'!$C$2:$S$2,0))," "))))) | R9: =IF($L9=" "," ",(IF($M9=FALSE," ",(IF($M9>0,INDEX('Bin Analysis'!$C$3:$S$10110,MATCH($L9,'Bin Analysis'!$L$3:$L$10110,0),MATCH(R$5,'Bin Analysis'!$C$2:$S$2,0))," "))))) | S9: =IF($L9=" "," ",(IF($M9=FALSE," ",(IF($M9>0,INDEX('Bin Analysis'!$C$3:$S$10110,MATCH($L9,'Bin Analysis'!$L$3:$L$10110,0),MATCH(S$5,'Bin Analysis'!$C$2:$S$2,0))," "))))) | T9: =Assignments!K8 | U9: =Assignments!L8 | V9: =Assignments!V8 | Z9: 0.3 to < 0.4 | AA9: =COUNTIF(N$7:N$427,"<0.4")-SUM(AA6:AA8) -> 0 | AB9: =COUNTIF(O$7:O$427,"<0.4")-SUM(AB6:AB8) -> 0 | AC9: =COUNTIF(P$7:P$427,"<0.4")-SUM(AC6:AC8) -> 0 | AD9: =COUNTIF(Q$7:Q$427,"<0.4")-SUM(AD6:AD8) -> 0 | AE9: =COUNTIF(R$7:R$427,"<0.4")-SUM(AE6:AE8) -> 0
A10: could go in | G10: =IFERROR('Data Transformation'!M8," ") | I10: Min/Max override | L10: =$G11 | M10: =IF(L10=" "," ",(IF($L10>0,INDEX('Bin Analysis'!$C$3:$S$10110,MATCH($L10,'Bin Analysis'!$L$3:$L$10110,0),MATCH(M$5,'Bin Analysis'!$C$2:$S$2,0))," "))) | N10: =IF($L10=" "," ",(IF($M10=FALSE," ",(IF($M10>0,INDEX('Bin Analysis'!$C$3:$S$10110,MATCH($L10,'Bin Analysis'!$L$3:$L$10110,0),MATCH(N$5,'Bin Analysis'!$C$2:$S$2,0))," "))))) | O10: =IF($L10=" "," ",(IF($M10=FALSE," ",(IF($M10>0,INDEX('Bin Analysis'!$C$3:$S$10110,MATCH($L10,'Bin Analysis'!$L$3:$L$10110,0),MATCH(O$5,'Bin Analysis'!$C$2:$S$2,0))," "))))) | P10: =IF($L10=" "," ",(IF($M10=FALSE," ",(IF($M10>0,INDEX('Bin Analysis'!$C$3:$S$10110,MATCH($L10,'Bin Analysis'!$L$3:$L$10110,0),MATCH(P$5,'Bin Analysis'!$C$2:$S$2,0))," "))))) | Q10: =IF($L10=" "," ",(IF($M10=FALSE," ",(IF($M10>0,INDEX('Bin Analysis'!$C$3:$S$10110,MATCH($L10,'Bin Analysis'!$L$3:$L$10110,0),MATCH(Q$5,'Bin Analysis'!$C$2:$S$2,0))," "))))) | R10: =IF($L10=" "," ",(IF($M10=FALSE," ",(IF($M10>0,INDEX('Bin Analysis'!$C$3:$S$10110,MATCH($L10,'Bin Analysis'!$L$3:$L$10110,0),MATCH(R$5,'Bin Analysis'!$C$2:$S$2,0))," "))))) | S10: =IF($L10=" "," ",(IF($M10=FALSE," ",(IF($M10>0,INDEX('Bin Analysis'!$C$3:$S$10110,MATCH($L10,'Bin Analysis'!$L$3:$L$10110,0),MATCH(S$5,'Bin Analysis'!$C$2:$S$2,0))," "))))) | T10: =Assignments!K9 | U10: =Assignments!L9 | V10: =Assignments!V9 | Z10: 0.4 to < 0.5 | AA10: =COUNTIF(N$7:N$427,"<0.5")-SUM(AA6:AA9) -> 0 | AB10: =COUNTIF(O$7:O$427,"<0.5")-SUM(AB6:AB9) -> 0 | AC10: =COUNTIF(P$7:P$427,"<0.5")-SUM(AC6:AC9) -> 0 | AD10: =COUNTIF(Q$7:Q$427,"<0.5")-SUM(AD6:AD9) -> 0 | AE10: =COUNTIF(R$7:R$427,"<0.5")-SUM(AE6:AE9) -> 0
A11: column A | G11: =IFERROR('Data Transformation'!M9," ") | I11: Minimum | L11: =$G12 | M11: =IF(L11=" "," ",(IF($L11>0,INDEX('Bin Analysis'!$C$3:$S$10110,MATCH($L11,'Bin Analysis'!$L$3:$L$10110,0),MATCH(M$5,'Bin Analysis'!$C$2:$S$2,0))," "))) | N11: =IF($L11=" "," ",(IF($M11=FALSE," ",(IF($M11>0,INDEX('Bin Analysis'!$C$3:$S$10110,MATCH($L11,'Bin Analysis'!$L$3:$L$10110,0),MATCH(N$5,'Bin Analysis'!$C$2:$S$2,0))," "))))) | O11: =IF($L11=" "," ",(IF($M11=FALSE," ",(IF($M11>0,INDEX('Bin Analysis'!$C$3:$S$10110,MATCH($L11,'Bin Analysis'!$L$3:$L$10110,0),MATCH(O$5,'Bin Analysis'!$C$2:$S$2,0))," "))))) | P11: =IF($L11=" "," ",(IF($M11=FALSE," ",(IF($M11>0,INDEX('Bin Analysis'!$C$3:$S$10110,MATCH($L11,'Bin Analysis'!$L$3:$L$10110,0),MATCH(P$5,'Bin Analysis'!$C$2:$S$2,0))," "))))) | Q11: =IF($L11=" "," ",(IF($M11=FALSE," ",(IF($M11>0,INDEX('Bin Analysis'!$C$3:$S$10110,MATCH($L11,'Bin Analysis'!$L$3:$L$10110,0),MATCH(Q$5,'Bin Analysis'!$C$2:$S$2,0))," "))))) | R11: =IF($L11=" "," ",(IF($M11=FALSE," ",(IF($M11>0,INDEX('Bin Analysis'!$C$3:$S$10110,MATCH($L11,'Bin Analysis'!$L$3:$L$10110,0),MATCH(R$5,'Bin Analysis'!$C$2:$S$2,0))," "))))) | S11: =IF($L11=" "," ",(IF($M11=FALSE," ",(IF($M11>0,INDEX('Bin Analysis'!$C$3:$S$10110,MATCH($L11,'Bin Analysis'!$L$3:$L$10110,0),MATCH(S$5,'Bin Analysis'!$C$2:$S$2,0))," "))))) | T11: =Assignments!K10 | U11: =Assignments!L10 | V11: =Assignments!V10 | Z11: 0.5 to < 0.6 | AA11: =COUNTIF(N$7:N$427,"<0.6")-SUM(AA6:AA10) -> 0 | AB11: =COUNTIF(O$7:O$427,"<0.6")-SUM(AB6:AB10) -> 0 | AC11: =COUNTIF(P$7:P$427,"<0.6")-SUM(AC6:AC10) -> 0 | AD11: =COUNTIF(Q$7:Q$427,"<0.6")-SUM(AD6:AD10) -> 0 | AE11: =COUNTIF(R$7:R$427,"<0.6")-SUM(AE6:AE10) -> 0
G12: =IFERROR('Data Transformation'!M10," ") | I12: Maximum | L12: =$G13 | M12: =IF(L12=" "," ",(IF($L12>0,INDEX('Bin Analysis'!$C$3:$S$10110,MATCH($L12,'Bin Analysis'!$L$3:$L$10110,0),MATCH(M$5,'Bin Analysis'!$C$2:$S$2,0))," "))) | N12: =IF($L12=" "," ",(IF($M12=FALSE," ",(IF($M12>0,INDEX('Bin Analysis'!$C$3:$S$10110,MATCH($L12,'Bin Analysis'!$L$3:$L$10110,0),MATCH(N$5,'Bin Analysis'!$C$2:$S$2,0))," "))))) | O12: =IF($L12=" "," ",(IF($M12=FALSE," ",(IF($M12>0,INDEX('Bin Analysis'!$C$3:$S$10110,MATCH($L12,'Bin Analysis'!$L$3:$L$10110,0),MATCH(O$5,'Bin Analysis'!$C$2:$S$2,0))," "))))) | P12: =IF($L12=" "," ",(IF($M12=FALSE," ",(IF($M12>0,INDEX('Bin Analysis'!$C$3:$S$10110,MATCH($L12,'Bin Analysis'!$L$3:$L$10110,0),MATCH(P$5,'Bin Analysis'!$C$2:$S$2,0))," "))))) | Q12: =IF($L12=" "," ",(IF($M12=FALSE," ",(IF($M12>0,INDEX('Bin Analysis'!$C$3:$S$10110,MATCH($L12,'Bin Analysis'!$L$3:$L$10110,0),MATCH(Q$5,'Bin Analysis'!$C$2:$S$2,0))," "))))) | R12: =IF($L12=" "," ",(IF($M12=FALSE," ",(IF($M12>0,INDEX('Bin Analysis'!$C$3:$S$10110,MATCH($L12,'Bin Analysis'!$L$3:$L$10110,0),MATCH(R$5,'Bin Analysis'!$C$2:$S$2,0))," "))))) | S12: =IF($L12=" "," ",(IF($M12=FALSE," ",(IF($M12>0,INDEX('Bin Analysis'!$C$3:$S$10110,MATCH($L12,'Bin Analysis'!$L$3:$L$10110,0),MATCH(S$5,'Bin Analysis'!$C$2:$S$2,0))," "))))) | T12: =Assignments!K11 | U12: =Assignments!L11 | V12: =Assignments!V11 | Z12: 0.6 to < 0.7 | AA12: =COUNTIF(N$7:N$427,"<0.7")-SUM(AA6:AA11) -> 0 | AB12: =COUNTIF(O$7:O$427,"<0.7")-SUM(AB6:AB11) -> 0 | AC12: =COUNTIF(P$7:P$427,"<0.7")-SUM(AC6:AC11) -> 0 | AD12: =COUNTIF(Q$7:Q$427,"<0.7")-SUM(AD6:AD11) -> 0 | AE12: =COUNTIF(R$7:R$427,"<0.7")-SUM(AE6:AE11) -> 0
G13: =IFERROR('Data Transformation'!M11," ") | I13: (leave blank if no override) | L13: =$G14 | M13: =IF(L13=" "," ",(IF($L13>0,INDEX('Bin Analysis'!$C$3:$S$10110,MATCH($L13,'Bin Analysis'!$L$3:$L$10110,0),MATCH(M$5,'Bin Analysis'!$C$2:$S$2,0))," "))) | N13: =IF($L13=" "," ",(IF($M13=FALSE," ",(IF($M13>0,INDEX('Bin Analysis'!$C$3:$S$10110,MATCH($L13,'Bin Analysis'!$L$3:$L$10110,0),MATCH(N$5,'Bin Analysis'!$C$2:$S$2,0))," "))))) | O13: =IF($L13=" "," ",(IF($M13=FALSE," ",(IF($M13>0,INDEX('Bin Analysis'!$C$3:$S$10110,MATCH($L13,'Bin Analysis'!$L$3:$L$10110,0),MATCH(O$5,'Bin Analysis'!$C$2:$S$2,0))," "))))) | P13: =IF($L13=" "," ",(IF($M13=FALSE," ",(IF($M13>0,INDEX('Bin Analysis'!$C$3:$S$10110,MATCH($L13,'Bin Analysis'!$L$3:$L$10110,0),MATCH(P$5,'Bin Analysis'!$C$2:$S$2,0))," "))))) | Q13: =IF($L13=" "," ",(IF($M13=FALSE," ",(IF($M13>0,INDEX('Bin Analysis'!$C$3:$S$10110,MATCH($L13,'Bin Analysis'!$L$3:$L$10110,0),MATCH(Q$5,'Bin Analysis'!$C$2:$S$2,0))," "))))) | R13: =IF($L13=" "," ",(IF($M13=FALSE," ",(IF($M13>0,INDEX('Bin Analysis'!$C$3:$S$10110,MATCH($L13,'Bin Analysis'!$L$3:$L$10110,0),MATCH(R$5,'Bin Analysis'!$C$2:$S$2,0))," "))))) | S13: =IF($L13=" "," ",(IF($M13=FALSE," ",(IF($M13>0,INDEX('Bin Analysis'!$C$3:$S$10110,MATCH($L13,'Bin Analysis'!$L$3:$L$10110,0),MATCH(S$5,'Bin Analysis'!$C$2:$S$2,0))," "))))) | T13: =Assignments!K12 | U13: =Assignments!L12 | V13: =Assignments!V12 | Z13: 0.7 to < 0.8 | AA13: =COUNTIF(N$7:N$427,"<0.8")-SUM(AA6:AA12) -> 0 | AB13: =COUNTIF(O$7:O$427,"<0.8")-SUM(AB6:AB12) -> 0 | AC13: =COUNTIF(P$7:P$427,"<0.8")-SUM(AC6:AC12) -> 0 | AD13: =COUNTIF(Q$7:Q$427,"<0.8")-SUM(AD6:AD12) -> 0 | AE13: =COUNTIF(R$7:R$427,"<0.8")-SUM(AE6:AE12) -> 0
G14: =IFERROR('Data Transformation'!M12," ") | I14: Number of values greater than the maximum | J14: =COUNTIF(D7:D8007,">"&J12) -> 0 | L14: =$G15 | M14: =IF(L14=" "," ",(IF($L14>0,INDEX('Bin Analysis'!$C$3:$S$10110,MATCH($L14,'Bin Analysis'!$L$3:$L$10110,0),MATCH(M$5,'Bin Analysis'!$C$2:$S$2,0))," "))) | N14: =IF($L14=" "," ",(IF($M14=FALSE," ",(IF($M14>0,INDEX('Bin Analysis'!$C$3:$S$10110,MATCH($L14,'Bin Analysis'!$L$3:$L$10110,0),MATCH(N$5,'Bin Analysis'!$C$2:$S$2,0))," "))))) | O14: =IF($L14=" "," ",(IF($M14=FALSE," ",(IF($M14>0,INDEX('Bin Analysis'!$C$3:$S$10110,MATCH($L14,'Bin Analysis'!$L$3:$L$10110,0),MATCH(O$5,'Bin Analysis'!$C$2:$S$2,0))," "))))) | P14: =IF($L14=" "," ",(IF($M14=FALSE," ",(IF($M14>0,INDEX('Bin Analysis'!$C$3:$S$10110,MATCH($L14,'Bin Analysis'!$L$3:$L$10110,0),MATCH(P$5,'Bin Analysis'!$C$2:$S$2,0))," "))))) | Q14: =IF($L14=" "," ",(IF($M14=FALSE," ",(IF($M14>0,INDEX('Bin Analysis'!$C$3:$S$10110,MATCH($L14,'Bin Analysis'!$L$3:$L$10110,0),MATCH(Q$5,'Bin Analysis'!$C$2:$S$2,0))," "))))) | R14: =IF($L14=" "," ",(IF($M14=FALSE," ",(IF($M14>0,INDEX('Bin Analysis'!$C$3:$S$10110,MATCH($L14,'Bin Analysis'!$L$3:$L$10110,0),MATCH(R$5,'Bin Analysis'!$C$2:$S$2,0))," "))))) | S14: =IF($L14=" "," ",(IF($M14=FALSE," ",(IF($M14>0,INDEX('Bin Analysis'!$C$3:$S$10110,MATCH($L14,'Bin Analysis'!$L$3:$L$10110,0),MATCH(S$5,'Bin Analysis'!$C$2:$S$2,0))," "))))) | T14: =Assignments!K13 | U14: =Assignments!L13 | V14: =Assignments!V13 | Z14: 0.8 to < 0.9 | AA14: =COUNTIF(N$7:N$427,"<0.9")-SUM(AA6:AA13) -> 0 | AB14: =COUNTIF(O$7:O$427,"<0.9")-SUM(AB6:AB13) -> 0 | AC14: =COUNTIF(P$7:P$427,"<0.9")-SUM(AC6:AC13) -> 0 | AD14: =COUNTIF(Q$7:Q$427,"<0.9")-SUM(AD6:AD13) -> 0 | AE14: =COUNTIF(R$7:R$427,"<0.9")-SUM(AE6:AE13) -> 0
G15: =IFERROR('Data Transformation'!M13," ") | L15: =$G16 | M15: =IF(L15=" "," ",(IF($L15>0,INDEX('Bin Analysis'!$C$3:$S$10110,MATCH($L15,'Bin Analysis'!$L$3:$L$10110,0),MATCH(M$5,'Bin Analysis'!$C$2:$S$2,0))," "))) | N15: =IF($L15=" "," ",(IF($M15=FALSE," ",(IF($M15>0,INDEX('Bin Analysis'!$C$3:$S$10110,MATCH($L15,'Bin Analysis'!$L$3:$L$10110,0),MATCH(N$5,'Bin Analysis'!$C$2:$S$2,0))," "))))) | O15: =IF($L15=" "," ",(IF($M15=FALSE," ",(IF($M15>0,INDEX('Bin Analysis'!$C$3:$S$10110,MATCH($L15,'Bin Analysis'!$L$3:$L$10110,0),MATCH(O$5,'Bin Analysis'!$C$2:$S$2,0))," "))))) | P15: =IF($L15=" "," ",(IF($M15=FALSE," ",(IF($M15>0,INDEX('Bin Analysis'!$C$3:$S$10110,MATCH($L15,'Bin Analysis'!$L$3:$L$10110,0),MATCH(P$5,'Bin Analysis'!$C$2:$S$2,0))," "))))) | Q15: =IF($L15=" "," ",(IF($M15=FALSE," ",(IF($M15>0,INDEX('Bin Analysis'!$C$3:$S$10110,MATCH($L15,'Bin Analysis'!$L$3:$L$10110,0),MATCH(Q$5,'Bin Analysis'!$C$2:$S$2,0))," "))))) | R15: =IF($L15=" "," ",(IF($M15=FALSE," ",(IF($M15>0,INDEX('Bin Analysis'!$C$3:$S$10110,MATCH($L15,'Bin Analysis'!$L$3:$L$10110,0),MATCH(R$5,'Bin Analysis'!$C$2:$S$2,0))," "))))) | S15: =IF($L15=" "," ",(IF($M15=FALSE," ",(IF($M15>0,INDEX('Bin Analysis'!$C$3:$S$10110,MATCH($L15,'Bin Analysis'!$L$3:$L$10110,0),MATCH(S$5,'Bin Analysis'!$C$2:$S$2,0))," "))))) | T15: =Assignments!K14 | U15: =Assignments!L14 | V15: =Assignments!V14 | Z15: 0.9 to 1.0 | AA15: =COUNTIF(N$7:N$427,"<1.01")-SUM(AA6:AA14) -> 0 | AB15: =COUNTIF(O$7:O$427,"<1.01")-SUM(AB6:AB14) -> 0 | AC15: =COUNTIF(P$7:P$427,"<1.01")-SUM(AC6:AC14) -> 0 | AD15: =COUNTIF(Q$7:Q$427,"<1.01")-SUM(AD6:AD14) -> 0 | AE15: =COUNTIF(R$7:R$427,"<1.01")-SUM(AE6:AE14) -> 0
G16: =IFERROR('Data Transformation'!M14," ") | I16: Backgroud signal ("Dead" value) | J16: minimum | L16: =$G17 | M16: =IF(L16=" "," ",(IF($L16>0,INDEX('Bin Analysis'!$C$3:$S$10110,MATCH($L16,'Bin Analysis'!$L$3:$L$10110,0),MATCH(M$5,'Bin Analysis'!$C$2:$S$2,0))," "))) | N16: =IF($L16=" "," ",(IF($M16=FALSE," ",(IF($M16>0,INDEX('Bin Analysis'!$C$3:$S$10110,MATCH($L16,'Bin Analysis'!$L$3:$L$10110,0),MATCH(N$5,'Bin Analysis'!$C$2:$S$2,0))," "))))) | O16: =IF($L16=" "," ",(IF($M16=FALSE," ",(IF($M16>0,INDEX('Bin Analysis'!$C$3:$S$10110,MATCH($L16,'Bin Analysis'!$L$3:$L$10110,0),MATCH(O$5,'Bin Analysis'!$C$2:$S$2,0))," "))))) | P16: =IF($L16=" "," ",(IF($M16=FALSE," ",(IF($M16>0,INDEX('Bin Analysis'!$C$3:$S$10110,MATCH($L16,'Bin Analysis'!$L$3:$L$10110,0),MATCH(P$5,'Bin Analysis'!$C$2:$S$2,0))," "))))) | Q16: =IF($L16=" "," ",(IF($M16=FALSE," ",(IF($M16>0,INDEX('Bin Analysis'!$C$3:$S$10110,MATCH($L16,'Bin Analysis'!$L$3:$L$10110,0),MATCH(Q$5,'Bin Analysis'!$C$2:$S$2,0))," "))))) | R16: =IF($L16=" "," ",(IF($M16=FALSE," ",(IF($M16>0,INDEX('Bin Analysis'!$C$3:$S$10110,MATCH($L16,'Bin Analysis'!$L$3:$L$10110,0),MATCH(R$5,'Bin Analysis'!$C$2:$S$2,0))," "))))) | S16: =IF($L16=" "," ",(IF($M16=FALSE," ",(IF($M16>0,INDEX('Bin Analysis'!$C$3:$S$10110,MATCH($L16,'Bin Analysis'!$L$3:$L$10110,0),MATCH(S$5,'Bin Analysis'!$C$2:$S$2,0))," "))))) | T16: =Assignments!K15 | U16: =Assignments!L15 | V16: =Assignments!V15 | Z16: sum | AA16: =SUM(AA6:AA15) -> 0 | AB16: =SUM(AB6:AB15) -> 0 | AC16: =SUM(AC6:AC15) -> 0 | AD16: =SUM(AD6:AD15) -> 0 | AE16: =SUM(AE6:AE15) -> 0
G17: =IFERROR('Data Transformation'!M15," ") | J17: =IF(J16="maximum",'Data Transformation'!U9,'Data Transformation'!U8) -> 1 | L17: =$G18 | M17: =IF(L17=" "," ",(IF($L17>0,INDEX('Bin Analysis'!$C$3:$S$10110,MATCH($L17,'Bin Analysis'!$L$3:$L$10110,0),MATCH(M$5,'Bin Analysis'!$C$2:$S$2,0))," "))) | N17: =IF($L17=" "," ",(IF($M17=FALSE," ",(IF($M17>0,INDEX('Bin Analysis'!$C$3:$S$10110,MATCH($L17,'Bin Analysis'!$L$3:$L$10110,0),MATCH(N$5,'Bin Analysis'!$C$2:$S$2,0))," "))))) | O17: =IF($L17=" "," ",(IF($M17=FALSE," ",(IF($M17>0,INDEX('Bin Analysis'!$C$3:$S$10110,MATCH($L17,'Bin Analysis'!$L$3:$L$10110,0),MATCH(O$5,'Bin Analysis'!$C$2:$S$2,0))," "))))) | P17: =IF($L17=" "," ",(IF($M17=FALSE," ",(IF($M17>0,INDEX('Bin Analysis'!$C$3:$S$10110,MATCH($L17,'Bin Analysis'!$L$3:$L$10110,0),MATCH(P$5,'Bin Analysis'!$C$2:$S$2,0))," "))))) | Q17: =IF($L17=" "," ",(IF($M17=FALSE," ",(IF($M17>0,INDEX('Bin Analysis'!$C$3:$S$10110,MATCH($L17,'Bin Analysis'!$L$3:$L$10110,0),MATCH(Q$5,'Bin Analysis'!$C$2:$S$2,0))," "))))) | R17: =IF($L17=" "," ",(IF($M17=FALSE," ",(IF($M17>0,INDEX('Bin Analysis'!$C$3:$S$10110,MATCH($L17,'Bin Analysis'!$L$3:$L$10110,0),MATCH(R$5,'Bin Analysis'!$C$2:$S$2,0))," "))))) | S17: =IF($L17=" "," ",(IF($M17=FALSE," ",(IF($M17>0,INDEX('Bin Analysis'!$C$3:$S$10110,MATCH($L17,'Bin Analysis'!$L$3:$L$10110,0),MATCH(S$5,'Bin Analysis'!$C$2:$S$2,0))," "))))) | T17: =Assignments!K16 | U17: =Assignments!L16 | V17: =Assignments!V16
G18: =IFERROR('Data Transformation'!M16," ") | L18: =$G19 | M18: =IF(L18=" "," ",(IF($L18>0,INDEX('Bin Analysis'!$C$3:$S$10110,MATCH($L18,'Bin Analysis'!$L$3:$L$10110,0),MATCH(M$5,'Bin Analysis'!$C$2:$S$2,0))," "))) | N18: =IF($L18=" "," ",(IF($M18=FALSE," ",(IF($M18>0,INDEX('Bin Analysis'!$C$3:$S$10110,MATCH($L18,'Bin Analysis'!$L$3:$L$10110,0),MATCH(N$5,'Bin Analysis'!$C$2:$S$2,0))," "))))) | O18: =IF($L18=" "," ",(IF($M18=FALSE," ",(IF($M18>0,INDEX('Bin Analysis'!$C$3:$S$10110,MATCH($L18,'Bin Analysis'!$L$3:$L$10110,0),MATCH(O$5,'Bin Analysis'!$C$2:$S$2,0))," "))))) | P18: =IF($L18=" "," ",(IF($M18=FALSE," ",(IF($M18>0,INDEX('Bin Analysis'!$C$3:$S$10110,MATCH($L18,'Bin Analysis'!$L$3:$L$10110,0),MATCH(P$5,'Bin Analysis'!$C$2:$S$2,0))," "))))) | Q18: =IF($L18=" "," ",(IF($M18=FALSE," ",(IF($M18>0,INDEX('Bin Analysis'!$C$3:$S$10110,MATCH($L18,'Bin Analysis'!$L$3:$L$10110,0),MATCH(Q$5,'Bin Analysis'!$C$2:$S$2,0))," "))))) | R18: =IF($L18=" "," ",(IF($M18=FALSE," ",(IF($M18>0,INDEX('Bin Analysis'!$C$3:$S$10110,MATCH($L18,'Bin Analysis'!$L$3:$L$10110,0),MATCH(R$5,'Bin Analysis'!$C$2:$S$2,0))," "))))) | S18: =IF($L18=" "," ",(IF($M18=FALSE," ",(IF($M18>0,INDEX('Bin Analysis'!$C$3:$S$10110,MATCH($L18,'Bin Analysis'!$L$3:$L$10110,0),MATCH(S$5,'Bin Analysis'!$C$2:$S$2,0))," "))))) | T18: =Assignments!K17 | U18: =Assignments!L17 | V18: =Assignments!V17
G19: =IFERROR('Data Transformation'!M17," ") | I19: Error override | L19: =$G20 | M19: =IF(L19=" "," ",(IF($L19>0,INDEX('Bin Analysis'!$C$3:$S$10110,MATCH($L19,'Bin Analysis'!$L$3:$L$10110,0),MATCH(M$5,'Bin Analysis'!$C$2:$S$2,0))," "))) | N19: =IF($L19=" "," ",(IF($M19=FALSE," ",(IF($M19>0,INDEX('Bin Analysis'!$C$3:$S$10110,MATCH($L19,'Bin Analysis'!$L$3:$L$10110,0),MATCH(N$5,'Bin Analysis'!$C$2:$S$2,0))," "))))) | O19: =IF($L19=" "," ",(IF($M19=FALSE," ",(IF($M19>0,INDEX('Bin Analysis'!$C$3:$S$10110,MATCH($L19,'Bin Analysis'!$L$3:$L$10110,0),MATCH(O$5,'Bin Analysis'!$C$2:$S$2,0))," "))))) | P19: =IF($L19=" "," ",(IF($M19=FALSE," ",(IF($M19>0,INDEX('Bin Analysis'!$C$3:$S$10110,MATCH($L19,'Bin Analysis'!$L$3:$L$10110,0),MATCH(P$5,'Bin Analysis'!$C$2:$S$2,0))," "))))) | Q19: =IF($L19=" "," ",(IF($M19=FALSE," ",(IF($M19>0,INDEX('Bin Analysis'!$C$3:$S$10110,MATCH($L19,'Bin Analysis'!$L$3:$L$10110,0),MATCH(Q$5,'Bin Analysis'!$C$2:$S$2,0))," "))))) | R19: =IF($L19=" "," ",(IF($M19=FALSE," ",(IF($M19>0,INDEX('Bin Analysis'!$C$3:$S$10110,MATCH($L19,'Bin Analysis'!$L$3:$L$10110,0),MATCH(R$5,'Bin Analysis'!$C$2:$S$2,0))," "))))) | S19: =IF($L19=" "," ",(IF($M19=FALSE," ",(IF($M19>0,INDEX('Bin Analysis'!$C$3:$S$10110,MATCH($L19,'Bin Analysis'!$L$3:$L$10110,0),MATCH(S$5,'Bin Analysis'!$C$2:$S$2,0))," "))))) | T19: =Assignments!K18 | U19: =Assignments!L18 | V19: =Assignments!V18
G20: =IFERROR('Data Transformation'!M18," ") | I20: =IF(AND(J4="yes",NOT(J19="")),"see note #3 under the 'Entering data on the Input and Summary Results worksheet' section on first page regarding log and error","leave blank if no override") -> leave blank if no override | L20: =$G21 | M20: =IF(L20=" "," ",(IF($L20>0,INDEX('Bin Analysis'!$C$3:$S$10110,MATCH($L20,'Bin Analysis'!$L$3:$L$10110,0),MATCH(M$5,'Bin Analysis'!$C$2:$S$2,0))," "))) | N20: =IF($L20=" "," ",(IF($M20=FALSE," ",(IF($M20>0,INDEX('Bin Analysis'!$C$3:$S$10110,MATCH($L20,'Bin Analysis'!$L$3:$L$10110,0),MATCH(N$5,'Bin Analysis'!$C$2:$S$2,0))," "))))) | O20: =IF($L20=" "," ",(IF($M20=FALSE," ",(IF($M20>0,INDEX('Bin Analysis'!$C$3:$S$10110,MATCH($L20,'Bin Analysis'!$L$3:$L$10110,0),MATCH(O$5,'Bin Analysis'!$C$2:$S$2,0))," "))))) | P20: =IF($L20=" "," ",(IF($M20=FALSE," ",(IF($M20>0,INDEX('Bin Analysis'!$C$3:$S$10110,MATCH($L20,'Bin Analysis'!$L$3:$L$10110,0),MATCH(P$5,'Bin Analysis'!$C$2:$S$2,0))," "))))) | Q20: =IF($L20=" "," ",(IF($M20=FALSE," ",(IF($M20>0,INDEX('Bin Analysis'!$C$3:$S$10110,MATCH($L20,'Bin Analysis'!$L$3:$L$10110,0),MATCH(Q$5,'Bin Analysis'!$C$2:$S$2,0))," "))))) | R20: =IF($L20=" "," ",(IF($M20=FALSE," ",(IF($M20>0,INDEX('Bin Analysis'!$C$3:$S$10110,MATCH($L20,'Bin Analysis'!$L$3:$L$10110,0),MATCH(R$5,'Bin Analysis'!$C$2:$S$2,0))," "))))) | S20: =IF($L20=" "," ",(IF($M20=FALSE," ",(IF($M20>0,INDEX('Bin Analysis'!$C$3:$S$10110,MATCH($L20,'Bin Analysis'!$L$3:$L$10110,0),MATCH(S$5,'Bin Analysis'!$C$2:$S$2,0))," "))))) | T20: =Assignments!K19 | U20: =Assignments!L19 | V20: =Assignments!V19
G21: =IFERROR('Data Transformation'!M19," ") | L21: =$G22 | M21: =IF(L21=" "," ",(IF($L21>0,INDEX('Bin Analysis'!$C$3:$S$10110,MATCH($L21,'Bin Analysis'!$L$3:$L$10110,0),MATCH(M$5,'Bin Analysis'!$C$2:$S$2,0))," "))) | N21: =IF($L21=" "," ",(IF($M21=FALSE," ",(IF($M21>0,INDEX('Bin Analysis'!$C$3:$S$10110,MATCH($L21,'Bin Analysis'!$L$3:$L$10110,0),MATCH(N$5,'Bin Analysis'!$C$2:$S$2,0))," "))))) | O21: =IF($L21=" "," ",(IF($M21=FALSE," ",(IF($M21>0,INDEX('Bin Analysis'!$C$3:$S$10110,MATCH($L21,'Bin Analysis'!$L$3:$L$10110,0),MATCH(O$5,'Bin Analysis'!$C$2:$S$2,0))," "))))) | P21: =IF($L21=" "," ",(IF($M21=FALSE," ",(IF($M21>0,INDEX('Bin Analysis'!$C$3:$S$10110,MATCH($L21,'Bin Analysis'!$L$3:$L$10110,0),MATCH(P$5,'Bin Analysis'!$C$2:$S$2,0))," "))))) | Q21: =IF($L21=" "," ",(IF($M21=FALSE," ",(IF($M21>0,INDEX('Bin Analysis'!$C$3:$S$10110,MATCH($L21,'Bin Analysis'!$L$3:$L$10110,0),MATCH(Q$5,'Bin Analysis'!$C$2:$S$2,0))," "))))) | R21: =IF($L21=" "," ",(IF($M21=FALSE," ",(IF($M21>0,INDEX('Bin Analysis'!$C$3:$S$10110,MATCH($L21,'Bin Analysis'!$L$3:$L$10110,0),MATCH(R$5,'Bin Analysis'!$C$2:$S$2,0))," "))))) | S21: =IF($L21=" "," ",(IF($M21=FALSE," ",(IF($M21>0,INDEX('Bin Analysis'!$C$3:$S$10110,MATCH($L21,'Bin Analysis'!$L$3:$L$10110,0),MATCH(S$5,'Bin Analysis'!$C$2:$S$2,0))," "))))) | T21: =Assignments!K20 | U21: =Assignments!L20 | V21: =Assignments!V20
G22: =IFERROR('Data Transformation'!M20," ") | I22: Recommended number of bins | J22: ='Data Transformation'!R23 -> #DIV/0! | L22: =$G23 | M22: =IF(L22=" "," ",(IF($L22>0,INDEX('Bin Analysis'!$C$3:$S$10110,MATCH($L22,'Bin Analysis'!$L$3:$L$10110,0),MATCH(M$5,'Bin Analysis'!$C$2:$S$2,0))," "))) | N22: =IF($L22=" "," ",(IF($M22=FALSE," ",(IF($M22>0,INDEX('Bin Analysis'!$C$3:$S$10110,MATCH($L22,'Bin Analysis'!$L$3:$L$10110,0),MATCH(N$5,'Bin Analysis'!$C$2:$S$2,0))," "))))) | O22: =IF($L22=" "," ",(IF($M22=FALSE," ",(IF($M22>0,INDEX('Bin Analysis'!$C$3:$S$10110,MATCH($L22,'Bin Analysis'!$L$3:$L$10110,0),MATCH(O$5,'Bin Analysis'!$C$2:$S$2,0))," "))))) | P22: =IF($L22=" "," ",(IF($M22=FALSE," ",(IF($M22>0,INDEX('Bin Analysis'!$C$3:$S$10110,MATCH($L22,'Bin Analysis'!$L$3:$L$10110,0),MATCH(P$5,'Bin Analysis'!$C$2:$S$2,0))," "))))) | Q22: =IF($L22=" "," ",(IF($M22=FALSE," ",(IF($M22>0,INDEX('Bin Analysis'!$C$3:$S$10110,MATCH($L22,'Bin Analysis'!$L$3:$L$10110,0),MATCH(Q$5,'Bin Analysis'!$C$2:$S$2,0))," "))))) | R22: =IF($L22=" "," ",(IF($M22=FALSE," ",(IF($M22>0,INDEX('Bin Analysis'!$C$3:$S$10110,MATCH($L22,'Bin Analysis'!$L$3:$L$10110,0),MATCH(R$5,'Bin Analysis'!$C$2:$S$2,0))," "))))) | S22: =IF($L22=" "," ",(IF($M22=FALSE," ",(IF($M22>0,INDEX('Bin Analysis'!$C$3:$S$10110,MATCH($L22,'Bin Analysis'!$L$3:$L$10110,0),MATCH(S$5,'Bin Analysis'!$C$2:$S$2,0))," "))))) | T22: =Assignments!K21 | U22: =Assignments!L21 | V22: =Assignments!V21
G23: =IFERROR('Data Transformation'!M21," ") | I23: Number of bins override | L23: =$G24 | M23: =IF(L23=" "," ",(IF($L23>0,INDEX('Bin Analysis'!$C$3:$S$10110,MATCH($L23,'Bin Analysis'!$L$3:$L$10110,0),MATCH(M$5,'Bin Analysis'!$C$2:$S$2,0))," "))) | N23: =IF($L23=" "," ",(IF($M23=FALSE," ",(IF($M23>0,INDEX('Bin Analysis'!$C$3:$S$10110,MATCH($L23,'Bin Analysis'!$L$3:$L$10110,0),MATCH(N$5,'Bin Analysis'!$C$2:$S$2,0))," "))))) | O23: =IF($L23=" "," ",(IF($M23=FALSE," ",(IF($M23>0,INDEX('Bin Analysis'!$C$3:$S$10110,MATCH($L23,'Bin Analysis'!$L$3:$L$10110,0),MATCH(O$5,'Bin Analysis'!$C$2:$S$2,0))," "))))) | P23: =IF($L23=" "," ",(IF($M23=FALSE," ",(IF($M23>0,INDEX('Bin Analysis'!$C$3:$S$10110,MATCH($L23,'Bin Analysis'!$L$3:$L$10110,0),MATCH(P$5,'Bin Analysis'!$C$2:$S$2,0))," "))))) | Q23: =IF($L23=" "," ",(IF($M23=FALSE," ",(IF($M23>0,INDEX('Bin Analysis'!$C$3:$S$10110,MATCH($L23,'Bin Analysis'!$L$3:$L$10110,0),MATCH(Q$5,'Bin Analysis'!$C$2:$S$2,0))," "))))) | R23: =IF($L23=" "," ",(IF($M23=FALSE," ",(IF($M23>0,INDEX('Bin Analysis'!$C$3:$S$10110,MATCH($L23,'Bin Analysis'!$L$3:$L$10110,0),MATCH(R$5,'Bin Analysis'!$C$2:$S$2,0))," "))))) | S23: =IF($L23=" "," ",(IF($M23=FALSE," ",(IF($M23>0,INDEX('Bin Analysis'!$C$3:$S$10110,MATCH($L23,'Bin Analysis'!$L$3:$L$10110,0),MATCH(S$5,'Bin Analysis'!$C$2:$S$2,0))," "))))) | T23: =Assignments!K22 | U23: =Assignments!L22 | V23: =Assignments!V22
G24: =IFERROR('Data Transformation'!M22," ") | I24: (leave blank if no override) | L24: =$G25 | M24: =IF(L24=" "," ",(IF($L24>0,INDEX('Bin Analysis'!$C$3:$S$10110,MATCH($L24,'Bin Analysis'!$L$3:$L$10110,0),MATCH(M$5,'Bin Analysis'!$C$2:$S$2,0))," "))) | N24: =IF($L24=" "," ",(IF($M24=FALSE," ",(IF($M24>0,INDEX('Bin Analysis'!$C$3:$S$10110,MATCH($L24,'Bin Analysis'!$L$3:$L$10110,0),MATCH(N$5,'Bin Analysis'!$C$2:$S$2,0))," "))))) | O24: =IF($L24=" "," ",(IF($M24=FALSE," ",(IF($M24>0,INDEX('Bin Analysis'!$C$3:$S$10110,MATCH($L24,'Bin Analysis'!$L$3:$L$10110,0),MATCH(O$5,'Bin Analysis'!$C$2:$S$2,0))," "))))) | P24: =IF($L24=" "," ",(IF($M24=FALSE," ",(IF($M24>0,INDEX('Bin Analysis'!$C$3:$S$10110,MATCH($L24,'Bin Analysis'!$L$3:$L$10110,0),MATCH(P$5,'Bin Analysis'!$C$2:$S$2,0))," "))))) | Q24: =IF($L24=" "," ",(IF($M24=FALSE," ",(IF($M24>0,INDEX('Bin Analysis'!$C$3:$S$10110,MATCH($L24,'Bin Analysis'!$L$3:$L$10110,0),MATCH(Q$5,'Bin Analysis'!$C$2:$S$2,0))," "))))) | R24: =IF($L24=" "," ",(IF($M24=FALSE," ",(IF($M24>0,INDEX('Bin Analysis'!$C$3:$S$10110,MATCH($L24,'Bin Analysis'!$L$3:$L$10110,0),MATCH(R$5,'Bin Analysis'!$C$2:$S$2,0))," "))))) | S24: =IF($L24=" "," ",(IF($M24=FALSE," ",(IF($M24>0,INDEX('Bin Analysis'!$C$3:$S$10110,MATCH($L24,'Bin Analysis'!$L$3:$L$10110,0),MATCH(S$5,'Bin Analysis'!$C$2:$S$2,0))," "))))) | T24: =Assignments!K23 | U24: =Assignments!L23 | V24: =Assignments!V23
G25: =IFERROR('Data Transformation'!M23," ") | I25: Rheostate/toggle bin width | J25: ='Data Transformation'!R25 -> #DIV/0! | L25: =$G26 | M25: =IF(L25=" "," ",(IF($L25>0,INDEX('Bin Analysis'!$C$3:$S$10110,MATCH($L25,'Bin Analysis'!$L$3:$L$10110,0),MATCH(M$5,'Bin Analysis'!$C$2:$S$2,0))," "))) | N25: =IF($L25=" "," ",(IF($M25=FALSE," ",(IF($M25>0,INDEX('Bin Analysis'!$C$3:$S$10110,MATCH($L25,'Bin Analysis'!$L$3:$L$10110,0),MATCH(N$5,'Bin Analysis'!$C$2:$S$2,0))," "))))) | O25: =IF($L25=" "," ",(IF($M25=FALSE," ",(IF($M25>0,INDEX('Bin Analysis'!$C$3:$S$10110,MATCH($L25,'Bin Analysis'!$L$3:$L$10110,0),MATCH(O$5,'Bin Analysis'!$C$2:$S$2,0))," "))))) | P25: =IF($L25=" "," ",(IF($M25=FALSE," ",(IF($M25>0,INDEX('Bin Analysis'!$C$3:$S$10110,MATCH($L25,'Bin Analysis'!$L$3:$L$10110,0),MATCH(P$5,'Bin Analysis'!$C$2:$S$2,0))," "))))) | Q25: =IF($L25=" "," ",(IF($M25=FALSE," ",(IF($M25>0,INDEX('Bin Analysis'!$C$3:$S$10110,MATCH($L25,'Bin Analysis'!$L$3:$L$10110,0),MATCH(Q$5,'Bin Analysis'!$C$2:$S$2,0))," "))))) | R25: =IF($L25=" "," ",(IF($M25=FALSE," ",(IF($M25>0,INDEX('Bin Analysis'!$C$3:$S$10110,MATCH($L25,'Bin Analysis'!$L$3:$L$10110,0),MATCH(R$5,'Bin Analysis'!$C$2:$S$2,0))," "))))) | S25: =IF($L25=" "," ",(IF($M25=FALSE," ",(IF($M25>0,INDEX('Bin Analysis'!$C$3:$S$10110,MATCH($L25,'Bin Analysis'!$L$3:$L$10110,0),MATCH(S$5,'Bin Analysis'!$C$2:$S$2,0))," "))))) | T25: =Assignments!K24 | U25: =Assignments!L24 | V25: =Assignments!V24
G26: =IFERROR('Data Transformation'!M24," ") | L26: =$G27 | M26: =IF(L26=" "," ",(IF($L26>0,INDEX('Bin Analysis'!$C$3:$S$10110,MATCH($L26,'Bin Analysis'!$L$3:$L$10110,0),MATCH(M$5,'Bin Analysis'!$C$2:$S$2,0))," "))) | N26: =IF($L26=" "," ",(IF($M26=FALSE," ",(IF($M26>0,INDEX('Bin Analysis'!$C$3:$S$10110,MATCH($L26,'Bin Analysis'!$L$3:$L$10110,0),MATCH(N$5,'Bin Analysis'!$C$2:$S$2,0))," "))))) | O26: =IF($L26=" "," ",(IF($M26=FALSE," ",(IF($M26>0,INDEX('Bin Analysis'!$C$3:$S$10110,MATCH($L26,'Bin Analysis'!$L$3:$L$10110,0),MATCH(O$5,'Bin Analysis'!$C$2:$S$2,0))," "))))) | P26: =IF($L26=" "," ",(IF($M26=FALSE," ",(IF($M26>0,INDEX('Bin Analysis'!$C$3:$S$10110,MATCH($L26,'Bin Analysis'!$L$3:$L$10110,0),MATCH(P$5,'Bin Analysis'!$C$2:$S$2,0))," "))))) | Q26: =IF($L26=" "," ",(IF($M26=FALSE," ",(IF($M26>0,INDEX('Bin Analysis'!$C$3:$S$10110,MATCH($L26,'Bin Analysis'!$L$3:$L$10110,0),MATCH(Q$5,'Bin Analysis'!$C$2:$S$2,0))," "))))) | R26: =IF($L26=" "," ",(IF($M26=FALSE," ",(IF($M26>0,INDEX('Bin Analysis'!$C$3:$S$10110,MATCH($L26,'Bin Analysis'!$L$3:$L$10110,0),MATCH(R$5,'Bin Analysis'!$C$2:$S$2,0))," "))))) | S26: =IF($L26=" "," ",(IF($M26=FALSE," ",(IF($M26>0,INDEX('Bin Analysis'!$C$3:$S$10110,MATCH($L26,'Bin Analysis'!$L$3:$L$10110,0),MATCH(S$5,'Bin Analysis'!$C$2:$S$2,0))," "))))) | T26: =Assignments!K25 | U26: =Assignments!L25 | V26: =Assignments!V25
G27: =IFERROR('Data Transformation'!M25," ") | I27: Neutral Bin size override | L27: =$G28 | M27: =IF(L27=" "," ",(IF($L27>0,INDEX('Bin Analysis'!$C$3:$S$10110,MATCH($L27,'Bin Analysis'!$L$3:$L$10110,0),MATCH(M$5,'Bin Analysis'!$C$2:$S$2,0))," "))) | N27: =IF($L27=" "," ",(IF($M27=FALSE," ",(IF($M27>0,INDEX('Bin Analysis'!$C$3:$S$10110,MATCH($L27,'Bin Analysis'!$L$3:$L$10110,0),MATCH(N$5,'Bin Analysis'!$C$2:$S$2,0))," "))))) | O27: =IF($L27=" "," ",(IF($M27=FALSE," ",(IF($M27>0,INDEX('Bin Analysis'!$C$3:$S$10110,MATCH($L27,'Bin Analysis'!$L$3:$L$10110,0),MATCH(O$5,'Bin Analysis'!$C$2:$S$2,0))," "))))) | P27: =IF($L27=" "," ",(IF($M27=FALSE," ",(IF($M27>0,INDEX('Bin Analysis'!$C$3:$S$10110,MATCH($L27,'Bin Analysis'!$L$3:$L$10110,0),MATCH(P$5,'Bin Analysis'!$C$2:$S$2,0))," "))))) | Q27: =IF($L27=" "," ",(IF($M27=FALSE," ",(IF($M27>0,INDEX('Bin Analysis'!$C$3:$S$10110,MATCH($L27,'Bin Analysis'!$L$3:$L$10110,0),MATCH(Q$5,'Bin Analysis'!$C$2:$S$2,0))," "))))) | R27: =IF($L27=" "," ",(IF($M27=FALSE," ",(IF($M27>0,INDEX('Bin Analysis'!$C$3:$S$10110,MATCH($L27,'Bin Analysis'!$L$3:$L$10110,0),MATCH(R$5,'Bin Analysis'!$C$2:$S$2,0))," "))))) | S27: =IF($L27=" "," ",(IF($M27=FALSE," ",(IF($M27>0,INDEX('Bin Analysis'!$C$3:$S$10110,MATCH($L27,'Bin Analysis'!$L$3:$L$10110,0),MATCH(S$5,'Bin Analysis'!$C$2:$S$2,0))," "))))) | T27: =Assignments!K26 | U27: =Assignments!L26 | V27: =Assignments!V26
G28: =IFERROR('Data Transformation'!M26," ") | I28: Neutral bin size | J28: ='Data Transformation'!W25 -> #DIV/0! | L28: =$G29 | M28: =IF(L28=" "," ",(IF($L28>0,INDEX('Bin Analysis'!$C$3:$S$10110,MATCH($L28,'Bin Analysis'!$L$3:$L$10110,0),MATCH(M$5,'Bin Analysis'!$C$2:$S$2,0))," "))) | N28: =IF($L28=" "," ",(IF($M28=FALSE," ",(IF($M28>0,INDEX('Bin Analysis'!$C$3:$S$10110,MATCH($L28,'Bin Analysis'!$L$3:$L$10110,0),MATCH(N$5,'Bin Analysis'!$C$2:$S$2,0))," "))))) | O28: =IF($L28=" "," ",(IF($M28=FALSE," ",(IF($M28>0,INDEX('Bin Analysis'!$C$3:$S$10110,MATCH($L28,'Bin Analysis'!$L$3:$L$10110,0),MATCH(O$5,'Bin Analysis'!$C$2:$S$2,0))," "))))) | P28: =IF($L28=" "," ",(IF($M28=FALSE," ",(IF($M28>0,INDEX('Bin Analysis'!$C$3:$S$10110,MATCH($L28,'Bin Analysis'!$L$3:$L$10110,0),MATCH(P$5,'Bin Analysis'!$C$2:$S$2,0))," "))))) | Q28: =IF($L28=" "," ",(IF($M28=FALSE," ",(IF($M28>0,INDEX('Bin Analysis'!$C$3:$S$10110,MATCH($L28,'Bin Analysis'!$L$3:$L$10110,0),MATCH(Q$5,'Bin Analysis'!$C$2:$S$2,0))," "))))) | R28: =IF($L28=" "," ",(IF($M28=FALSE," ",(IF($M28>0,INDEX('Bin Analysis'!$C$3:$S$10110,MATCH($L28,'Bin Analysis'!$L$3:$L$10110,0),MATCH(R$5,'Bin Analysis'!$C$2:$S$2,0))," "))))) | S28: =IF($L28=" "," ",(IF($M28=FALSE," ",(IF($M28>0,INDEX('Bin Analysis'!$C$3:$S$10110,MATCH($L28,'Bin Analysis'!$L$3:$L$10110,0),MATCH(S$5,'Bin Analysis'!$C$2:$S$2,0))," "))))) | T28: =Assignments!K27 | U28: =Assignments!L27 | V28: =Assignments!V27
G29: =IFERROR('Data Transformation'!M27," ") | L29: =$G30 | M29: =IF(L29=" "," ",(IF($L29>0,INDEX('Bin Analysis'!$C$3:$S$10110,MATCH($L29,'Bin Analysis'!$L$3:$L$10110,0),MATCH(M$5,'Bin Analysis'!$C$2:$S$2,0))," "))) | N29: =IF($L29=" "," ",(IF($M29=FALSE," ",(IF($M29>0,INDEX('Bin Analysis'!$C$3:$S$10110,MATCH($L29,'Bin Analysis'!$L$3:$L$10110,0),MATCH(N$5,'Bin Analysis'!$C$2:$S$2,0))," "))))) | O29: =IF($L29=" "," ",(IF($M29=FALSE," ",(IF($M29>0,INDEX('Bin Analysis'!$C$3:$S$10110,MATCH($L29,'Bin Analysis'!$L$3:$L$10110,0),MATCH(O$5,'Bin Analysis'!$C$2:$S$2,0))," "))))) | P29: =IF($L29=" "," ",(IF($M29=FALSE," ",(IF($M29>0,INDEX('Bin Analysis'!$C$3:$S$10110,MATCH($L29,'Bin Analysis'!$L$3:$L$10110,0),MATCH(P$5,'Bin Analysis'!$C$2:$S$2,0))," "))))) | Q29: =IF($L29=" "," ",(IF($M29=FALSE," ",(IF($M29>0,INDEX('Bin Analysis'!$C$3:$S$10110,MATCH($L29,'Bin Analysis'!$L$3:$L$10110,0),MATCH(Q$5,'Bin Analysis'!$C$2:$S$2,0))," "))))) | R29: =IF($L29=" "," ",(IF($M29=FALSE," ",(IF($M29>0,INDEX('Bin Analysis'!$C$3:$S$10110,MATCH($L29,'Bin Analysis'!$L$3:$L$10110,0),MATCH(R$5,'Bin Analysis'!$C$2:$S$2,0))," "))))) | S29: =IF($L29=" "," ",(IF($M29=FALSE," ",(IF($M29>0,INDEX('Bin Analysis'!$C$3:$S$10110,MATCH($L29,'Bin Analysis'!$L$3:$L$10110,0),MATCH(S$5,'Bin Analysis'!$C$2:$S$2,0))," "))))) | T29: =Assignments!K28 | U29: =Assignments!L28 | V29: =Assignments!V28
G30: =IFERROR('Data Transformation'!M28," ") | I30: Enhancing Score assignment | L30: =$G31 | M30: =IF(L30=" "," ",(IF($L30>0,INDEX('Bin Analysis'!$C$3:$S$10110,MATCH($L30,'Bin Analysis'!$L$3:$L$10110,0),MATCH(M$5,'Bin Analysis'!$C$2:$S$2,0))," "))) | N30: =IF($L30=" "," ",(IF($M30=FALSE," ",(IF($M30>0,INDEX('Bin Analysis'!$C$3:$S$10110,MATCH($L30,'Bin Analysis'!$L$3:$L$10110,0),MATCH(N$5,'Bin Analysis'!$C$2:$S$2,0))," "))))) | O30: =IF($L30=" "," ",(IF($M30=FALSE," ",(IF($M30>0,INDEX('Bin Analysis'!$C$3:$S$10110,MATCH($L30,'Bin Analysis'!$L$3:$L$10110,0),MATCH(O$5,'Bin Analysis'!$C$2:$S$2,0))," "))))) | P30: =IF($L30=" "," ",(IF($M30=FALSE," ",(IF($M30>0,INDEX('Bin Analysis'!$C$3:$S$10110,MATCH($L30,'Bin Analysis'!$L$3:$L$10110,0),MATCH(P$5,'Bin Analysis'!$C$2:$S$2,0))," "))))) | Q30: =IF($L30=" "," ",(IF($M30=FALSE," ",(IF($M30>0,INDEX('Bin Analysis'!$C$3:$S$10110,MATCH($L30,'Bin Analysis'!$L$3:$L$10110,0),MATCH(Q$5,'Bin Analysis'!$C$2:$S$2,0))," "))))) | R30: =IF($L30=" "," ",(IF($M30=FALSE," ",(IF($M30>0,INDEX('Bin Analysis'!$C$3:$S$10110,MATCH($L30,'Bin Analysis'!$L$3:$L$10110,0),MATCH(R$5,'Bin Analysis'!$C$2:$S$2,0))," "))))) | S30: =IF($L30=" "," ",(IF($M30=FALSE," ",(IF($M30>0,INDEX('Bin Analysis'!$C$3:$S$10110,MATCH($L30,'Bin Analysis'!$L$3:$L$10110,0),MATCH(S$5,'Bin Analysis'!$C$2:$S$2,0))," "))))) | T30: =Assignments!K29 | U30: =Assignments!L29 | V30: =Assignments!V29
G31: =IFERROR('Data Transformation'!M29," ") | I31: Default Enhancing Score assignment | J31: 0.8 | L31: =$G32 | M31: =IF(L31=" "," ",(IF($L31>0,INDEX('Bin Analysis'!$C$3:$S$10110,MATCH($L31,'Bin Analysis'!$L$3:$L$10110,0),MATCH(M$5,'Bin Analysis'!$C$2:$S$2,0))," "))) | N31: =IF($L31=" "," ",(IF($M31=FALSE," ",(IF($M31>0,INDEX('Bin Analysis'!$C$3:$S$10110,MATCH($L31,'Bin Analysis'!$L$3:$L$10110,0),MATCH(N$5,'Bin Analysis'!$C$2:$S$2,0))," "))))) | O31: =IF($L31=" "," ",(IF($M31=FALSE," ",(IF($M31>0,INDEX('Bin Analysis'!$C$3:$S$10110,MATCH($L31,'Bin Analysis'!$L$3:$L$10110,0),MATCH(O$5,'Bin Analysis'!$C$2:$S$2,0))," "))))) | P31: =IF($L31=" "," ",(IF($M31=FALSE," ",(IF($M31>0,INDEX('Bin Analysis'!$C$3:$S$10110,MATCH($L31,'Bin Analysis'!$L$3:$L$10110,0),MATCH(P$5,'Bin Analysis'!$C$2:$S$2,0))," "))))) | Q31: =IF($L31=" "," ",(IF($M31=FALSE," ",(IF($M31>0,INDEX('Bin Analysis'!$C$3:$S$10110,MATCH($L31,'Bin Analysis'!$L$3:$L$10110,0),MATCH(Q$5,'Bin Analysis'!$C$2:$S$2,0))," "))))) | R31: =IF($L31=" "," ",(IF($M31=FALSE," ",(IF($M31>0,INDEX('Bin Analysis'!$C$3:$S$10110,MATCH($L31,'Bin Analysis'!$L$3:$L$10110,0),MATCH(R$5,'Bin Analysis'!$C$2:$S$2,0))," "))))) | S31: =IF($L31=" "," ",(IF($M31=FALSE," ",(IF($M31>0,INDEX('Bin Analysis'!$C$3:$S$10110,MATCH($L31,'Bin Analysis'!$L$3:$L$10110,0),MATCH(S$5,'Bin Analysis'!$C$2:$S$2,0))," "))))) | T31: =Assignments!K30 | U31: =Assignments!L30 | V31: =Assignments!V30
G32: =IFERROR('Data Transformation'!M30," ") | L32: =$G33 | M32: =IF(L32=" "," ",(IF($L32>0,INDEX('Bin Analysis'!$C$3:$S$10110,MATCH($L32,'Bin Analysis'!$L$3:$L$10110,0),MATCH(M$5,'Bin Analysis'!$C$2:$S$2,0))," "))) | N32: =IF($L32=" "," ",(IF($M32=FALSE," ",(IF($M32>0,INDEX('Bin Analysis'!$C$3:$S$10110,MATCH($L32,'Bin Analysis'!$L$3:$L$10110,0),MATCH(N$5,'Bin Analysis'!$C$2:$S$2,0))," "))))) | O32: =IF($L32=" "," ",(IF($M32=FALSE," ",(IF($M32>0,INDEX('Bin Analysis'!$C$3:$S$10110,MATCH($L32,'Bin Analysis'!$L$3:$L$10110,0),MATCH(O$5,'Bin Analysis'!$C$2:$S$2,0))," "))))) | P32: =IF($L32=" "," ",(IF($M32=FALSE," ",(IF($M32>0,INDEX('Bin Analysis'!$C$3:$S$10110,MATCH($L32,'Bin Analysis'!$L$3:$L$10110,0),MATCH(P$5,'Bin Analysis'!$C$2:$S$2,0))," "))))) | Q32: =IF($L32=" "," ",(IF($M32=FALSE," ",(IF($M32>0,INDEX('Bin Analysis'!$C$3:$S$10110,MATCH($L32,'Bin Analysis'!$L$3:$L$10110,0),MATCH(Q$5,'Bin Analysis'!$C$2:$S$2,0))," "))))) | R32: =IF($L32=" "," ",(IF($M32=FALSE," ",(IF($M32>0,INDEX('Bin Analysis'!$C$3:$S$10110,MATCH($L32,'Bin Analysis'!$L$3:$L$10110,0),MATCH(R$5,'Bin Analysis'!$C$2:$S$2,0))," "))))) | S32: =IF($L32=" "," ",(IF($M32=FALSE," ",(IF($M32>0,INDEX('Bin Analysis'!$C$3:$S$10110,MATCH($L32,'Bin Analysis'!$L$3:$L$10110,0),MATCH(S$5,'Bin Analysis'!$C$2:$S$2,0))," "))))) | T32: =Assignments!K31 | U32: =Assignments!L31 | V32: =Assignments!V31
G33: =IFERROR('Data Transformation'!M31," ") | I33: Neutral Score assignment | L33: =$G34 | M33: =IF(L33=" "," ",(IF($L33>0,INDEX('Bin Analysis'!$C$3:$S$10110,MATCH($L33,'Bin Analysis'!$L$3:$L$10110,0),MATCH(M$5,'Bin Analysis'!$C$2:$S$2,0))," "))) | N33: =IF($L33=" "," ",(IF($M33=FALSE," ",(IF($M33>0,INDEX('Bin Analysis'!$C$3:$S$10110,MATCH($L33,'Bin Analysis'!$L$3:$L$10110,0),MATCH(N$5,'Bin Analysis'!$C$2:$S$2,0))," "))))) | O33: =IF($L33=" "," ",(IF($M33=FALSE," ",(IF($M33>0,INDEX('Bin Analysis'!$C$3:$S$10110,MATCH($L33,'Bin Analysis'!$L$3:$L$10110,0),MATCH(O$5,'Bin Analysis'!$C$2:$S$2,0))," "))))) | P33: =IF($L33=" "," ",(IF($M33=FALSE," ",(IF($M33>0,INDEX('Bin Analysis'!$C$3:$S$10110,MATCH($L33,'Bin Analysis'!$L$3:$L$10110,0),MATCH(P$5,'Bin Analysis'!$C$2:$S$2,0))," "))))) | Q33: =IF($L33=" "," ",(IF($M33=FALSE," ",(IF($M33>0,INDEX('Bin Analysis'!$C$3:$S$10110,MATCH($L33,'Bin Analysis'!$L$3:$L$10110,0),MATCH(Q$5,'Bin Analysis'!$C$2:$S$2,0))," "))))) | R33: =IF($L33=" "," ",(IF($M33=FALSE," ",(IF($M33>0,INDEX('Bin Analysis'!$C$3:$S$10110,MATCH($L33,'Bin Analysis'!$L$3:$L$10110,0),MATCH(R$5,'Bin Analysis'!$C$2:$S$2,0))," "))))) | S33: =IF($L33=" "," ",(IF($M33=FALSE," ",(IF($M33>0,INDEX('Bin Analysis'!$C$3:$S$10110,MATCH($L33,'Bin Analysis'!$L$3:$L$10110,0),MATCH(S$5,'Bin Analysis'!$C$2:$S$2,0))," "))))) | T33: =Assignments!K32 | U33: =Assignments!L32 | V33: =Assignments!V32
G34: =IFERROR('Data Transformation'!M32," ") | I34: Default Neutral Score assignment | J34: 0.7 | L34: =$G35 | M34: =IF(L34=" "," ",(IF($L34>0,INDEX('Bin Analysis'!$C$3:$S$10110,MATCH($L34,'Bin Analysis'!$L$3:$L$10110,0),MATCH(M$5,'Bin Analysis'!$C$2:$S$2,0))," "))) | N34: =IF($L34=" "," ",(IF($M34=FALSE," ",(IF($M34>0,INDEX('Bin Analysis'!$C$3:$S$10110,MATCH($L34,'Bin Analysis'!$L$3:$L$10110,0),MATCH(N$5,'Bin Analysis'!$C$2:$S$2,0))," "))))) | O34: =IF($L34=" "," ",(IF($M34=FALSE," ",(IF($M34>0,INDEX('Bin Analysis'!$C$3:$S$10110,MATCH($L34,'Bin Analysis'!$L$3:$L$10110,0),MATCH(O$5,'Bin Analysis'!$C$2:$S$2,0))," "))))) | P34: =IF($L34=" "," ",(IF($M34=FALSE," ",(IF($M34>0,INDEX('Bin Analysis'!$C$3:$S$10110,MATCH($L34,'Bin Analysis'!$L$3:$L$10110,0),MATCH(P$5,'Bin Analysis'!$C$2:$S$2,0))," "))))) | Q34: =IF($L34=" "," ",(IF($M34=FALSE," ",(IF($M34>0,INDEX('Bin Analysis'!$C$3:$S$10110,MATCH($L34,'Bin Analysis'!$L$3:$L$10110,0),MATCH(Q$5,'Bin Analysis'!$C$2:$S$2,0))," "))))) | R34: =IF($L34=" "," ",(IF($M34=FALSE," ",(IF($M34>0,INDEX('Bin Analysis'!$C$3:$S$10110,MATCH($L34,'Bin Analysis'!$L$3:$L$10110,0),MATCH(R$5,'Bin Analysis'!$C$2:$S$2,0))," "))))) | S34: =IF($L34=" "," ",(IF($M34=FALSE," ",(IF($M34>0,INDEX('Bin Analysis'!$C$3:$S$10110,MATCH($L34,'Bin Analysis'!$L$3:$L$10110,0),MATCH(S$5,'Bin Analysis'!$C$2:$S$2,0))," "))))) | T34: =Assignments!K33 | U34: =Assignments!L33 | V34: =Assignments!V33
G35: =IFERROR('Data Transformation'!M33," ") | L35: =$G36 | M35: =IF(L35=" "," ",(IF($L35>0,INDEX('Bin Analysis'!$C$3:$S$10110,MATCH($L35,'Bin Analysis'!$L$3:$L$10110,0),MATCH(M$5,'Bin Analysis'!$C$2:$S$2,0))," "))) | N35: =IF($L35=" "," ",(IF($M35=FALSE," ",(IF($M35>0,INDEX('Bin Analysis'!$C$3:$S$10110,MATCH($L35,'Bin Analysis'!$L$3:$L$10110,0),MATCH(N$5,'Bin Analysis'!$C$2:$S$2,0))," "))))) | O35: =IF($L35=" "," ",(IF($M35=FALSE," ",(IF($M35>0,INDEX('Bin Analysis'!$C$3:$S$10110,MATCH($L35,'Bin Analysis'!$L$3:$L$10110,0),MATCH(O$5,'Bin Analysis'!$C$2:$S$2,0))," "))))) | P35: =IF($L35=" "," ",(IF($M35=FALSE," ",(IF($M35>0,INDEX('Bin Analysis'!$C$3:$S$10110,MATCH($L35,'Bin Analysis'!$L$3:$L$10110,0),MATCH(P$5,'Bin Analysis'!$C$2:$S$2,0))," "))))) | Q35: =IF($L35=" "," ",(IF($M35=FALSE," ",(IF($M35>0,INDEX('Bin Analysis'!$C$3:$S$10110,MATCH($L35,'Bin Analysis'!$L$3:$L$10110,0),MATCH(Q$5,'Bin Analysis'!$C$2:$S$2,0))," "))))) | R35: =IF($L35=" "," ",(IF($M35=FALSE," ",(IF($M35>0,INDEX('Bin Analysis'!$C$3:$S$10110,MATCH($L35,'Bin Analysis'!$L$3:$L$10110,0),MATCH(R$5,'Bin Analysis'!$C$2:$S$2,0))," "))))) | S35: =IF($L35=" "," ",(IF($M35=FALSE," ",(IF($M35>0,INDEX('Bin Analysis'!$C$3:$S$10110,MATCH($L35,'Bin Analysis'!$L$3:$L$10110,0),MATCH(S$5,'Bin Analysis'!$C$2:$S$2,0))," "))))) | T35: =Assignments!K34 | U35: =Assignments!L34 | V35: =Assignments!V34
G36: =IFERROR('Data Transformation'!M34," ") | I36: Rheostat Score assignment | L36: =$G37 | M36: =IF(L36=" "," ",(IF($L36>0,INDEX('Bin Analysis'!$C$3:$S$10110,MATCH($L36,'Bin Analysis'!$L$3:$L$10110,0),MATCH(M$5,'Bin Analysis'!$C$2:$S$2,0))," "))) | N36: =IF($L36=" "," ",(IF($M36=FALSE," ",(IF($M36>0,INDEX('Bin Analysis'!$C$3:$S$10110,MATCH($L36,'Bin Analysis'!$L$3:$L$10110,0),MATCH(N$5,'Bin Analysis'!$C$2:$S$2,0))," "))))) | O36: =IF($L36=" "," ",(IF($M36=FALSE," ",(IF($M36>0,INDEX('Bin Analysis'!$C$3:$S$10110,MATCH($L36,'Bin Analysis'!$L$3:$L$10110,0),MATCH(O$5,'Bin Analysis'!$C$2:$S$2,0))," "))))) | P36: =IF($L36=" "," ",(IF($M36=FALSE," ",(IF($M36>0,INDEX('Bin Analysis'!$C$3:$S$10110,MATCH($L36,'Bin Analysis'!$L$3:$L$10110,0),MATCH(P$5,'Bin Analysis'!$C$2:$S$2,0))," "))))) | Q36: =IF($L36=" "," ",(IF($M36=FALSE," ",(IF($M36>0,INDEX('Bin Analysis'!$C$3:$S$10110,MATCH($L36,'Bin Analysis'!$L$3:$L$10110,0),MATCH(Q$5,'Bin Analysis'!$C$2:$S$2,0))," "))))) | R36: =IF($L36=" "," ",(IF($M36=FALSE," ",(IF($M36>0,INDEX('Bin Analysis'!$C$3:$S$10110,MATCH($L36,'Bin Analysis'!$L$3:$L$10110,0),MATCH(R$5,'Bin Analysis'!$C$2:$S$2,0))," "))))) | S36: =IF($L36=" "," ",(IF($M36=FALSE," ",(IF($M36>0,INDEX('Bin Analysis'!$C$3:$S$10110,MATCH($L36,'Bin Analysis'!$L$3:$L$10110,0),MATCH(S$5,'Bin Analysis'!$C$2:$S$2,0))," "))))) | T36: =Assignments!K35 | U36: =Assignments!L35 | V36: =Assignments!V35
G37: =IFERROR('Data Transformation'!M35," ") | I37: Default Rheostate Score assignment | J37: 0.5 | L37: =$G38 | M37: =IF(L37=" "," ",(IF($L37>0,INDEX('Bin Analysis'!$C$3:$S$10110,MATCH($L37,'Bin Analysis'!$L$3:$L$10110,0),MATCH(M$5,'Bin Analysis'!$C$2:$S$2,0))," "))) | N37: =IF($L37=" "," ",(IF($M37=FALSE," ",(IF($M37>0,INDEX('Bin Analysis'!$C$3:$S$10110,MATCH($L37,'Bin Analysis'!$L$3:$L$10110,0),MATCH(N$5,'Bin Analysis'!$C$2:$S$2,0))," "))))) | O37: =IF($L37=" "," ",(IF($M37=FALSE," ",(IF($M37>0,INDEX('Bin Analysis'!$C$3:$S$10110,MATCH($L37,'Bin Analysis'!$L$3:$L$10110,0),MATCH(O$5,'Bin Analysis'!$C$2:$S$2,0))," "))))) | P37: =IF($L37=" "," ",(IF($M37=FALSE," ",(IF($M37>0,INDEX('Bin Analysis'!$C$3:$S$10110,MATCH($L37,'Bin Analysis'!$L$3:$L$10110,0),MATCH(P$5,'Bin Analysis'!$C$2:$S$2,0))," "))))) | Q37: =IF($L37=" "," ",(IF($M37=FALSE," ",(IF($M37>0,INDEX('Bin Analysis'!$C$3:$S$10110,MATCH($L37,'Bin Analysis'!$L$3:$L$10110,0),MATCH(Q$5,'Bin Analysis'!$C$2:$S$2,0))," "))))) | R37: =IF($L37=" "," ",(IF($M37=FALSE," ",(IF($M37>0,INDEX('Bin Analysis'!$C$3:$S$10110,MATCH($L37,'Bin Analysis'!$L$3:$L$10110,0),MATCH(R$5,'Bin Analysis'!$C$2:$S$2,0))," "))))) | S37: =IF($L37=" "," ",(IF($M37=FALSE," ",(IF($M37>0,INDEX('Bin Analysis'!$C$3:$S$10110,MATCH($L37,'Bin Analysis'!$L$3:$L$10110,0),MATCH(S$5,'Bin Analysis'!$C$2:$S$2,0))," "))))) | T37: =Assignments!K36 | U37: =Assignments!L36 | V37: =Assignments!V36
G38: =IFERROR('Data Transformation'!M36," ") | L38: =$G39 | M38: =IF(L38=" "," ",(IF($L38>0,INDEX('Bin Analysis'!$C$3:$S$10110,MATCH($L38,'Bin Analysis'!$L$3:$L$10110,0),MATCH(M$5,'Bin Analysis'!$C$2:$S$2,0))," "))) | N38: =IF($L38=" "," ",(IF($M38=FALSE," ",(IF($M38>0,INDEX('Bin Analysis'!$C$3:$S$10110,MATCH($L38,'Bin Analysis'!$L$3:$L$10110,0),MATCH(N$5,'Bin Analysis'!$C$2:$S$2,0))," "))))) | O38: =IF($L38=" "," ",(IF($M38=FALSE," ",(IF($M38>0,INDEX('Bin Analysis'!$C$3:$S$10110,MATCH($L38,'Bin Analysis'!$L$3:$L$10110,0),MATCH(O$5,'Bin Analysis'!$C$2:$S$2,0))," "))))) | P38: =IF($L38=" "," ",(IF($M38=FALSE," ",(IF($M38>0,INDEX('Bin Analysis'!$C$3:$S$10110,MATCH($L38,'Bin Analysis'!$L$3:$L$10110,0),MATCH(P$5,'Bin Analysis'!$C$2:$S$2,0))," "))))) | Q38: =IF($L38=" "," ",(IF($M38=FALSE," ",(IF($M38>0,INDEX('Bin Analysis'!$C$3:$S$10110,MATCH($L38,'Bin Analysis'!$L$3:$L$10110,0),MATCH(Q$5,'Bin Analysis'!$C$2:$S$2,0))," "))))) | R38: =IF($L38=" "," ",(IF($M38=FALSE," ",(IF($M38>0,INDEX('Bin Analysis'!$C$3:$S$10110,MATCH($L38,'Bin Analysis'!$L$3:$L$10110,0),MATCH(R$5,'Bin Analysis'!$C$2:$S$2,0))," "))))) | S38: =IF($L38=" "," ",(IF($M38=FALSE," ",(IF($M38>0,INDEX('Bin Analysis'!$C$3:$S$10110,MATCH($L38,'Bin Analysis'!$L$3:$L$10110,0),MATCH(S$5,'Bin Analysis'!$C$2:$S$2,0))," "))))) | T38: =Assignments!K37 | U38: =Assignments!L37 | V38: =Assignments!V37
G39: =IFERROR('Data Transformation'!M37," ") | I39: Toggle Score assignment | L39: =$G40 | M39: =IF(L39=" "," ",(IF($L39>0,INDEX('Bin Analysis'!$C$3:$S$10110,MATCH($L39,'Bin Analysis'!$L$3:$L$10110,0),MATCH(M$5,'Bin Analysis'!$C$2:$S$2,0))," "))) | N39: =IF($L39=" "," ",(IF($M39=FALSE," ",(IF($M39>0,INDEX('Bin Analysis'!$C$3:$S$10110,MATCH($L39,'Bin Analysis'!$L$3:$L$10110,0),MATCH(N$5,'Bin Analysis'!$C$2:$S$2,0))," "))))) | O39: =IF($L39=" "," ",(IF($M39=FALSE," ",(IF($M39>0,INDEX('Bin Analysis'!$C$3:$S$10110,MATCH($L39,'Bin Analysis'!$L$3:$L$10110,0),MATCH(O$5,'Bin Analysis'!$C$2:$S$2,0))," "))))) | P39: =IF($L39=" "," ",(IF($M39=FALSE," ",(IF($M39>0,INDEX('Bin Analysis'!$C$3:$S$10110,MATCH($L39,'Bin Analysis'!$L$3:$L$10110,0),MATCH(P$5,'Bin Analysis'!$C$2:$S$2,0))," "))))) | Q39: =IF($L39=" "," ",(IF($M39=FALSE," ",(IF($M39>0,INDEX('Bin Analysis'!$C$3:$S$10110,MATCH($L39,'Bin Analysis'!$L$3:$L$10110,0),MATCH(Q$5,'Bin Analysis'!$C$2:$S$2,0))," "))))) | R39: =IF($L39=" "," ",(IF($M39=FALSE," ",(IF($M39>0,INDEX('Bin Analysis'!$C$3:$S$10110,MATCH($L39,'Bin Analysis'!$L$3:$L$10110,0),MATCH(R$5,'Bin Analysis'!$C$2:$S$2,0))," "))))) | S39: =IF($L39=" "," ",(IF($M39=FALSE," ",(IF($M39>0,INDEX('Bin Analysis'!$C$3:$S$10110,MATCH($L39,'Bin Analysis'!$L$3:$L$10110,0),MATCH(S$5,'Bin Analysis'!$C$2:$S$2,0))," "))))) | T39: =Assignments!K38 | U39: =Assignments!L38 | V39: =Assignments!V38
G40: =IFERROR('Data Transformation'!M38," ") | I40: Default Toggle Score assignment | J40: 0.64 | L40: =$G41 | M40: =IF(L40=" "," ",(IF($L40>0,INDEX('Bin Analysis'!$C$3:$S$10110,MATCH($L40,'Bin Analysis'!$L$3:$L$10110,0),MATCH(M$5,'Bin Analysis'!$C$2:$S$2,0))," "))) | N40: =IF($L40=" "," ",(IF($M40=FALSE," ",(IF($M40>0,INDEX('Bin Analysis'!$C$3:$S$10110,MATCH($L40,'Bin Analysis'!$L$3:$L$10110,0),MATCH(N$5,'Bin Analysis'!$C$2:$S$2,0))," "))))) | O40: =IF($L40=" "," ",(IF($M40=FALSE," ",(IF($M40>0,INDEX('Bin Analysis'!$C$3:$S$10110,MATCH($L40,'Bin Analysis'!$L$3:$L$10110,0),MATCH(O$5,'Bin Analysis'!$C$2:$S$2,0))," "))))) | P40: =IF($L40=" "," ",(IF($M40=FALSE," ",(IF($M40>0,INDEX('Bin Analysis'!$C$3:$S$10110,MATCH($L40,'Bin Analysis'!$L$3:$L$10110,0),MATCH(P$5,'Bin Analysis'!$C$2:$S$2,0))," "))))) | Q40: =IF($L40=" "," ",(IF($M40=FALSE," ",(IF($M40>0,INDEX('Bin Analysis'!$C$3:$S$10110,MATCH($L40,'Bin Analysis'!$L$3:$L$10110,0),MATCH(Q$5,'Bin Analysis'!$C$2:$S$2,0))," "))))) | R40: =IF($L40=" "," ",(IF($M40=FALSE," ",(IF($M40>0,INDEX('Bin Analysis'!$C$3:$S$10110,MATCH($L40,'Bin Analysis'!$L$3:$L$10110,0),MATCH(R$5,'Bin Analysis'!$C$2:$S$2,0))," "))))) | S40: =IF($L40=" "," ",(IF($M40=FALSE," ",(IF($M40>0,INDEX('Bin Analysis'!$C$3:$S$10110,MATCH($L40,'Bin Analysis'!$L$3:$L$10110,0),MATCH(S$5,'Bin Analysis'!$C$2:$S$2,0))," "))))) | T40: =Assignments!K39 | U40: =Assignments!L39 | V40: =Assignments!V39
G41: =IFERROR('Data Transformation'!M39," ") | L41: =$G42 | M41: =IF(L41=" "," ",(IF($L41>0,INDEX('Bin Analysis'!$C$3:$S$10110,MATCH($L41,'Bin Analysis'!$L$3:$L$10110,0),MATCH(M$5,'Bin Analysis'!$C$2:$S$2,0))," "))) | N41: =IF($L41=" "," ",(IF($M41=FALSE," ",(IF($M41>0,INDEX('Bin Analysis'!$C$3:$S$10110,MATCH($L41,'Bin Analysis'!$L$3:$L$10110,0),MATCH(N$5,'Bin Analysis'!$C$2:$S$2,0))," "))))) | O41: =IF($L41=" "," ",(IF($M41=FALSE," ",(IF($M41>0,INDEX('Bin Analysis'!$C$3:$S$10110,MATCH($L41,'Bin Analysis'!$L$3:$L$10110,0),MATCH(O$5,'Bin Analysis'!$C$2:$S$2,0))," "))))) | P41: =IF($L41=" "," ",(IF($M41=FALSE," ",(IF($M41>0,INDEX('Bin Analysis'!$C$3:$S$10110,MATCH($L41,'Bin Analysis'!$L$3:$L$10110,0),MATCH(P$5,'Bin Analysis'!$C$2:$S$2,0))," "))))) | Q41: =IF($L41=" "," ",(IF($M41=FALSE," ",(IF($M41>0,INDEX('Bin Analysis'!$C$3:$S$10110,MATCH($L41,'Bin Analysis'!$L$3:$L$10110,0),MATCH(Q$5,'Bin Analysis'!$C$2:$S$2,0))," "))))) | R41: =IF($L41=" "," ",(IF($M41=FALSE," ",(IF($M41>0,INDEX('Bin Analysis'!$C$3:$S$10110,MATCH($L41,'Bin Analysis'!$L$3:$L$10110,0),MATCH(R$5,'Bin Analysis'!$C$2:$S$2,0))," "))))) | S41: =IF($L41=" "," ",(IF($M41=FALSE," ",(IF($M41>0,INDEX('Bin Analysis'!$C$3:$S$10110,MATCH($L41,'Bin Analysis'!$L$3:$L$10110,0),MATCH(S$5,'Bin Analysis'!$C$2:$S$2,0))," "))))) | T41: =Assignments!K40 | U41: =Assignments!L40 | V41: =Assignments!V40
G42: =IFERROR('Data Transformation'!M40," ") | L42: =$G43 | M42: =IF(L42=" "," ",(IF($L42>0,INDEX('Bin Analysis'!$C$3:$S$10110,MATCH($L42,'Bin Analysis'!$L$3:$L$10110,0),MATCH(M$5,'Bin Analysis'!$C$2:$S$2,0))," "))) | N42: =IF($L42=" "," ",(IF($M42=FALSE," ",(IF($M42>0,INDEX('Bin Analysis'!$C$3:$S$10110,MATCH($L42,'Bin Analysis'!$L$3:$L$10110,0),MATCH(N$5,'Bin Analysis'!$C$2:$S$2,0))," "))))) | O42: =IF($L42=" "," ",(IF($M42=FALSE," ",(IF($M42>0,INDEX('Bin Analysis'!$C$3:$S$10110,MATCH($L42,'Bin Analysis'!$L$3:$L$10110,0),MATCH(O$5,'Bin Analysis'!$C$2:$S$2,0))," "))))) | P42: =IF($L42=" "," ",(IF($M42=FALSE," ",(IF($M42>0,INDEX('Bin Analysis'!$C$3:$S$10110,MATCH($L42,'Bin Analysis'!$L$3:$L$10110,0),MATCH(P$5,'Bin Analysis'!$C$2:$S$2,0))," "))))) | Q42: =IF($L42=" "," ",(IF($M42=FALSE," ",(IF($M42>0,INDEX('Bin Analysis'!$C$3:$S$10110,MATCH($L42,'Bin Analysis'!$L$3:$L$10110,0),MATCH(Q$5,'Bin Analysis'!$C$2:$S$2,0))," "))))) | R42: =IF($L42=" "," ",(IF($M42=FALSE," ",(IF($M42>0,INDEX('Bin Analysis'!$C$3:$S$10110,MATCH($L42,'Bin Analysis'!$L$3:$L$10110,0),MATCH(R$5,'Bin Analysis'!$C$2:$S$2,0))," "))))) | S42: =IF($L42=" "," ",(IF($M42=FALSE," ",(IF($M42>0,INDEX('Bin Analysis'!$C$3:$S$10110,MATCH($L42,'Bin Analysis'!$L$3:$L$10110,0),MATCH(S$5,'Bin Analysis'!$C$2:$S$2,0))," "))))) | T42: =Assignments!K41 | U42: =Assignments!L41 | V42: =Assignments!V41
G43: =IFERROR('Data Transformation'!M41," ") | L43: =$G44 | M43: =IF(L43=" "," ",(IF($L43>0,INDEX('Bin Analysis'!$C$3:$S$10110,MATCH($L43,'Bin Analysis'!$L$3:$L$10110,0),MATCH(M$5,'Bin Analysis'!$C$2:$S$2,0))," "))) | N43: =IF($L43=" "," ",(IF($M43=FALSE," ",(IF($M43>0,INDEX('Bin Analysis'!$C$3:$S$10110,MATCH($L43,'Bin Analysis'!$L$3:$L$10110,0),MATCH(N$5,'Bin Analysis'!$C$2:$S$2,0))," "))))) | O43: =IF($L43=" "," ",(IF($M43=FALSE," ",(IF($M43>0,INDEX('Bin Analysis'!$C$3:$S$10110,MATCH($L43,'Bin Analysis'!$L$3:$L$10110,0),MATCH(O$5,'Bin Analysis'!$C$2:$S$2,0))," "))))) | P43: =IF($L43=" "," ",(IF($M43=FALSE," ",(IF($M43>0,INDEX('Bin Analysis'!$C$3:$S$10110,MATCH($L43,'Bin Analysis'!$L$3:$L$10110,0),MATCH(P$5,'Bin Analysis'!$C$2:$S$2,0))," "))))) | Q43: =IF($L43=" "," ",(IF($M43=FALSE," ",(IF($M43>0,INDEX('Bin Analysis'!$C$3:$S$10110,MATCH($L43,'Bin Analysis'!$L$3:$L$10110,0),MATCH(Q$5,'Bin Analysis'!$C$2:$S$2,0))," "))))) | R43: =IF($L43=" "," ",(IF($M43=FALSE," ",(IF($M43>0,INDEX('Bin Analysis'!$C$3:$S$10110,MATCH($L43,'Bin Analysis'!$L$3:$L$10110,0),MATCH(R$5,'Bin Analysis'!$C$2:$S$2,0))," "))))) | S43: =IF($L43=" "," ",(IF($M43=FALSE," ",(IF($M43>0,INDEX('Bin Analysis'!$C$3:$S$10110,MATCH($L43,'Bin Analysis'!$L$3:$L$10110,0),MATCH(S$5,'Bin Analysis'!$C$2:$S$2,0))," "))))) | T43: =Assignments!K42 | U43: =Assignments!L42 | V43: =Assignments!V42
G44: =IFERROR('Data Transformation'!M42," ") | L44: =$G45 | M44: =IF(L44=" "," ",(IF($L44>0,INDEX('Bin Analysis'!$C$3:$S$10110,MATCH($L44,'Bin Analysis'!$L$3:$L$10110,0),MATCH(M$5,'Bin Analysis'!$C$2:$S$2,0))," "))) | N44: =IF($L44=" "," ",(IF($M44=FALSE," ",(IF($M44>0,INDEX('Bin Analysis'!$C$3:$S$10110,MATCH($L44,'Bin Analysis'!$L$3:$L$10110,0),MATCH(N$5,'Bin Analysis'!$C$2:$S$2,0))," "))))) | O44: =IF($L44=" "," ",(IF($M44=FALSE," ",(IF($M44>0,INDEX('Bin Analysis'!$C$3:$S$10110,MATCH($L44,'Bin Analysis'!$L$3:$L$10110,0),MATCH(O$5,'Bin Analysis'!$C$2:$S$2,0))," "))))) | P44: =IF($L44=" "," ",(IF($M44=FALSE," ",(IF($M44>0,INDEX('Bin Analysis'!$C$3:$S$10110,MATCH($L44,'Bin Analysis'!$L$3:$L$10110,0),MATCH(P$5,'Bin Analysis'!$C$2:$S$2,0))," "))))) | Q44: =IF($L44=" "," ",(IF($M44=FALSE," ",(IF($M44>0,INDEX('Bin Analysis'!$C$3:$S$10110,MATCH($L44,'Bin Analysis'!$L$3:$L$10110,0),MATCH(Q$5,'Bin Analysis'!$C$2:$S$2,0))," "))))) | R44: =IF($L44=" "," ",(IF($M44=FALSE," ",(IF($M44>0,INDEX('Bin Analysis'!$C$3:$S$10110,MATCH($L44,'Bin Analysis'!$L$3:$L$10110,0),MATCH(R$5,'Bin Analysis'!$C$2:$S$2,0))," "))))) | S44: =IF($L44=" "," ",(IF($M44=FALSE," ",(IF($M44>0,INDEX('Bin Analysis'!$C$3:$S$10110,MATCH($L44,'Bin Analysis'!$L$3:$L$10110,0),MATCH(S$5,'Bin Analysis'!$C$2:$S$2,0))," "))))) | T44: =Assignments!K43 | U44: =Assignments!L43 | V44: =Assignments!V43
G45: =IFERROR('Data Transformation'!M43," ") | L45: =$G46 | M45: =IF(L45=" "," ",(IF($L45>0,INDEX('Bin Analysis'!$C$3:$S$10110,MATCH($L45,'Bin Analysis'!$L$3:$L$10110,0),MATCH(M$5,'Bin Analysis'!$C$2:$S$2,0))," "))) | N45: =IF($L45=" "," ",(IF($M45=FALSE," ",(IF($M45>0,INDEX('Bin Analysis'!$C$3:$S$10110,MATCH($L45,'Bin Analysis'!$L$3:$L$10110,0),MATCH(N$5,'Bin Analysis'!$C$2:$S$2,0))," "))))) | O45: =IF($L45=" "," ",(IF($M45=FALSE," ",(IF($M45>0,INDEX('Bin Analysis'!$C$3:$S$10110,MATCH($L45,'Bin Analysis'!$L$3:$L$10110,0),MATCH(O$5,'Bin Analysis'!$C$2:$S$2,0))," "))))) | P45: =IF($L45=" "," ",(IF($M45=FALSE," ",(IF($M45>0,INDEX('Bin Analysis'!$C$3:$S$10110,MATCH($L45,'Bin Analysis'!$L$3:$L$10110,0),MATCH(P$5,'Bin Analysis'!$C$2:$S$2,0))," "))))) | Q45: =IF($L45=" "," ",(IF($M45=FALSE," ",(IF($M45>0,INDEX('Bin Analysis'!$C$3:$S$10110,MATCH($L45,'Bin Analysis'!$L$3:$L$10110,0),MATCH(Q$5,'Bin Analysis'!$C$2:$S$2,0))," "))))) | R45: =IF($L45=" "," ",(IF($M45=FALSE," ",(IF($M45>0,INDEX('Bin Analysis'!$C$3:$S$10110,MATCH($L45,'Bin Analysis'!$L$3:$L$10110,0),MATCH(R$5,'Bin Analysis'!$C$2:$S$2,0))," "))))) | S45: =IF($L45=" "," ",(IF($M45=FALSE," ",(IF($M45>0,INDEX('Bin Analysis'!$C$3:$S$10110,MATCH($L45,'Bin Analysis'!$L$3:$L$10110,0),MATCH(S$5,'Bin Analysis'!$C$2:$S$2,0))," "))))) | T45: =Assignments!K44 | U45: =Assignments!L44 | V45: =Assignments!V44
G46: =IFERROR('Data Transformation'!M44," ") | L46: =$G47 | M46: =IF(L46=" "," ",(IF($L46>0,INDEX('Bin Analysis'!$C$3:$S$10110,MATCH($L46,'Bin Analysis'!$L$3:$L$10110,0),MATCH(M$5,'Bin Analysis'!$C$2:$S$2,0))," "))) | N46: =IF($L46=" "," ",(IF($M46=FALSE," ",(IF($M46>0,INDEX('Bin Analysis'!$C$3:$S$10110,MATCH($L46,'Bin Analysis'!$L$3:$L$10110,0),MATCH(N$5,'Bin Analysis'!$C$2:$S$2,0))," "))))) | O46: =IF($L46=" "," ",(IF($M46=FALSE," ",(IF($M46>0,INDEX('Bin Analysis'!$C$3:$S$10110,MATCH($L46,'Bin Analysis'!$L$3:$L$10110,0),MATCH(O$5,'Bin Analysis'!$C$2:$S$2,0))," "))))) | P46: =IF($L46=" "," ",(IF($M46=FALSE," ",(IF($M46>0,INDEX('Bin Analysis'!$C$3:$S$10110,MATCH($L46,'Bin Analysis'!$L$3:$L$10110,0),MATCH(P$5,'Bin Analysis'!$C$2:$S$2,0))," "))))) | Q46: =IF($L46=" "," ",(IF($M46=FALSE," ",(IF($M46>0,INDEX('Bin Analysis'!$C$3:$S$10110,MATCH($L46,'Bin Analysis'!$L$3:$L$10110,0),MATCH(Q$5,'Bin Analysis'!$C$2:$S$2,0))," "))))) | R46: =IF($L46=" "," ",(IF($M46=FALSE," ",(IF($M46>0,INDEX('Bin Analysis'!$C$3:$S$10110,MATCH($L46,'Bin Analysis'!$L$3:$L$10110,0),MATCH(R$5,'Bin Analysis'!$C$2:$S$2,0))," "))))) | S46: =IF($L46=" "," ",(IF($M46=FALSE," ",(IF($M46>0,INDEX('Bin Analysis'!$C$3:$S$10110,MATCH($L46,'Bin Analysis'!$L$3:$L$10110,0),MATCH(S$5,'Bin Analysis'!$C$2:$S$2,0))," "))))) | T46: =Assignments!K45 | U46: =Assignments!L45 | V46: =Assignments!V45
G47: =IFERROR('Data Transformation'!M45," ") | L47: =$G48 | M47: =IF(L47=" "," ",(IF($L47>0,INDEX('Bin Analysis'!$C$3:$S$10110,MATCH($L47,'Bin Analysis'!$L$3:$L$10110,0),MATCH(M$5,'Bin Analysis'!$C$2:$S$2,0))," "))) | N47: =IF($L47=" "," ",(IF($M47=FALSE," ",(IF($M47>0,INDEX('Bin Analysis'!$C$3:$S$10110,MATCH($L47,'Bin Analysis'!$L$3:$L$10110,0),MATCH(N$5,'Bin Analysis'!$C$2:$S$2,0))," "))))) | O47: =IF($L47=" "," ",(IF($M47=FALSE," ",(IF($M47>0,INDEX('Bin Analysis'!$C$3:$S$10110,MATCH($L47,'Bin Analysis'!$L$3:$L$10110,0),MATCH(O$5,'Bin Analysis'!$C$2:$S$2,0))," "))))) | P47: =IF($L47=" "," ",(IF($M47=FALSE," ",(IF($M47>0,INDEX('Bin Analysis'!$C$3:$S$10110,MATCH($L47,'Bin Analysis'!$L$3:$L$10110,0),MATCH(P$5,'Bin Analysis'!$C$2:$S$2,0))," "))))) | Q47: =IF($L47=" "," ",(IF($M47=FALSE," ",(IF($M47>0,INDEX('Bin Analysis'!$C$3:$S$10110,MATCH($L47,'Bin Analysis'!$L$3:$L$10110,0),MATCH(Q$5,'Bin Analysis'!$C$2:$S$2,0))," "))))) | R47: =IF($L47=" "," ",(IF($M47=FALSE," ",(IF($M47>0,INDEX('Bin Analysis'!$C$3:$S$10110,MATCH($L47,'Bin Analysis'!$L$3:$L$10110,0),MATCH(R$5,'Bin Analysis'!$C$2:$S$2,0))," "))))) | S47: =IF($L47=" "," ",(IF($M47=FALSE," ",(IF($M47>0,INDEX('Bin Analysis'!$C$3:$S$10110,MATCH($L47,'Bin Analysis'!$L$3:$L$10110,0),MATCH(S$5,'Bin Analysis'!$C$2:$S$2,0))," "))))) | T47: =Assignments!K46 | U47: =Assignments!L46 | V47: =Assignments!V46
G48: =IFERROR('Data Transformation'!M46," ") | L48: =$G49 | M48: =IF(L48=" "," ",(IF($L48>0,INDEX('Bin Analysis'!$C$3:$S$10110,MATCH($L48,'Bin Analysis'!$L$3:$L$10110,0),MATCH(M$5,'Bin Analysis'!$C$2:$S$2,0))," "))) | N48: =IF($L48=" "," ",(IF($M48=FALSE," ",(IF($M48>0,INDEX('Bin Analysis'!$C$3:$S$10110,MATCH($L48,'Bin Analysis'!$L$3:$L$10110,0),MATCH(N$5,'Bin Analysis'!$C$2:$S$2,0))," "))))) | O48: =IF($L48=" "," ",(IF($M48=FALSE," ",(IF($M48>0,INDEX('Bin Analysis'!$C$3:$S$10110,MATCH($L48,'Bin Analysis'!$L$3:$L$10110,0),MATCH(O$5,'Bin Analysis'!$C$2:$S$2,0))," "))))) | P48: =IF($L48=" "," ",(IF($M48=FALSE," ",(IF($M48>0,INDEX('Bin Analysis'!$C$3:$S$10110,MATCH($L48,'Bin Analysis'!$L$3:$L$10110,0),MATCH(P$5,'Bin Analysis'!$C$2:$S$2,0))," "))))) | Q48: =IF($L48=" "," ",(IF($M48=FALSE," ",(IF($M48>0,INDEX('Bin Analysis'!$C$3:$S$10110,MATCH($L48,'Bin Analysis'!$L$3:$L$10110,0),MATCH(Q$5,'Bin Analysis'!$C$2:$S$2,0))," "))))) | R48: =IF($L48=" "," ",(IF($M48=FALSE," ",(IF($M48>0,INDEX('Bin Analysis'!$C$3:$S$10110,MATCH($L48,'Bin Analysis'!$L$3:$L$10110,0),MATCH(R$5,'Bin Analysis'!$C$2:$S$2,0))," "))))) | S48: =IF($L48=" "," ",(IF($M48=FALSE," ",(IF($M48>0,INDEX('Bin Analysis'!$C$3:$S$10110,MATCH($L48,'Bin Analysis'!$L$3:$L$10110,0),MATCH(S$5,'Bin Analysis'!$C$2:$S$2,0))," "))))) | T48: =Assignments!K47 | U48: =Assignments!L47 | V48: =Assignments!V47
G49: =IFERROR('Data Transformation'!M47," ") | L49: =$G50 | M49: =IF(L49=" "," ",(IF($L49>0,INDEX('Bin Analysis'!$C$3:$S$10110,MATCH($L49,'Bin Analysis'!$L$3:$L$10110,0),MATCH(M$5,'Bin Analysis'!$C$2:$S$2,0))," "))) | N49: =IF($L49=" "," ",(IF($M49=FALSE," ",(IF($M49>0,INDEX('Bin Analysis'!$C$3:$S$10110,MATCH($L49,'Bin Analysis'!$L$3:$L$10110,0),MATCH(N$5,'Bin Analysis'!$C$2:$S$2,0))," "))))) | O49: =IF($L49=" "," ",(IF($M49=FALSE," ",(IF($M49>0,INDEX('Bin Analysis'!$C$3:$S$10110,MATCH($L49,'Bin Analysis'!$L$3:$L$10110,0),MATCH(O$5,'Bin Analysis'!$C$2:$S$2,0))," "))))) | P49: =IF($L49=" "," ",(IF($M49=FALSE," ",(IF($M49>0,INDEX('Bin Analysis'!$C$3:$S$10110,MATCH($L49,'Bin Analysis'!$L$3:$L$10110,0),MATCH(P$5,'Bin Analysis'!$C$2:$S$2,0))," "))))) | Q49: =IF($L49=" "," ",(IF($M49=FALSE," ",(IF($M49>0,INDEX('Bin Analysis'!$C$3:$S$10110,MATCH($L49,'Bin Analysis'!$L$3:$L$10110,0),MATCH(Q$5,'Bin Analysis'!$C$2:$S$2,0))," "))))) | R49: =IF($L49=" "," ",(IF($M49=FALSE," ",(IF($M49>0,INDEX('Bin Analysis'!$C$3:$S$10110,MATCH($L49,'Bin Analysis'!$L$3:$L$10110,0),MATCH(R$5,'Bin Analysis'!$C$2:$S$2,0))," "))))) | S49: =IF($L49=" "," ",(IF($M49=FALSE," ",(IF($M49>0,INDEX('Bin Analysis'!$C$3:$S$10110,MATCH($L49,'Bin Analysis'!$L$3:$L$10110,0),MATCH(S$5,'Bin Analysis'!$C$2:$S$2,0))," "))))) | T49: =Assignments!K48 | U49: =Assignments!L48 | V49: =Assignments!V48
G50: =IFERROR('Data Transformation'!M48," ") | L50: =$G51 | M50: =IF(L50=" "," ",(IF($L50>0,INDEX('Bin Analysis'!$C$3:$S$10110,MATCH($L50,'Bin Analysis'!$L$3:$L$10110,0),MATCH(M$5,'Bin Analysis'!$C$2:$S$2,0))," "))) | N50: =IF($L50=" "," ",(IF($M50=FALSE," ",(IF($M50>0,INDEX('Bin Analysis'!$C$3:$S$10110,MATCH($L50,'Bin Analysis'!$L$3:$L$10110,0),MATCH(N$5,'Bin Analysis'!$C$2:$S$2,0))," "))))) | O50: =IF($L50=" "," ",(IF($M50=FALSE," ",(IF($M50>0,INDEX('Bin Analysis'!$C$3:$S$10110,MATCH($L50,'Bin Analysis'!$L$3:$L$10110,0),MATCH(O$5,'Bin Analysis'!$C$2:$S$2,0))," "))))) | P50: =IF($L50=" "," ",(IF($M50=FALSE," ",(IF($M50>0,INDEX('Bin Analysis'!$C$3:$S$10110,MATCH($L50,'Bin Analysis'!$L$3:$L$10110,0),MATCH(P$5,'Bin Analysis'!$C$2:$S$2,0))," "))))) | Q50: =IF($L50=" "," ",(IF($M50=FALSE," ",(IF($M50>0,INDEX('Bin Analysis'!$C$3:$S$10110,MATCH($L50,'Bin Analysis'!$L$3:$L$10110,0),MATCH(Q$5,'Bin Analysis'!$C$2:$S$2,0))," "))))) | R50: =IF($L50=" "," ",(IF($M50=FALSE," ",(IF($M50>0,INDEX('Bin Analysis'!$C$3:$S$10110,MATCH($L50,'Bin Analysis'!$L$3:$L$10110,0),MATCH(R$5,'Bin Analysis'!$C$2:$S$2,0))," "))))) | S50: =IF($L50=" "," ",(IF($M50=FALSE," ",(IF($M50>0,INDEX('Bin Analysis'!$C$3:$S$10110,MATCH($L50,'Bin Analysis'!$L$3:$L$10110,0),MATCH(S$5,'Bin Analysis'!$C$2:$S$2,0))," "))))) | T50: =Assignments!K49 | U50: =Assignments!L49 | V50: =Assignments!V49
G51: =IFERROR('Data Transformation'!M49," ") | L51: =$G52 | M51: =IF(L51=" "," ",(IF($L51>0,INDEX('Bin Analysis'!$C$3:$S$10110,MATCH($L51,'Bin Analysis'!$L$3:$L$10110,0),MATCH(M$5,'Bin Analysis'!$C$2:$S$2,0))," "))) | N51: =IF($L51=" "," ",(IF($M51=FALSE," ",(IF($M51>0,INDEX('Bin Analysis'!$C$3:$S$10110,MATCH($L51,'Bin Analysis'!$L$3:$L$10110,0),MATCH(N$5,'Bin Analysis'!$C$2:$S$2,0))," "))))) | O51: =IF($L51=" "," ",(IF($M51=FALSE," ",(IF($M51>0,INDEX('Bin Analysis'!$C$3:$S$10110,MATCH($L51,'Bin Analysis'!$L$3:$L$10110,0),MATCH(O$5,'Bin Analysis'!$C$2:$S$2,0))," "))))) | P51: =IF($L51=" "," ",(IF($M51=FALSE," ",(IF($M51>0,INDEX('Bin Analysis'!$C$3:$S$10110,MATCH($L51,'Bin Analysis'!$L$3:$L$10110,0),MATCH(P$5,'Bin Analysis'!$C$2:$S$2,0))," "))))) | Q51: =IF($L51=" "," ",(IF($M51=FALSE," ",(IF($M51>0,INDEX('Bin Analysis'!$C$3:$S$10110,MATCH($L51,'Bin Analysis'!$L$3:$L$10110,0),MATCH(Q$5,'Bin Analysis'!$C$2:$S$2,0))," "))))) | R51: =IF($L51=" "," ",(IF($M51=FALSE," ",(IF($M51>0,INDEX('Bin Analysis'!$C$3:$S$10110,MATCH($L51,'Bin Analysis'!$L$3:$L$10110,0),MATCH(R$5,'Bin Analysis'!$C$2:$S$2,0))," "))))) | S51: =IF($L51=" "," ",(IF($M51=FALSE," ",(IF($M51>0,INDEX('Bin Analysis'!$C$3:$S$10110,MATCH($L51,'Bin Analysis'!$L$3:$L$10110,0),MATCH(S$5,'Bin Analysis'!$C$2:$S$2,0))," "))))) | T51: =Assignments!K50 | U51: =Assignments!L50 | V51: =Assignments!V50
G52: =IFERROR('Data Transformation'!M50," ") | L52: =$G53 | M52: =IF(L52=" "," ",(IF($L52>0,INDEX('Bin Analysis'!$C$3:$S$10110,MATCH($L52,'Bin Analysis'!$L$3:$L$10110,0),MATCH(M$5,'Bin Analysis'!$C$2:$S$2,0))," "))) | N52: =IF($L52=" "," ",(IF($M52=FALSE," ",(IF($M52>0,INDEX('Bin Analysis'!$C$3:$S$10110,MATCH($L52,'Bin Analysis'!$L$3:$L$10110,0),MATCH(N$5,'Bin Analysis'!$C$2:$S$2,0))," "))))) | O52: =IF($L52=" "," ",(IF($M52=FALSE," ",(IF($M52>0,INDEX('Bin Analysis'!$C$3:$S$10110,MATCH($L52,'Bin Analysis'!$L$3:$L$10110,0),MATCH(O$5,'Bin Analysis'!$C$2:$S$2,0))," "))))) | P52: =IF($L52=" "," ",(IF($M52=FALSE," ",(IF($M52>0,INDEX('Bin Analysis'!$C$3:$S$10110,MATCH($L52,'Bin Analysis'!$L$3:$L$10110,0),MATCH(P$5,'Bin Analysis'!$C$2:$S$2,0))," "))))) | Q52: =IF($L52=" "," ",(IF($M52=FALSE," ",(IF($M52>0,INDEX('Bin Analysis'!$C$3:$S$10110,MATCH($L52,'Bin Analysis'!$L$3:$L$10110,0),MATCH(Q$5,'Bin Analysis'!$C$2:$S$2,0))," "))))) | R52: =IF($L52=" "," ",(IF($M52=FALSE," ",(IF($M52>0,INDEX('Bin Analysis'!$C$3:$S$10110,MATCH($L52,'Bin Analysis'!$L$3:$L$10110,0),MATCH(R$5,'Bin Analysis'!$C$2:$S$2,0))," "))))) | S52: =IF($L52=" "," ",(IF($M52=FALSE," ",(IF($M52>0,INDEX('Bin Analysis'!$C$3:$S$10110,MATCH($L52,'Bin Analysis'!$L$3:$L$10110,0),MATCH(S$5,'Bin Analysis'!$C$2:$S$2,0))," "))))) | T52: =Assignments!K51 | U52: =Assignments!L51 | V52: =Assignments!V51
... G355: =IFERROR('Data Transformation'!M353," ") | L355: =$G356 | M355: =IF(L355=" "," ",(IF($L355>0,INDEX('Bin Analysis'!$C$3:$S$10110,MATCH($L355,'Bin Analysis'!$L$3:$L$10110,0),MATCH(M$5,'Bin Analysis'!$C$2:$S$2,0))," "))) | N355: =IF($L355=" "," ",(IF($M355=FALSE," ",(IF($M355>0,INDEX('Bin Analysis'!$C$3:$S$10110,MATCH($L355,'Bin Analysis'!$L$3:$L$10110,0),MATCH(N$5,'Bin Analysis'!$C$2:$S$2,0))," "))))) | O355: =IF($L355=" "," ",(IF($M355=FALSE," ",(IF($M355>0,INDEX('Bin Analysis'!$C$3:$S$10110,MATCH($L355,'Bin Analysis'!$L$3:$L$10110,0),MATCH(O$5,'Bin Analysis'!$C$2:$S$2,0))," "))))) | P355: =IF($L355=" "," ",(IF($M355=FALSE," ",(IF($M355>0,INDEX('Bin Analysis'!$C$3:$S$10110,MATCH($L355,'Bin Analysis'!$L$3:$L$10110,0),MATCH(P$5,'Bin Analysis'!$C$2:$S$2,0))," "))))) | Q355: =IF($L355=" "," ",(IF($M355=FALSE," ",(IF($M355>0,INDEX('Bin Analysis'!$C$3:$S$10110,MATCH($L355,'Bin Analysis'!$L$3:$L$10110,0),MATCH(Q$5,'Bin Analysis'!$C$2:$S$2,0))," "))))) | R355: =IF($L355=" "," ",(IF($M355=FALSE," ",(IF($M355>0,INDEX('Bin Analysis'!$C$3:$S$10110,MATCH($L355,'Bin Analysis'!$L$3:$L$10110,0),MATCH(R$5,'Bin Analysis'!$C$2:$S$2,0))," "))))) | S355: =IF($L355=" "," ",(IF($M355=FALSE," ",(IF($M355>0,INDEX('Bin Analysis'!$C$3:$S$10110,MATCH($L355,'Bin Analysis'!$L$3:$L$10110,0),MATCH(S$5,'Bin Analysis'!$C$2:$S$2,0))," "))))) | T355: =Assignments!K354 | U355: =Assignments!L354 | V355: =Assignments!V354
G356: =IFERROR('Data Transformation'!M354," ") | L356: =$G357 | M356: =IF(L356=" "," ",(IF($L356>0,INDEX('Bin Analysis'!$C$3:$S$10110,MATCH($L356,'Bin Analysis'!$L$3:$L$10110,0),MATCH(M$5,'Bin Analysis'!$C$2:$S$2,0))," "))) | N356: =IF($L356=" "," ",(IF($M356=FALSE," ",(IF($M356>0,INDEX('Bin Analysis'!$C$3:$S$10110,MATCH($L356,'Bin Analysis'!$L$3:$L$10110,0),MATCH(N$5,'Bin Analysis'!$C$2:$S$2,0))," "))))) | O356: =IF($L356=" "," ",(IF($M356=FALSE," ",(IF($M356>0,INDEX('Bin Analysis'!$C$3:$S$10110,MATCH($L356,'Bin Analysis'!$L$3:$L$10110,0),MATCH(O$5,'Bin Analysis'!$C$2:$S$2,0))," "))))) | P356: =IF($L356=" "," ",(IF($M356=FALSE," ",(IF($M356>0,INDEX('Bin Analysis'!$C$3:$S$10110,MATCH($L356,'Bin Analysis'!$L$3:$L$10110,0),MATCH(P$5,'Bin Analysis'!$C$2:$S$2,0))," "))))) | Q356: =IF($L356=" "," ",(IF($M356=FALSE," ",(IF($M356>0,INDEX('Bin Analysis'!$C$3:$S$10110,MATCH($L356,'Bin Analysis'!$L$3:$L$10110,0),MATCH(Q$5,'Bin Analysis'!$C$2:$S$2,0))," "))))) | R356: =IF($L356=" "," ",(IF($M356=FALSE," ",(IF($M356>0,INDEX('Bin Analysis'!$C$3:$S$10110,MATCH($L356,'Bin Analysis'!$L$3:$L$10110,0),MATCH(R$5,'Bin Analysis'!$C$2:$S$2,0))," "))))) | S356: =IF($L356=" "," ",(IF($M356=FALSE," ",(IF($M356>0,INDEX('Bin Analysis'!$C$3:$S$10110,MATCH($L356,'Bin Analysis'!$L$3:$L$10110,0),MATCH(S$5,'Bin Analysis'!$C$2:$S$2,0))," "))))) | T356: =Assignments!K355 | U356: =Assignments!L355
G357: =IFERROR('Data Transformation'!M355," ")

Sheet Analysis working notes
A1: This worksheet is a good place to keep track of why and how the values were chosen for WT and "dead", as well as any other analysis parameters.

Sheet Data Transformation
B1: Data | J1: Position Statistics | Q1: Bin determination | T1: Drop down menu options
B2: Position | C2: Data | D2: Error | E2: Log Data | F2: Error of Log Data | G2: Data to be analyzed | H2: Error to be analyzed | I2: Position to be counted | O2: Threshold
A3: WT | C3: =IF(ISNUMBER('Input and Summary Results'!D5),'Input and Summary Results'!D5,FALSE) -> FALSE | D3: =IF(ISNUMBER('Input and Summary Results'!E5),'Input and Summary Results'!E5,FALSE) -> FALSE | E3: =LOG10(C3) -> #NUM! | F3: =0.434*D4/C4 -> #DIV/0! | G3: =IF('Input and Summary Results'!$J$4="yes",'Data Transformation'!E3,'Data Transformation'!C3) -> #NUM! | H3: =IF('Input and Summary Results'!$J$4="yes",'Data Transformation'!F3,'Data Transformation'!D3) -> #DIV/0! | J3: Unique Distinct Positions | M3: Positions ordered | N3: Total# of Mutants | O3: # of variants | Q3: Minimum | R3: =MIN(G4:G8425) -> 0 | T3: log scale?
A4: WT | B4: ='Input and Summary Results'!G$8 | C4: =IF(B4=0,FALSE,'Input and Summary Results'!$D$5) -> 0 | D4: =IF(B4=0,FALSE,'Input and Summary Results'!$E$5) -> 0 | E4: =IF(C4=FALSE,FALSE,LOG10(C4)) -> #NUM! | F4: =IF(D4=FALSE, FALSE,0.434*D4/C4) -> #DIV/0! | G4: =IF(B4=" ",FALSE,(IF('Input and Summary Results'!$J$4="yes",'Data Transformation'!E4,'Data Transformation'!C4))) -> FALSE | H4: =IF(B4=" ",FALSE,(IF('Input and Summary Results'!$J$4="yes",'Data Transformation'!F4,'Data Transformation'!D4))) -> FALSE | I4: =IF(G4=FALSE,"",B4) | J4: all | M4: =J4 -> all | N4: =(COUNTIF(I425:I8425,">0"))+1 -> 1 | O4: =IF(N4>4,N4,FALSE) -> FALSE | Q4: Maximum | R4: =IF('Input and Summary Results'!J4="yes",MAX(E425:E8425),MAX(C425:C8425)) -> 0 | T4: yes
A5: WT | B5: ='Input and Summary Results'!$G9 | C5: =IF(B5=0,FALSE,'Input and Summary Results'!$D$5) -> 0 | D5: =IF(B5=0,FALSE,'Input and Summary Results'!$E$5) -> 0 | E5: =IF(C5=FALSE,FALSE,LOG10(C5)) -> #NUM! | F5: =IF(D5=FALSE, FALSE,0.434*D5/C5) -> #DIV/0! | G5: =IF(B5=" ",FALSE,(IF('Input and Summary Results'!$J$4="yes",'Data Transformation'!E5,'Data Transformation'!C5))) -> FALSE | H5: =IF(B5=" ",FALSE,(IF('Input and Summary Results'!$J$4="yes",'Data Transformation'!F5,'Data Transformation'!D5))) -> FALSE | I5: =IF(G5=FALSE,"",B5) | J5: =LOOKUP(2,1/(COUNTIF($J$4:J4,'Input and Summary Results'!$B$7:$B$8007)=0),'Input and Summary Results'!$B$7:$B$8007) -> 0 | K5: =IFERROR(J5," ") -> 0 | M5: sum of positions | N5: =SUM(N6:N426) -> 0 | O5: =IF(N5>4,N5,FALSE) -> FALSE | Q5: Wild Type | R5: =$G$3 -> #NUM! | T5: no
A6: WT | B6: ='Input and Summary Results'!$G10 | C6: =IF(B6=0,FALSE,'Input and Summary Results'!$D$5) -> 0 | D6: =IF(B6=0,FALSE,'Input and Summary Results'!$E$5) -> 0 | E6: =IF(C6=FALSE,FALSE,LOG10(C6)) -> #NUM! | F6: =IF(D6=FALSE, FALSE,0.434*D6/C6) -> #DIV/0! | G6: =IF(B6=" ",FALSE,(IF('Input and Summary Results'!$J$4="yes",'Data Transformation'!E6,'Data Transformation'!C6))) -> FALSE | H6: =IF(B6=" ",FALSE,(IF('Input and Summary Results'!$J$4="yes",'Data Transformation'!F6,'Data Transformation'!D6))) -> FALSE | I6: =IF(G6=FALSE,"",B6) | J6: =LOOKUP(2,1/(COUNTIF($J$4:J5,'Input and Summary Results'!$B$7:$B$8007)=0),'Input and Summary Results'!$B$7:$B$8007) -> #N/A | K6: =IFERROR(J6," ") | L6: 1 | M6: =SMALL($K$6:$K$426,L6) -> #NUM! | N6: =COUNTIF($I$4:$I$8425,M6) -> 0 | O6: =IF(N6>4,N6,FALSE) -> FALSE | Q6: Dead | R6: =IF('Input and Summary Results'!J4="yes",LOG('Input and Summary Results'!J17,10),'Input and Summary Results'!J17) -> 0
A7: WT | B7: ='Input and Summary Results'!$G11 | C7: =IF(B7=0,FALSE,'Input and Summary Results'!$D$5) -> 0 | D7: =IF(B7=0,FALSE,'Input and Summary Results'!$E$5) -> 0 | E7: =IF(C7=FALSE,FALSE,LOG10(C7)) -> #NUM! | F7: =IF(D7=FALSE, FALSE,0.434*D7/C7) -> #DIV/0! | G7: =IF(B7=" ",FALSE,(IF('Input and Summary Results'!$J$4="yes",'Data Transformation'!E7,'Data Transformation'!C7))) -> FALSE | H7: =IF(B7=" ",FALSE,(IF('Input and Summary Results'!$J$4="yes",'Data Transformation'!F7,'Data Transformation'!D7))) -> FALSE | I7: =IF(G7=FALSE,"",B7) | J7: =LOOKUP(2,1/(COUNTIF($J$4:J6,'Input and Summary Results'!$B$7:$B$8007)=0),'Input and Summary Results'!$B$7:$B$8007) -> #N/A | K7: =IFERROR(J7," ") | L7: =L6+1 -> 2 | M7: =SMALL($K$6:$K$426,L7) -> #NUM! | N7: =COUNTIF($I$4:$I$8425,M7) -> 0 | O7: =IF(N7>4,N7,FALSE) -> FALSE | T7: non fxnal value
A8: WT | B8: ='Input and Summary Results'!$G12 | C8: =IF(B8=0,FALSE,'Input and Summary Results'!$D$5) -> 0 | D8: =IF(B8=0,FALSE,'Input and Summary Results'!$E$5) -> 0 | E8: =IF(C8=FALSE,FALSE,LOG10(C8)) -> #NUM! | F8: =IF(D8=FALSE, FALSE,0.434*D8/C8) -> #DIV/0! | G8: =IF(B8=" ",FALSE,(IF('Input and Summary Results'!$J$4="yes",'Data Transformation'!E8,'Data Transformation'!C8))) -> FALSE | H8: =IF(B8=" ",FALSE,(IF('Input and Summary Results'!$J$4="yes",'Data Transformation'!F8,'Data Transformation'!D8))) -> FALSE | I8: =IF(G8=FALSE,"",B8) | J8: =LOOKUP(2,1/(COUNTIF($J$4:J7,'Input and Summary Results'!$B$7:$B$8007)=0),'Input and Summary Results'!$B$7:$B$8007) -> #N/A | K8: =IFERROR(J8," ") | L8: =L7+1 -> 3 | M8: =SMALL($K$6:$K$426,L8) -> #NUM! | N8: =COUNTIF($I$4:$I$8425,M8) -> 0 | O8: =IF(N8>4,N8,FALSE) -> FALSE | Q8: Max/Min for calculations | T8: minimum | U8: =IF('Input and Summary Results'!J4="yes",10^R9,R9) -> 1
A9: WT | B9: ='Input and Summary Results'!$G13 | C9: =IF(B9=0,FALSE,'Input and Summary Results'!$D$5) -> 0 | D9: =IF(B9=0,FALSE,'Input and Summary Results'!$E$5) -> 0 | E9: =IF(C9=FALSE,FALSE,LOG10(C9)) -> #NUM! | F9: =IF(D9=FALSE, FALSE,0.434*D9/C9) -> #DIV/0! | G9: =IF(B9=" ",FALSE,(IF('Input and Summary Results'!$J$4="yes",'Data Transformation'!E9,'Data Transformation'!C9))) -> FALSE | H9: =IF(B9=" ",FALSE,(IF('Input and Summary Results'!$J$4="yes",'Data Transformation'!F9,'Data Transformation'!D9))) -> FALSE | I9: =IF(G9=FALSE,"",B9) | J9: =LOOKUP(2,1/(COUNTIF($J$4:J8,'Input and Summary Results'!$B$7:$B$8007)=0),'Input and Summary Results'!$B$7:$B$8007) -> #N/A | K9: =IFERROR(J9," ") | L9: =L8+1 -> 4 | M9: =SMALL($K$6:$K$426,L9) -> #NUM! | N9: =COUNTIF($I$4:$I$8425,M9) -> 0 | O9: =IF(N9>4,N9,FALSE) -> FALSE | Q9: Minimum | R9: =IF('Input and Summary Results'!J11="",'Data Transformation'!R3,IF('Input and Summary Results'!$J$4="yes",LOG('Input and Summary Results'!J11,10),'Input and Summary Results'!J11)) -> 0 | T9: maximum | U9: =IF('Input and Summary Results'!J4="yes",10^R10,R10) -> 1
A10: WT | B10: ='Input and Summary Results'!$G14 | C10: =IF(B10=0,FALSE,'Input and Summary Results'!$D$5) -> 0 | D10: =IF(B10=0,FALSE,'Input and Summary Results'!$E$5) -> 0 | E10: =IF(C10=FALSE,FALSE,LOG10(C10)) -> #NUM! | F10: =IF(D10=FALSE, FALSE,0.434*D10/C10) -> #DIV/0! | G10: =IF(B10=" ",FALSE,(IF('Input and Summary Results'!$J$4="yes",'Data Transformation'!E10,'Data Transformation'!C10))) -> FALSE | H10: =IF(B10=" ",FALSE,(IF('Input and Summary Results'!$J$4="yes",'Data Transformation'!F10,'Data Transformation'!D10))) -> FALSE | I10: =IF(G10=FALSE,"",B10) | J10: =LOOKUP(2,1/(COUNTIF($J$4:J9,'Input and Summary Results'!$B$7:$B$8007)=0),'Input and Summary Results'!$B$7:$B$8007) -> #N/A | K10: =IFERROR(J10," ") | L10: =L9+1 -> 5 | M10: =SMALL($K$6:$K$426,L10) -> #NUM! | N10: =COUNTIF($I$4:$I$8425,M10) -> 0 | O10: =IF(N10>4,N10,FALSE) -> FALSE | Q10: Maximum | R10: =IF('Input and Summary Results'!J12="",'Data Transformation'!R4,IF('Input and Summary Results'!$J$4="yes",LOG('Input and Summary Results'!J12,10),'Input and Summary Results'!J12)) -> 0
A11: WT | B11: ='Input and Summary Results'!$G15 | C11: =IF(B11=0,FALSE,'Input and Summary Results'!$D$5) -> 0 | D11: =IF(B11=0,FALSE,'Input and Summary Results'!$E$5) -> 0 | E11: =IF(C11=FALSE,FALSE,LOG10(C11)) -> #NUM! | F11: =IF(D11=FALSE, FALSE,0.434*D11/C11) -> #DIV/0! | G11: =IF(B11=" ",FALSE,(IF('Input and Summary Results'!$J$4="yes",'Data Transformation'!E11,'Data Transformation'!C11))) -> FALSE | H11: =IF(B11=" ",FALSE,(IF('Input and Summary Results'!$J$4="yes",'Data Transformation'!F11,'Data Transformation'!D11))) -> FALSE | I11: =IF(G11=FALSE,"",B11) | J11: =LOOKUP(2,1/(COUNTIF($J$4:J10,'Input and Summary Results'!$B$7:$B$8007)=0),'Input and Summary Results'!$B$7:$B$8007) -> #N/A | K11: =IFERROR(J11," ") | L11: =L10+1 -> 6 | M11: =SMALL($K$6:$K$426,L11) -> #NUM! | N11: =COUNTIF($I$4:$I$8425,M11) -> 0 | O11: =IF(N11>4,N11,FALSE) -> FALSE | T11: Top WT boundary | U11: ='Data Transformation'!$G$3+0.5*W25 -> #NUM!
A12: WT | B12: ='Input and Summary Results'!$G16 | C12: =IF(B12=0,FALSE,'Input and Summary Results'!$D$5) -> 0 | D12: =IF(B12=0,FALSE,'Input and Summary Results'!$E$5) -> 0 | E12: =IF(C12=FALSE,FALSE,LOG10(C12)) -> #NUM! | F12: =IF(D12=FALSE, FALSE,0.434*D12/C12) -> #DIV/0! | G12: =IF(B12=" ",FALSE,(IF('Input and Summary Results'!$J$4="yes",'Data Transformation'!E12,'Data Transformation'!C12))) -> FALSE | H12: =IF(B12=" ",FALSE,(IF('Input and Summary Results'!$J$4="yes",'Data Transformation'!F12,'Data Transformation'!D12))) -> FALSE | I12: =IF(G12=FALSE,"",B12) | J12: =LOOKUP(2,1/(COUNTIF($J$4:J11,'Input and Summary Results'!$B$7:$B$8007)=0),'Input and Summary Results'!$B$7:$B$8007) -> #N/A | K12: =IFERROR(J12," ") | L12: =L11+1 -> 7 | M12: =SMALL($K$6:$K$426,L12) -> #NUM! | N12: =COUNTIF($I$4:$I$8425,M12) -> 0 | O12: =IF(N12>4,N12,FALSE) -> FALSE | T12: Bottom WT boundary | U12: =U11-W25 -> #NUM!
A13: WT | B13: ='Input and Summary Results'!$G17 | C13: =IF(B13=0,FALSE,'Input and Summary Results'!$D$5) -> 0 | D13: =IF(B13=0,FALSE,'Input and Summary Results'!$E$5) -> 0 | E13: =IF(C13=FALSE,FALSE,LOG10(C13)) -> #NUM! | F13: =IF(D13=FALSE, FALSE,0.434*D13/C13) -> #DIV/0! | G13: =IF(B13=" ",FALSE,(IF('Input and Summary Results'!$J$4="yes",'Data Transformation'!E13,'Data Transformation'!C13))) -> FALSE | H13: =IF(B13=" ",FALSE,(IF('Input and Summary Results'!$J$4="yes",'Data Transformation'!F13,'Data Transformation'!D13))) -> FALSE | I13: =IF(G13=FALSE,"",B13) | J13: =LOOKUP(2,1/(COUNTIF($J$4:J12,'Input and Summary Results'!$B$7:$B$8007)=0),'Input and Summary Results'!$B$7:$B$8007) -> #N/A | K13: =IFERROR(J13," ") | L13: =L12+1 -> 8 | M13: =SMALL($K$6:$K$426,L13) -> #NUM! | N13: =COUNTIF($I$4:$I$8425,M13) -> 0 | O13: =IF(N13>4,N13,FALSE) -> FALSE
A14: WT | B14: ='Input and Summary Results'!$G18 | C14: =IF(B14=0,FALSE,'Input and Summary Results'!$D$5) -> 0 | D14: =IF(B14=0,FALSE,'Input and Summary Results'!$E$5) -> 0 | E14: =IF(C14=FALSE,FALSE,LOG10(C14)) -> #NUM! | F14: =IF(D14=FALSE, FALSE,0.434*D14/C14) -> #DIV/0! | G14: =IF(B14=" ",FALSE,(IF('Input and Summary Results'!$J$4="yes",'Data Transformation'!E14,'Data Transformation'!C14))) -> FALSE | H14: =IF(B14=" ",FALSE,(IF('Input and Summary Results'!$J$4="yes",'Data Transformation'!F14,'Data Transformation'!D14))) -> FALSE | I14: =IF(G14=FALSE,"",B14) | J14: =LOOKUP(2,1/(COUNTIF($J$4:J13,'Input and Summary Results'!$B$7:$B$8007)=0),'Input and Summary Results'!$B$7:$B$8007) -> #N/A | K14: =IFERROR(J14," ") | L14: =L13+1 -> 9 | M14: =SMALL($K$6:$K$426,L14) -> #NUM! | N14: =COUNTIF($I$4:$I$8425,M14) -> 0 | O14: =IF(N14>4,N14,FALSE) -> FALSE
A15: WT | B15: ='Input and Summary Results'!$G19 | C15: =IF(B15=0,FALSE,'Input and Summary Results'!$D$5) -> 0 | D15: =IF(B15=0,FALSE,'Input and Summary Results'!$E$5) -> 0 | E15: =IF(C15=FALSE,FALSE,LOG10(C15)) -> #NUM! | F15: =IF(D15=FALSE, FALSE,0.434*D15/C15) -> #DIV/0! | G15: =IF(B15=" ",FALSE,(IF('Input and Summary Results'!$J$4="yes",'Data Transformation'!E15,'Data Transformation'!C15))) -> FALSE | H15: =IF(B15=" ",FALSE,(IF('Input and Summary Results'!$J$4="yes",'Data Transformation'!F15,'Data Transformation'!D15))) -> FALSE | I15: =IF(G15=FALSE,"",B15) | J15: =LOOKUP(2,1/(COUNTIF($J$4:J14,'Input and Summary Results'!$B$7:$B$8007)=0),'Input and Summary Results'!$B$7:$B$8007) -> #N/A | K15: =IFERROR(J15," ") | L15: =L14+1 -> 10 | M15: =SMALL($K$6:$K$426,L15) -> #NUM! | N15: =COUNTIF($I$4:$I$8425,M15) -> 0 | O15: =IF(N15>4,N15,FALSE) -> FALSE | Q15: Mean Error for calculations | R15: =IF('Input and Summary Results'!J19="",_xlfn.AGGREGATE(1,6,H4,H425:H6424),(IF('Input and Summary Results'!J4="yes",'Input and Summary Results'!J19*0.434/C3,'Input and Summary Results'!J19))) -> #DIV/0! | T15: Error override to be used for neutral bins | U15: =IF('Input and Summary Results'!J4="yes",'Input and Summary Results'!J19*0.434/C3,'Input and Summary Results'!J19) -> #DIV/0!
A16: WT | B16: ='Input and Summary Results'!$G20 | C16: =IF(B16=0,FALSE,'Input and Summary Results'!$D$5) -> 0 | D16: =IF(B16=0,FALSE,'Input and Summary Results'!$E$5) -> 0 | E16: =IF(C16=FALSE,FALSE,LOG10(C16)) -> #NUM! | F16: =IF(D16=FALSE, FALSE,0.434*D16/C16) -> #DIV/0! | G16: =IF(B16=" ",FALSE,(IF('Input and Summary Results'!$J$4="yes",'Data Transformation'!E16,'Data Transformation'!C16))) -> FALSE | H16: =IF(B16=" ",FALSE,(IF('Input and Summary Results'!$J$4="yes",'Data Transformation'!F16,'Data Transformation'!D16))) -> FALSE | I16: =IF(G16=FALSE,"",B16) | J16: =LOOKUP(2,1/(COUNTIF($J$4:J15,'Input and Summary Results'!$B$7:$B$8007)=0),'Input and Summary Results'!$B$7:$B$8007) -> #N/A | K16: =IFERROR(J16," ") | L16: =L15+1 -> 11 | M16: =SMALL($K$6:$K$426,L16) -> #NUM! | N16: =COUNTIF($I$4:$I$8425,M16) -> 0 | O16: =IF(N16>4,N16,FALSE) -> FALSE | Q16: 2 sigma error | R16: =R15*2 -> #DIV/0!
A17: WT | B17: ='Input and Summary Results'!$G21 | C17: =IF(B17=0,FALSE,'Input and Summary Results'!$D$5) -> 0 | D17: =IF(B17=0,FALSE,'Input and Summary Results'!$E$5) -> 0 | E17: =IF(C17=FALSE,FALSE,LOG10(C17)) -> #NUM! | F17: =IF(D17=FALSE, FALSE,0.434*D17/C17) -> #DIV/0! | G17: =IF(B17=" ",FALSE,(IF('Input and Summary Results'!$J$4="yes",'Data Transformation'!E17,'Data Transformation'!C17))) -> FALSE | H17: =IF(B17=" ",FALSE,(IF('Input and Summary Results'!$J$4="yes",'Data Transformation'!F17,'Data Transformation'!D17))) -> FALSE | I17: =IF(G17=FALSE,"",B17) | J17: =LOOKUP(2,1/(COUNTIF($J$4:J16,'Input and Summary Results'!$B$7:$B$8007)=0),'Input and Summary Results'!$B$7:$B$8007) -> #N/A | K17: =IFERROR(J17," ") | L17: =L16+1 -> 12 | M17: =SMALL($K$6:$K$426,L17) -> #NUM! | N17: =COUNTIF($I$4:$I$8425,M17) -> 0 | O17: =IF(N17>4,N17,FALSE) -> FALSE
A18: WT | B18: ='Input and Summary Results'!$G22 | C18: =IF(B18=0,FALSE,'Input and Summary Results'!$D$5) -> 0 | D18: =IF(B18=0,FALSE,'Input and Summary Results'!$E$5) -> 0 | E18: =IF(C18=FALSE,FALSE,LOG10(C18)) -> #NUM! | F18: =IF(D18=FALSE, FALSE,0.434*D18/C18) -> #DIV/0! | G18: =IF(B18=" ",FALSE,(IF('Input and Summary Results'!$J$4="yes",'Data Transformation'!E18,'Data Transformation'!C18))) -> FALSE | H18: =IF(B18=" ",FALSE,(IF('Input and Summary Results'!$J$4="yes",'Data Transformation'!F18,'Data Transformation'!D18))) -> FALSE | I18: =IF(G18=FALSE,"",B18) | J18: =LOOKUP(2,1/(COUNTIF($J$4:J17,'Input and Summary Results'!$B$7:$B$8007)=0),'Input and Summary Results'!$B$7:$B$8007) -> #N/A | K18: =IFERROR(J18," ") | L18: =L17+1 -> 13 | M18: =SMALL($K$6:$K$426,L18) -> #NUM! | N18: =COUNTIF($I$4:$I$8425,M18) -> 0 | O18: =IF(N18>4,N18,FALSE) -> FALSE | Q18: # of bins
A19: WT | B19: ='Input and Summary Results'!$G23 | C19: =IF(B19=0,FALSE,'Input and Summary Results'!$D$5) -> 0 | D19: =IF(B19=0,FALSE,'Input and Summary Results'!$E$5) -> 0 | E19: =IF(C19=FALSE,FALSE,LOG10(C19)) -> #NUM! | F19: =IF(D19=FALSE, FALSE,0.434*D19/C19) -> #DIV/0! | G19: =IF(B19=" ",FALSE,(IF('Input and Summary Results'!$J$4="yes",'Data Transformation'!E19,'Data Transformation'!C19))) -> FALSE | H19: =IF(B19=" ",FALSE,(IF('Input and Summary Results'!$J$4="yes",'Data Transformation'!F19,'Data Transformation'!D19))) -> FALSE | I19: =IF(G19=FALSE,"",B19) | J19: =LOOKUP(2,1/(COUNTIF($J$4:J18,'Input and Summary Results'!$B$7:$B$8007)=0),'Input and Summary Results'!$B$7:$B$8007) -> #N/A | K19: =IFERROR(J19," ") | L19: =L18+1 -> 14 | M19: =SMALL($K$6:$K$426,L19) -> #NUM! | N19: =COUNTIF($I$4:$I$8425,M19) -> 0 | O19: =IF(N19>4,N19,FALSE) -> FALSE | Q19: Error based | R19: =(R10-R9)/R16 -> #DIV/0!
A20: WT | B20: ='Input and Summary Results'!$G24 | C20: =IF(B20=0,FALSE,'Input and Summary Results'!$D$5) -> 0 | D20: =IF(B20=0,FALSE,'Input and Summary Results'!$E$5) -> 0 | E20: =IF(C20=FALSE,FALSE,LOG10(C20)) -> #NUM! | F20: =IF(D20=FALSE, FALSE,0.434*D20/C20) -> #DIV/0! | G20: =IF(B20=" ",FALSE,(IF('Input and Summary Results'!$J$4="yes",'Data Transformation'!E20,'Data Transformation'!C20))) -> FALSE | H20: =IF(B20=" ",FALSE,(IF('Input and Summary Results'!$J$4="yes",'Data Transformation'!F20,'Data Transformation'!D20))) -> FALSE | I20: =IF(G20=FALSE,"",B20) | J20: =LOOKUP(2,1/(COUNTIF($J$4:J19,'Input and Summary Results'!$B$7:$B$8007)=0),'Input and Summary Results'!$B$7:$B$8007) -> #N/A | K20: =IFERROR(J20," ") | L20: =L19+1 -> 15 | M20: =SMALL($K$6:$K$426,L20) -> #NUM! | N20: =COUNTIF($I$4:$I$8425,M20) -> 0 | O20: =IF(N20>4,N20,FALSE) -> FALSE | Q20: Mean | R20: =AVERAGE(O6:O427) -> #DIV/0!
A21: WT | B21: ='Input and Summary Results'!$G25 | C21: =IF(B21=0,FALSE,'Input and Summary Results'!$D$5) -> 0 | D21: =IF(B21=0,FALSE,'Input and Summary Results'!$E$5) -> 0 | E21: =IF(C21=FALSE,FALSE,LOG10(C21)) -> #NUM! | F21: =IF(D21=FALSE, FALSE,0.434*D21/C21) -> #DIV/0! | G21: =IF(B21=" ",FALSE,(IF('Input and Summary Results'!$J$4="yes",'Data Transformation'!E21,'Data Transformation'!C21))) -> FALSE | H21: =IF(B21=" ",FALSE,(IF('Input and Summary Results'!$J$4="yes",'Data Transformation'!F21,'Data Transformation'!D21))) -> FALSE | I21: =IF(G21=FALSE,"",B21) | J21: =LOOKUP(2,1/(COUNTIF($J$4:J20,'Input and Summary Results'!$B$7:$B$8007)=0),'Input and Summary Results'!$B$7:$B$8007) -> #N/A | K21: =IFERROR(J21," ") | L21: =L20+1 -> 16 | M21: =SMALL($K$6:$K$426,L21) -> #NUM! | N21: =COUNTIF($I$4:$I$8425,M21) -> 0 | O21: =IF(N21>4,N21,FALSE) -> FALSE | Q21: Median | R21: =MEDIAN(O6:O427) -> #NUM!
A22: WT | B22: ='Input and Summary Results'!$G26 | C22: =IF(B22=0,FALSE,'Input and Summary Results'!$D$5) -> 0 | D22: =IF(B22=0,FALSE,'Input and Summary Results'!$E$5) -> 0 | E22: =IF(C22=FALSE,FALSE,LOG10(C22)) -> #NUM! | F22: =IF(D22=FALSE, FALSE,0.434*D22/C22) -> #DIV/0! | G22: =IF(B22=" ",FALSE,(IF('Input and Summary Results'!$J$4="yes",'Data Transformation'!E22,'Data Transformation'!C22))) -> FALSE | H22: =IF(B22=" ",FALSE,(IF('Input and Summary Results'!$J$4="yes",'Data Transformation'!F22,'Data Transformation'!D22))) -> FALSE | I22: =IF(G22=FALSE,"",B22) | J22: =LOOKUP(2,1/(COUNTIF($J$4:J21,'Input and Summary Results'!$B$7:$B$8007)=0),'Input and Summary Results'!$B$7:$B$8007) -> #N/A | K22: =IFERROR(J22," ") | L22: =L21+1 -> 17 | M22: =SMALL($K$6:$K$426,L22) -> #NUM! | N22: =COUNTIF($I$4:$I$8425,M22) -> 0 | O22: =IF(N22>4,N22,FALSE) -> FALSE
A23: WT | B23: ='Input and Summary Results'!$G27 | C23: =IF(B23=0,FALSE,'Input and Summary Results'!$D$5) -> 0 | D23: =IF(B23=0,FALSE,'Input and Summary Results'!$E$5) -> 0 | E23: =IF(C23=FALSE,FALSE,LOG10(C23)) -> #NUM! | F23: =IF(D23=FALSE, FALSE,0.434*D23/C23) -> #DIV/0! | G23: =IF(B23=" ",FALSE,(IF('Input and Summary Results'!$J$4="yes",'Data Transformation'!E23,'Data Transformation'!C23))) -> FALSE | H23: =IF(B23=" ",FALSE,(IF('Input and Summary Results'!$J$4="yes",'Data Transformation'!F23,'Data Transformation'!D23))) -> FALSE | I23: =IF(G23=FALSE,"",B23) | J23: =LOOKUP(2,1/(COUNTIF($J$4:J22,'Input and Summary Results'!$B$7:$B$8007)=0),'Input and Summary Results'!$B$7:$B$8007) -> #N/A | K23: =IFERROR(J23," ") | L23: =L22+1 -> 18 | M23: =SMALL($K$6:$K$426,L23) -> #NUM! | N23: =COUNTIF($I$4:$I$8425,M23) -> 0 | O23: =IF(N23>4,N23,FALSE) -> FALSE | Q23: Bin Recommendation | R23: =ROUNDDOWN(MIN(R19:R21),0) -> #DIV/0!
A24: WT | B24: ='Input and Summary Results'!$G28 | C24: =IF(B24=0,FALSE,'Input and Summary Results'!$D$5) -> 0 | D24: =IF(B24=0,FALSE,'Input and Summary Results'!$E$5) -> 0 | E24: =IF(C24=FALSE,FALSE,LOG10(C24)) -> #NUM! | F24: =IF(D24=FALSE, FALSE,0.434*D24/C24) -> #DIV/0! | G24: =IF(B24=" ",FALSE,(IF('Input and Summary Results'!$J$4="yes",'Data Transformation'!E24,'Data Transformation'!C24))) -> FALSE | H24: =IF(B24=" ",FALSE,(IF('Input and Summary Results'!$J$4="yes",'Data Transformation'!F24,'Data Transformation'!D24))) -> FALSE | I24: =IF(G24=FALSE,"",B24) | J24: =LOOKUP(2,1/(COUNTIF($J$4:J23,'Input and Summary Results'!$B$7:$B$8007)=0),'Input and Summary Results'!$B$7:$B$8007) -> #N/A | K24: =IFERROR(J24," ") | L24: =L23+1 -> 19 | M24: =SMALL($K$6:$K$426,L24) -> #NUM! | N24: =COUNTIF($I$4:$I$8425,M24) -> 0 | O24: =IF(N24>4,N24,FALSE) -> FALSE | Q24: Bin override | R24: =IF('Input and Summary Results'!J23>0,(ROUNDDOWN('Input and Summary Results'!J23,0)),'Data Transformation'!R23) -> #DIV/0!
A25: WT | B25: ='Input and Summary Results'!$G29 | C25: =IF(B25=0,FALSE,'Input and Summary Results'!$D$5) -> 0 | D25: =IF(B25=0,FALSE,'Input and Summary Results'!$E$5) -> 0 | E25: =IF(C25=FALSE,FALSE,LOG10(C25)) -> #NUM! | F25: =IF(D25=FALSE, FALSE,0.434*D25/C25) -> #DIV/0! | G25: =IF(B25=" ",FALSE,(IF('Input and Summary Results'!$J$4="yes",'Data Transformation'!E25,'Data Transformation'!C25))) -> FALSE | H25: =IF(B25=" ",FALSE,(IF('Input and Summary Results'!$J$4="yes",'Data Transformation'!F25,'Data Transformation'!D25))) -> FALSE | I25: =IF(G25=FALSE,"",B25) | J25: =LOOKUP(2,1/(COUNTIF($J$4:J24,'Input and Summary Results'!$B$7:$B$8007)=0),'Input and Summary Results'!$B$7:$B$8007) -> #N/A | K25: =IFERROR(J25," ") | L25: =L24+1 -> 20 | M25: =SMALL($K$6:$K$426,L25) -> #NUM! | N25: =COUNTIF($I$4:$I$8425,M25) -> 0 | O25: =IF(N25>4,N25,FALSE) -> FALSE | Q25: Bin size | R25: =(R10-R9)/R24 -> #DIV/0! | T25: Neutral bin size with WT error | U25: =H4*4 -> 0 | V25: Neutral bin size precedence | W25: =IF(ISNUMBER('Input and Summary Results'!J27),'Input and Summary Results'!J27,IF(ISNUMBER('Input and Summary Results'!J19),'Data Transformation'!U15*4,IF(ISNUMBER('Input and Summary Results'!E5),'Data Transformation'!U25,'Data Transformation'!U26))) -> #DIV/0!
A26: WT | B26: ='Input and Summary Results'!$G30 | C26: =IF(B26=0,FALSE,'Input and Summary Results'!$D$5) -> 0 | D26: =IF(B26=0,FALSE,'Input and Summary Results'!$E$5) -> 0 | E26: =IF(C26=FALSE,FALSE,LOG10(C26)) -> #NUM! | F26: =IF(D26=FALSE, FALSE,0.434*D26/C26) -> #DIV/0! | G26: =IF(B26=" ",FALSE,(IF('Input and Summary Results'!$J$4="yes",'Data Transformation'!E26,'Data Transformation'!C26))) -> FALSE | H26: =IF(B26=" ",FALSE,(IF('Input and Summary Results'!$J$4="yes",'Data Transformation'!F26,'Data Transformation'!D26))) -> FALSE | I26: =IF(G26=FALSE,"",B26) | J26: =LOOKUP(2,1/(COUNTIF($J$4:J25,'Input and Summary Results'!$B$7:$B$8007)=0),'Input and Summary Results'!$B$7:$B$8007) -> #N/A | K26: =IFERROR(J26," ") | L26: =L25+1 -> 21 | M26: =SMALL($K$6:$K$426,L26) -> #NUM! | N26: =COUNTIF($I$4:$I$8425,M26) -> 0 | O26: =IF(N26>4,N26,FALSE) -> FALSE | Q26: Bin size (not logged) | R26: =10^R25 -> #DIV/0! | T26: Times 2 bin size | U26: =R25*2 -> #DIV/0!
A27: WT | B27: ='Input and Summary Results'!$G31 | C27: =IF(B27=0,FALSE,'Input and Summary Results'!$D$5) -> 0 | D27: =IF(B27=0,FALSE,'Input and Summary Results'!$E$5) -> 0 | E27: =IF(C27=FALSE,FALSE,LOG10(C27)) -> #NUM! | F27: =IF(D27=FALSE, FALSE,0.434*D27/C27) -> #DIV/0! | G27: =IF(B27=" ",FALSE,(IF('Input and Summary Results'!$J$4="yes",'Data Transformation'!E27,'Data Transformation'!C27))) -> FALSE | H27: =IF(B27=" ",FALSE,(IF('Input and Summary Results'!$J$4="yes",'Data Transformation'!F27,'Data Transformation'!D27))) -> FALSE | I27: =IF(G27=FALSE,"",B27) | J27: =LOOKUP(2,1/(COUNTIF($J$4:J26,'Input and Summary Results'!$B$7:$B$8007)=0),'Input and Summary Results'!$B$7:$B$8007) -> #N/A | K27: =IFERROR(J27," ") | L27: =L26+1 -> 22 | M27: =SMALL($K$6:$K$426,L27) -> #NUM! | N27: =COUNTIF($I$4:$I$8425,M27) -> 0 | O27: =IF(N27>4,N27,FALSE) -> FALSE
A28: WT | B28: ='Input and Summary Results'!$G32 | C28: =IF(B28=0,FALSE,'Input and Summary Results'!$D$5) -> 0 | D28: =IF(B28=0,FALSE,'Input and Summary Results'!$E$5) -> 0 | E28: =IF(C28=FALSE,FALSE,LOG10(C28)) -> #NUM! | F28: =IF(D28=FALSE, FALSE,0.434*D28/C28) -> #DIV/0! | G28: =IF(B28=" ",FALSE,(IF('Input and Summary Results'!$J$4="yes",'Data Transformation'!E28,'Data Transformation'!C28))) -> FALSE | H28: =IF(B28=" ",FALSE,(IF('Input and Summary Results'!$J$4="yes",'Data Transformation'!F28,'Data Transformation'!D28))) -> FALSE | I28: =IF(G28=FALSE,"",B28) | J28: =LOOKUP(2,1/(COUNTIF($J$4:J27,'Input and Summary Results'!$B$7:$B$8007)=0),'Input and Summary Results'!$B$7:$B$8007) -> #N/A | K28: =IFERROR(J28," ") | L28: =L27+1 -> 23 | M28: =SMALL($K$6:$K$426,L28) -> #NUM! | N28: =COUNTIF($I$4:$I$8425,M28) -> 0 | O28: =IF(N28>4,N28,FALSE) -> FALSE | Q28: Rheostat assignment | R28: =IF(ISNUMBER('Input and Summary Results'!J36),'Input and Summary Results'!J36,'Input and Summary Results'!J37) -> 0.5
A29: WT | B29: ='Input and Summary Results'!$G33 | C29: =IF(B29=0,FALSE,'Input and Summary Results'!$D$5) -> 0 | D29: =IF(B29=0,FALSE,'Input and Summary Results'!$E$5) -> 0 | E29: =IF(C29=FALSE,FALSE,LOG10(C29)) -> #NUM! | F29: =IF(D29=FALSE, FALSE,0.434*D29/C29) -> #DIV/0! | G29: =IF(B29=" ",FALSE,(IF('Input and Summary Results'!$J$4="yes",'Data Transformation'!E29,'Data Transformation'!C29))) -> FALSE | H29: =IF(B29=" ",FALSE,(IF('Input and Summary Results'!$J$4="yes",'Data Transformation'!F29,'Data Transformation'!D29))) -> FALSE | I29: =IF(G29=FALSE,"",B29) | J29: =LOOKUP(2,1/(COUNTIF($J$4:J28,'Input and Summary Results'!$B$7:$B$8007)=0),'Input and Summary Results'!$B$7:$B$8007) -> #N/A | K29: =IFERROR(J29," ") | L29: =L28+1 -> 24 | M29: =SMALL($K$6:$K$426,L29) -> #NUM! | N29: =COUNTIF($I$4:$I$8425,M29) -> 0 | O29: =IF(N29>4,N29,FALSE) -> FALSE | Q29: Neutral assignment | R29: =IF(ISNUMBER('Input and Summary Results'!J33),'Input and Summary Results'!J33,'Input and Summary Results'!J34) -> 0.7
A30: WT | B30: ='Input and Summary Results'!$G34 | C30: =IF(B30=0,FALSE,'Input and Summary Results'!$D$5) -> 0 | D30: =IF(B30=0,FALSE,'Input and Summary Results'!$E$5) -> 0 | E30: =IF(C30=FALSE,FALSE,LOG10(C30)) -> #NUM! | F30: =IF(D30=FALSE, FALSE,0.434*D30/C30) -> #DIV/0! | G30: =IF(B30=" ",FALSE,(IF('Input and Summary Results'!$J$4="yes",'Data Transformation'!E30,'Data Transformation'!C30))) -> FALSE | H30: =IF(B30=" ",FALSE,(IF('Input and Summary Results'!$J$4="yes",'Data Transformation'!F30,'Data Transformation'!D30))) -> FALSE | I30: =IF(G30=FALSE,"",B30) | J30: =LOOKUP(2,1/(COUNTIF($J$4:J29,'Input and Summary Results'!$B$7:$B$8007)=0),'Input and Summary Results'!$B$7:$B$8007) -> #N/A | K30: =IFERROR(J30," ") | L30: =L29+1 -> 25 | M30: =SMALL($K$6:$K$426,L30) -> #NUM! | N30: =COUNTIF($I$4:$I$8425,M30) -> 0 | O30: =IF(N30>4,N30,FALSE) -> FALSE | Q30: Toggle assignment | R30: =IF(ISNUMBER('Input and Summary Results'!J39),'Input and Summary Results'!J39,'Input and Summary Results'!J40) -> 0.64
A31: WT | B31: ='Input and Summary Results'!$G35 | C31: =IF(B31=0,FALSE,'Input and Summary Results'!$D$5) -> 0 | D31: =IF(B31=0,FALSE,'Input and Summary Results'!$E$5) -> 0 | E31: =IF(C31=FALSE,FALSE,LOG10(C31)) -> #NUM! | F31: =IF(D31=FALSE, FALSE,0.434*D31/C31) -> #DIV/0! | G31: =IF(B31=" ",FALSE,(IF('Input and Summary Results'!$J$4="yes",'Data Transformation'!E31,'Data Transformation'!C31))) -> FALSE | H31: =IF(B31=" ",FALSE,(IF('Input and Summary Results'!$J$4="yes",'Data Transformation'!F31,'Data Transformation'!D31))) -> FALSE | I31: =IF(G31=FALSE,"",B31) | J31: =LOOKUP(2,1/(COUNTIF($J$4:J30,'Input and Summary Results'!$B$7:$B$8007)=0),'Input and Summary Results'!$B$7:$B$8007) -> #N/A | K31: =IFERROR(J31," ") | L31: =L30+1 -> 26 | M31: =SMALL($K$6:$K$426,L31) -> #NUM! | N31: =COUNTIF($I$4:$I$8425,M31) -> 0 | O31: =IF(N31>4,N31,FALSE) -> FALSE | Q31: Enhancing assignment | R31: =IF(ISNUMBER('Input and Summary Results'!J30),'Input and Summary Results'!J30,'Input and Summary Results'!J31) -> 0.8
A32: WT | B32: ='Input and Summary Results'!$G36 | C32: =IF(B32=0,FALSE,'Input and Summary Results'!$D$5) -> 0 | D32: =IF(B32=0,FALSE,'Input and Summary Results'!$E$5) -> 0 | E32: =IF(C32=FALSE,FALSE,LOG10(C32)) -> #NUM! | F32: =IF(D32=FALSE, FALSE,0.434*D32/C32) -> #DIV/0! | G32: =IF(B32=" ",FALSE,(IF('Input and Summary Results'!$J$4="yes",'Data Transformation'!E32,'Data Transformation'!C32))) -> FALSE | H32: =IF(B32=" ",FALSE,(IF('Input and Summary Results'!$J$4="yes",'Data Transformation'!F32,'Data Transformation'!D32))) -> FALSE | I32: =IF(G32=FALSE,"",B32) | J32: =LOOKUP(2,1/(COUNTIF($J$4:J31,'Input and Summary Results'!$B$7:$B$8007)=0),'Input and Summary Results'!$B$7:$B$8007) -> #N/A | K32: =IFERROR(J32," ") | L32: =L31+1 -> 27 | M32: =SMALL($K$6:$K$426,L32) -> #NUM! | N32: =COUNTIF($I$4:$I$8425,M32) -> 0 | O32: =IF(N32>4,N32,FALSE) -> FALSE
A33: WT | B33: ='Input and Summary Results'!$G37 | C33: =IF(B33=0,FALSE,'Input and Summary Results'!$D$5) -> 0 | D33: =IF(B33=0,FALSE,'Input and Summary Results'!$E$5) -> 0 | E33: =IF(C33=FALSE,FALSE,LOG10(C33)) -> #NUM! | F33: =IF(D33=FALSE, FALSE,0.434*D33/C33) -> #DIV/0! | G33: =IF(B33=" ",FALSE,(IF('Input and Summary Results'!$J$4="yes",'Data Transformation'!E33,'Data Transformation'!C33))) -> FALSE | H33: =IF(B33=" ",FALSE,(IF('Input and Summary Results'!$J$4="yes",'Data Transformation'!F33,'Data Transformation'!D33))) -> FALSE | I33: =IF(G33=FALSE,"",B33) | J33: =LOOKUP(2,1/(COUNTIF($J$4:J32,'Input and Summary Results'!$B$7:$B$8007)=0),'Input and Summary Results'!$B$7:$B$8007) -> #N/A | K33: =IFERROR(J33," ") | L33: =L32+1 -> 28 | M33: =SMALL($K$6:$K$426,L33) -> #NUM! | N33: =COUNTIF($I$4:$I$8425,M33) -> 0 | O33: =IF(N33>4,N33,FALSE) -> FALSE
A34: WT | B34: ='Input and Summary Results'!$G38 | C34: =IF(B34=0,FALSE,'Input and Summary Results'!$D$5) -> 0 | D34: =IF(B34=0,FALSE,'Input and Summary Results'!$E$5) -> 0 | E34: =IF(C34=FALSE,FALSE,LOG10(C34)) -> #NUM! | F34: =IF(D34=FALSE, FALSE,0.434*D34/C34) -> #DIV/0! | G34: =IF(B34=" ",FALSE,(IF('Input and Summary Results'!$J$4="yes",'Data Transformation'!E34,'Data Transformation'!C34))) -> FALSE | H34: =IF(B34=" ",FALSE,(IF('Input and Summary Results'!$J$4="yes",'Data Transformation'!F34,'Data Transformation'!D34))) -> FALSE | I34: =IF(G34=FALSE,"",B34) | J34: =LOOKUP(2,1/(COUNTIF($J$4:J33,'Input and Summary Results'!$B$7:$B$8007)=0),'Input and Summary Results'!$B$7:$B$8007) -> #N/A | K34: =IFERROR(J34," ") | L34: =L33+1 -> 29 | M34: =SMALL($K$6:$K$426,L34) -> #NUM! | N34: =COUNTIF($I$4:$I$8425,M34) -> 0 | O34: =IF(N34>4,N34,FALSE) -> FALSE
A35: WT | B35: ='Input and Summary Results'!$G39 | C35: =IF(B35=0,FALSE,'Input and Summary Results'!$D$5) -> 0 | D35: =IF(B35=0,FALSE,'Input and Summary Results'!$E$5) -> 0 | E35: =IF(C35=FALSE,FALSE,LOG10(C35)) -> #NUM! | F35: =IF(D35=FALSE, FALSE,0.434*D35/C35) -> #DIV/0! | G35: =IF(B35=" ",FALSE,(IF('Input and Summary Results'!$J$4="yes",'Data Transformation'!E35,'Data Transformation'!C35))) -> FALSE | H35: =IF(B35=" ",FALSE,(IF('Input and Summary Results'!$J$4="yes",'Data Transformation'!F35,'Data Transformation'!D35))) -> FALSE | I35: =IF(G35=FALSE,"",B35) | J35: =LOOKUP(2,1/(COUNTIF($J$4:J34,'Input and Summary Results'!$B$7:$B$8007)=0),'Input and Summary Results'!$B$7:$B$8007) -> #N/A | K35: =IFERROR(J35," ") | L35: =L34+1 -> 30 | M35: =SMALL($K$6:$K$426,L35) -> #NUM! | N35: =COUNTIF($I$4:$I$8425,M35) -> 0 | O35: =IF(N35>4,N35,FALSE) -> FALSE
A36: WT | B36: ='Input and Summary Results'!$G40 | C36: =IF(B36=0,FALSE,'Input and Summary Results'!$D$5) -> 0 | D36: =IF(B36=0,FALSE,'Input and Summary Results'!$E$5) -> 0 | E36: =IF(C36=FALSE,FALSE,LOG10(C36)) -> #NUM! | F36: =IF(D36=FALSE, FALSE,0.434*D36/C36) -> #DIV/0! | G36: =IF(B36=" ",FALSE,(IF('Input and Summary Results'!$J$4="yes",'Data Transformation'!E36,'Data Transformation'!C36))) -> FALSE | H36: =IF(B36=" ",FALSE,(IF('Input and Summary Results'!$J$4="yes",'Data Transformation'!F36,'Data Transformation'!D36))) -> FALSE | I36: =IF(G36=FALSE,"",B36) | J36: =LOOKUP(2,1/(COUNTIF($J$4:J35,'Input and Summary Results'!$B$7:$B$8007)=0),'Input and Summary Results'!$B$7:$B$8007) -> #N/A | K36: =IFERROR(J36," ") | L36: =L35+1 -> 31 | M36: =SMALL($K$6:$K$426,L36) -> #NUM! | N36: =COUNTIF($I$4:$I$8425,M36) -> 0 | O36: =IF(N36>4,N36,FALSE) -> FALSE
A37: WT | B37: ='Input and Summary Results'!$G41 | C37: =IF(B37=0,FALSE,'Input and Summary Results'!$D$5) -> 0 | D37: =IF(B37=0,FALSE,'Input and Summary Results'!$E$5) -> 0 | E37: =IF(C37=FALSE,FALSE,LOG10(C37)) -> #NUM! | F37: =IF(D37=FALSE, FALSE,0.434*D37/C37) -> #DIV/0! | G37: =IF(B37=" ",FALSE,(IF('Input and Summary Results'!$J$4="yes",'Data Transformation'!E37,'Data Transformation'!C37))) -> FALSE | H37: =IF(B37=" ",FALSE,(IF('Input and Summary Results'!$J$4="yes",'Data Transformation'!F37,'Data Transformation'!D37))) -> FALSE | I37: =IF(G37=FALSE,"",B37) | J37: =LOOKUP(2,1/(COUNTIF($J$4:J36,'Input and Summary Results'!$B$7:$B$8007)=0),'Input and Summary Results'!$B$7:$B$8007) -> #N/A | K37: =IFERROR(J37," ") | L37: =L36+1 -> 32 | M37: =SMALL($K$6:$K$426,L37) -> #NUM! | N37: =COUNTIF($I$4:$I$8425,M37) -> 0 | O37: =IF(N37>4,N37,FALSE) -> FALSE
A38: WT | B38: ='Input and Summary Results'!$G42 | C38: =IF(B38=0,FALSE,'Input and Summary Results'!$D$5) -> 0 | D38: =IF(B38=0,FALSE,'Input and Summary Results'!$E$5) -> 0 | E38: =IF(C38=FALSE,FALSE,LOG10(C38)) -> #NUM! | F38: =IF(D38=FALSE, FALSE,0.434*D38/C38) -> #DIV/0! | G38: =IF(B38=" ",FALSE,(IF('Input and Summary Results'!$J$4="yes",'Data Transformation'!E38,'Data Transformation'!C38))) -> FALSE | H38: =IF(B38=" ",FALSE,(IF('Input and Summary Results'!$J$4="yes",'Data Transformation'!F38,'Data Transformation'!D38))) -> FALSE | I38: =IF(G38=FALSE,"",B38) | J38: =LOOKUP(2,1/(COUNTIF($J$4:J37,'Input and Summary Results'!$B$7:$B$8007)=0),'Input and Summary Results'!$B$7:$B$8007) -> #N/A | K38: =IFERROR(J38," ") | L38: =L37+1 -> 33 | M38: =SMALL($K$6:$K$426,L38) -> #NUM! | N38: =COUNTIF($I$4:$I$8425,M38) -> 0 | O38: =IF(N38>4,N38,FALSE) -> FALSE
A39: WT | B39: ='Input and Summary Results'!$G43 | C39: =IF(B39=0,FALSE,'Input and Summary Results'!$D$5) -> 0 | D39: =IF(B39=0,FALSE,'Input and Summary Results'!$E$5) -> 0 | E39: =IF(C39=FALSE,FALSE,LOG10(C39)) -> #NUM! | F39: =IF(D39=FALSE, FALSE,0.434*D39/C39) -> #DIV/0! | G39: =IF(B39=" ",FALSE,(IF('Input and Summary Results'!$J$4="yes",'Data Transformation'!E39,'Data Transformation'!C39))) -> FALSE | H39: =IF(B39=" ",FALSE,(IF('Input and Summary Results'!$J$4="yes",'Data Transformation'!F39,'Data Transformation'!D39))) -> FALSE | I39: =IF(G39=FALSE,"",B39) | J39: =LOOKUP(2,1/(COUNTIF($J$4:J38,'Input and Summary Results'!$B$7:$B$8007)=0),'Input and Summary Results'!$B$7:$B$8007) -> #N/A | K39: =IFERROR(J39," ") | L39: =L38+1 -> 34 | M39: =SMALL($K$6:$K$426,L39) -> #NUM! | N39: =COUNTIF($I$4:$I$8425,M39) -> 0 | O39: =IF(N39>4,N39,FALSE) -> FALSE
A40: WT | B40: ='Input and Summary Results'!$G44 | C40: =IF(B40=0,FALSE,'Input and Summary Results'!$D$5) -> 0 | D40: =IF(B40=0,FALSE,'Input and Summary Results'!$E$5) -> 0 | E40: =IF(C40=FALSE,FALSE,LOG10(C40)) -> #NUM! | F40: =IF(D40=FALSE, FALSE,0.434*D40/C40) -> #DIV/0! | G40: =IF(B40=" ",FALSE,(IF('Input and Summary Results'!$J$4="yes",'Data Transformation'!E40,'Data Transformation'!C40))) -> FALSE | H40: =IF(B40=" ",FALSE,(IF('Input and Summary Results'!$J$4="yes",'Data Transformation'!F40,'Data Transformation'!D40))) -> FALSE | I40: =IF(G40=FALSE,"",B40) | J40: =LOOKUP(2,1/(COUNTIF($J$4:J39,'Input and Summary Results'!$B$7:$B$8007)=0),'Input and Summary Results'!$B$7:$B$8007) -> #N/A | K40: =IFERROR(J40," ") | L40: =L39+1 -> 35 | M40: =SMALL($K$6:$K$426,L40) -> #NUM! | N40: =COUNTIF($I$4:$I$8425,M40) -> 0 | O40: =IF(N40>4,N40,FALSE) -> FALSE
A41: WT | B41: ='Input and Summary Results'!$G45 | C41: =IF(B41=0,FALSE,'Input and Summary Results'!$D$5) -> 0 | D41: =IF(B41=0,FALSE,'Input and Summary Results'!$E$5) -> 0 | E41: =IF(C41=FALSE,FALSE,LOG10(C41)) -> #NUM! | F41: =IF(D41=FALSE, FALSE,0.434*D41/C41) -> #DIV/0! | G41: =IF(B41=" ",FALSE,(IF('Input and Summary Results'!$J$4="yes",'Data Transformation'!E41,'Data Transformation'!C41))) -> FALSE | H41: =IF(B41=" ",FALSE,(IF('Input and Summary Results'!$J$4="yes",'Data Transformation'!F41,'Data Transformation'!D41))) -> FALSE | I41: =IF(G41=FALSE,"",B41) | J41: =LOOKUP(2,1/(COUNTIF($J$4:J40,'Input and Summary Results'!$B$7:$B$8007)=0),'Input and Summary Results'!$B$7:$B$8007) -> #N/A | K41: =IFERROR(J41," ") | L41: =L40+1 -> 36 | M41: =SMALL($K$6:$K$426,L41) -> #NUM! | N41: =COUNTIF($I$4:$I$8425,M41) -> 0 | O41: =IF(N41>4,N41,FALSE) -> FALSE
A42: WT | B42: ='Input and Summary Results'!$G46 | C42: =IF(B42=0,FALSE,'Input and Summary Results'!$D$5) -> 0 | D42: =IF(B42=0,FALSE,'Input and Summary Results'!$E$5) -> 0 | E42: =IF(C42=FALSE,FALSE,LOG10(C42)) -> #NUM! | F42: =IF(D42=FALSE, FALSE,0.434*D42/C42) -> #DIV/0! | G42: =IF(B42=" ",FALSE,(IF('Input and Summary Results'!$J$4="yes",'Data Transformation'!E42,'Data Transformation'!C42))) -> FALSE | H42: =IF(B42=" ",FALSE,(IF('Input and Summary Results'!$J$4="yes",'Data Transformation'!F42,'Data Transformation'!D42))) -> FALSE | I42: =IF(G42=FALSE,"",B42) | J42: =LOOKUP(2,1/(COUNTIF($J$4:J41,'Input and Summary Results'!$B$7:$B$8007)=0),'Input and Summary Results'!$B$7:$B$8007) -> #N/A | K42: =IFERROR(J42," ") | L42: =L41+1 -> 37 | M42: =SMALL($K$6:$K$426,L42) -> #NUM! | N42: =COUNTIF($I$4:$I$8425,M42) -> 0 | O42: =IF(N42>4,N42,FALSE) -> FALSE
A43: WT | B43: ='Input and Summary Results'!$G47 | C43: =IF(B43=0,FALSE,'Input and Summary Results'!$D$5) -> 0 | D43: =IF(B43=0,FALSE,'Input and Summary Results'!$E$5) -> 0 | E43: =IF(C43=FALSE,FALSE,LOG10(C43)) -> #NUM! | F43: =IF(D43=FALSE, FALSE,0.434*D43/C43) -> #DIV/0! | G43: =IF(B43=" ",FALSE,(IF('Input and Summary Results'!$J$4="yes",'Data Transformation'!E43,'Data Transformation'!C43))) -> FALSE | H43: =IF(B43=" ",FALSE,(IF('Input and Summary Results'!$J$4="yes",'Data Transformation'!F43,'Data Transformation'!D43))) -> FALSE | I43: =IF(G43=FALSE,"",B43) | J43: =LOOKUP(2,1/(COUNTIF($J$4:J42,'Input and Summary Results'!$B$7:$B$8007)=0),'Input and Summary Results'!$B$7:$B$8007) -> #N/A | K43: =IFERROR(J43," ") | L43: =L42+1 -> 38 | M43: =SMALL($K$6:$K$426,L43) -> #NUM! | N43: =COUNTIF($I$4:$I$8425,M43) -> 0 | O43: =IF(N43>4,N43,FALSE) -> FALSE
... A352: WT | B352: ='Input and Summary Results'!$G356 | C352: =IF(B352=0,FALSE,'Input and Summary Results'!$D$5) -> 0 | D352: =IF(B352=0,FALSE,'Input and Summary Results'!$E$5) -> 0 | E352: =IF(C352=FALSE,FALSE,LOG10(C352)) -> #NUM! | F352: =IF(D352=FALSE, FALSE,0.434*D352/C352) -> #DIV/0! | G352: =IF(B352=" ",FALSE,(IF('Input and Summary Results'!$J$4="yes",'Data Transformation'!E352,'Data Transformation'!C352))) -> FALSE | H352: =IF(B352=" ",FALSE,(IF('Input and Summary Results'!$J$4="yes",'Data Transformation'!F352,'Data Transformation'!D352))) -> FALSE | I352: =IF(G352=FALSE,"",B352) | J352: =LOOKUP(2,1/(COUNTIF($J$4:J351,'Input and Summary Results'!$B$7:$B$8007)=0),'Input and Summary Results'!$B$7:$B$8007) -> #N/A | K352: =IFERROR(J352," ") | L352: =L351+1 -> 347 | M352: =SMALL($K$6:$K$426,L352) -> #NUM! | N352: =COUNTIF($I$4:$I$8425,M352) -> 0 | O352: =IF(N352>4,N352,FALSE) -> FALSE
I353: =IF(G353=FALSE,"",B353) | J353: =LOOKUP(2,1/(COUNTIF($J$4:J352,'Input and Summary Results'!$B$7:$B$8007)=0),'Input and Summary Results'!$B$7:$B$8007) -> #N/A | K353: =IFERROR(J353," ") | L353: =L352+1 -> 348 | M353: =SMALL($K$6:$K$426,L353) -> #NUM! | N353: =COUNTIF($I$4:$I$8425,M353) -> 0 | O353: =IF(N353>4,N353,FALSE) -> FALSE
I354: =IF(G354=FALSE,"",B354) | J354: =LOOKUP(2,1/(COUNTIF($J$4:J353,'Input and Summary Results'!$B$7:$B$8007)=0),'Input and Summary Results'!$B$7:$B$8007) -> #N/A | K354: =IFERROR(J354," ") | L354: =L353+1 -> 349 | M354: =SMALL($K$6:$K$426,L354) -> #NUM! | N354: =COUNTIF($I$4:$I$8425,M354) -> 0 | O354: =IF(N354>4,N354,FALSE) -> FALSE
I355: =IF(G355=FALSE,"",B355) | J355: =LOOKUP(2,1/(COUNTIF($J$4:J354,'Input and Summary Results'!$B$7:$B$8007)=0),'Input and Summary Results'!$B$7:$B$8007) -> #N/A | K355: =IFERROR(J355," ") | L355: =L354+1 -> 350 | M355: =SMALL($K$6:$K$426,L355) -> #NUM! | N355: =COUNTIF($I$4:$I$8425,M355) -> 0 | O355: =IF(N355>4,N355,FALSE) -> FALSE
I356: =IF(G356=FALSE,"",B356)
I357: =IF(G357=FALSE,"",B357)
I358: =IF(G358=FALSE,"",B358)
I359: =IF(G359=FALSE,"",B359)
I360: =IF(G360=FALSE,"",B360)
I361: =IF(G361=FALSE,"",B361)
I362: =IF(G362=FALSE,"",B362)
I363: =IF(G363=FALSE,"",B363)
I364: =IF(G364=FALSE,"",B364)
I365: =IF(G365=FALSE,"",B365)
I366: =IF(G366=FALSE,"",B366)
I367: =IF(G367=FALSE,"",B367)
... I424: =IF(G424=FALSE,"",B424)
B425: =IF('Input and Summary Results'!D7=0,FALSE,'Input and Summary Results'!$B7) -> FALSE | C425: =IF(OR(B425=0,'Input and Summary Results'!D7=0,'Input and Summary Results'!D7=""),FALSE,'Input and Summary Results'!$D7) -> FALSE | D425: =IF(OR(B425=0,'Input and Summary Results'!E7=0),FALSE,'Input and Summary Results'!$E7) -> FALSE | E425: =IF(C425=FALSE,FALSE,LOG10(C425)) -> FALSE | F425: =IF(D425=FALSE, FALSE,0.434*D425/C425) -> FALSE | G425: =IF('Input and Summary Results'!$J$4="yes",IF(C425=FALSE,FALSE,IF('Data Transformation'!E425<$R$10,E425,$R$10)),IF(C425=FALSE,FALSE,IF(C425<$R$10,C425,$R$10))) -> FALSE | H425: =IF('Input and Summary Results'!$J$4="yes",'Data Transformation'!F425,'Data Transformation'!D425) -> FALSE | I425: =IF(G425=FALSE,"",B425)
B426: =IF('Input and Summary Results'!D8=0,FALSE,'Input and Summary Results'!$B8) -> FALSE | C426: =IF(OR(B426=0,'Input and Summary Results'!D8=0,'Input and Summary Results'!D8=""),FALSE,'Input and Summary Results'!$D8) -> FALSE | D426: =IF(OR(B426=0,'Input and Summary Results'!E8=0),FALSE,'Input and Summary Results'!$E8) -> FALSE | E426: =IF(C426=FALSE,FALSE,LOG10(C426)) -> FALSE | F426: =IF(D426=FALSE, FALSE,0.434*D426/C426) -> FALSE | G426: =IF('Input and Summary Results'!$J$4="yes",IF(C426=FALSE,FALSE,IF('Data Transformation'!E426<$R$10,E426,$R$10)),IF(C426=FALSE,FALSE,IF(C426<$R$10,C426,$R$10))) -> FALSE | H426: =IF('Input and Summary Results'!$J$4="yes",'Data Transformation'!F426,'Data Transformation'!D426) -> FALSE | I426: =IF(G426=FALSE,"",B426)
B427: =IF('Input and Summary Results'!D9=0,FALSE,'Input and Summary Results'!$B9) -> FALSE | C427: =IF(OR(B427=0,'Input and Summary Results'!D9=0,'Input and Summary Results'!D9=""),FALSE,'Input and Summary Results'!$D9) -> FALSE | D427: =IF(OR(B427=0,'Input and Summary Results'!E9=0),FALSE,'Input and Summary Results'!$E9) -> FALSE | E427: =IF(C427=FALSE,FALSE,LOG10(C427)) -> FALSE | F427: =IF(D427=FALSE, FALSE,0.434*D427/C427) -> FALSE | G427: =IF('Input and Summary Results'!$J$4="yes",IF(C427=FALSE,FALSE,IF('Data Transformation'!E427<$R$10,E427,$R$10)),IF(C427=FALSE,FALSE,IF(C427<$R$10,C427,$R$10))) -> FALSE | H427: =IF('Input and Summary Results'!$J$4="yes",'Data Transformation'!F427,'Data Transformation'!D427) -> FALSE | I427: =IF(G427=FALSE,"",B427)
B428: =IF('Input and Summary Results'!D10=0,FALSE,'Input and Summary Results'!$B10) -> FALSE | C428: =IF(OR(B428=0,'Input and Summary Results'!D10=0,'Input and Summary Results'!D10=""),FALSE,'Input and Summary Results'!$D10) -> FALSE | D428: =IF(OR(B428=0,'Input and Summary Results'!E10=0),FALSE,'Input and Summary Results'!$E10) -> FALSE | E428: =IF(C428=FALSE,FALSE,LOG10(C428)) -> FALSE | F428: =IF(D428=FALSE, FALSE,0.434*D428/C428) -> FALSE | G428: =IF('Input and Summary Results'!$J$4="yes",IF(C428=FALSE,FALSE,IF('Data Transformation'!E428<$R$10,E428,$R$10)),IF(C428=FALSE,FALSE,IF(C428<$R$10,C428,$R$10))) -> FALSE | H428: =IF('Input and Summary Results'!$J$4="yes",'Data Transformation'!F428,'Data Transformation'!D428) -> FALSE | I428: =IF(G428=FALSE,"",B428)
B429: =IF('Input and Summary Results'!D11=0,FALSE,'Input and Summary Results'!$B11) -> FALSE | C429: =IF(OR(B429=0,'Input and Summary Results'!D11=0,'Input and Summary Results'!D11=""),FALSE,'Input and Summary Results'!$D11) -> FALSE | D429: =IF(OR(B429=0,'Input and Summary Results'!E11=0),FALSE,'Input and Summary Results'!$E11) -> FALSE | E429: =IF(C429=FALSE,FALSE,LOG10(C429)) -> FALSE | F429: =IF(D429=FALSE, FALSE,0.434*D429/C429) -> FALSE | G429: =IF('Input and Summary Results'!$J$4="yes",IF(C429=FALSE,FALSE,IF('Data Transformation'!E429<$R$10,E429,$R$10)),IF(C429=FALSE,FALSE,IF(C429<$R$10,C429,$R$10))) -> FALSE | H429: =IF('Input and Summary Results'!$J$4="yes",'Data Transformation'!F429,'Data Transformation'!D429) -> FALSE | I429: =IF(G429=FALSE,"",B429)
B430: =IF('Input and Summary Results'!D12=0,FALSE,'Input and Summary Results'!$B12) -> FALSE | C430: =IF(OR(B430=0,'Input and Summary Results'!D12=0,'Input and Summary Results'!D12=""),FALSE,'Input and Summary Results'!$D12) -> FALSE | D430: =IF(OR(B430=0,'Input and Summary Results'!E12=0),FALSE,'Input and Summary Results'!$E12) -> FALSE | E430: =IF(C430=FALSE,FALSE,LOG10(C430)) -> FALSE | F430: =IF(D430=FALSE, FALSE,0.434*D430/C430) -> FALSE | G430: =IF('Input and Summary Results'!$J$4="yes",IF(C430=FALSE,FALSE,IF('Data Transformation'!E430<$R$10,E430,$R$10)),IF(C430=FALSE,FALSE,IF(C430<$R$10,C430,$R$10))) -> FALSE | H430: =IF('Input and Summary Results'!$J$4="yes",'Data Transformation'!F430,'Data Transformation'!D430) -> FALSE | I430: =IF(G430=FALSE,"",B430)
B431: =IF('Input and Summary Results'!D13=0,FALSE,'Input and Summary Results'!$B13) -> FALSE | C431: =IF(OR(B431=0,'Input and Summary Results'!D13=0,'Input and Summary Results'!D13=""),FALSE,'Input and Summary Results'!$D13) -> FALSE | D431: =IF(OR(B431=0,'Input and Summary Results'!E13=0),FALSE,'Input and Summary Results'!$E13) -> FALSE | E431: =IF(C431=FALSE,FALSE,LOG10(C431)) -> FALSE | F431: =IF(D431=FALSE, FALSE,0.434*D431/C431) -> FALSE | G431: =IF('Input and Summary Results'!$J$4="yes",IF(C431=FALSE,FALSE,IF('Data Transformation'!E431<$R$10,E431,$R$10)),IF(C431=FALSE,FALSE,IF(C431<$R$10,C431,$R$10))) -> FALSE | H431: =IF('Input and Summary Results'!$J$4="yes",'Data Transformation'!F431,'Data Transformation'!D431) -> FALSE | I431: =IF(G431=FALSE,"",B431)
B432: =IF('Input and Summary Results'!D14=0,FALSE,'Input and Summary Results'!$B14) -> FALSE | C432: =IF(OR(B432=0,'Input and Summary Results'!D14=0,'Input and Summary Results'!D14=""),FALSE,'Input and Summary Results'!$D14) -> FALSE | D432: =IF(OR(B432=0,'Input and Summary Results'!E14=0),FALSE,'Input and Summary Results'!$E14) -> FALSE | E432: =IF(C432=FALSE,FALSE,LOG10(C432)) -> FALSE | F432: =IF(D432=FALSE, FALSE,0.434*D432/C432) -> FALSE | G432: =IF('Input and Summary Results'!$J$4="yes",IF(C432=FALSE,FALSE,IF('Data Transformation'!E432<$R$10,E432,$R$10)),IF(C432=FALSE,FALSE,IF(C432<$R$10,C432,$R$10))) -> FALSE | H432: =IF('Input and Summary Results'!$J$4="yes",'Data Transformation'!F432,'Data Transformation'!D432) -> FALSE | I432: =IF(G432=FALSE,"",B432)
B433: =IF('Input and Summary Results'!D15=0,FALSE,'Input and Summary Results'!$B15) -> FALSE | C433: =IF(OR(B433=0,'Input and Summary Results'!D15=0,'Input and Summary Results'!D15=""),FALSE,'Input and Summary Results'!$D15) -> FALSE | D433: =IF(OR(B433=0,'Input and Summary Results'!E15=0),FALSE,'Input and Summary Results'!$E15) -> FALSE | E433: =IF(C433=FALSE,FALSE,LOG10(C433)) -> FALSE | F433: =IF(D433=FALSE, FALSE,0.434*D433/C433) -> FALSE | G433: =IF('Input and Summary Results'!$J$4="yes",IF(C433=FALSE,FALSE,IF('Data Transformation'!E433<$R$10,E433,$R$10)),IF(C433=FALSE,FALSE,IF(C433<$R$10,C433,$R$10))) -> FALSE | H433: =IF('Input and Summary Results'!$J$4="yes",'Data Transformation'!F433,'Data Transformation'!D433) -> FALSE | I433: =IF(G433=FALSE,"",B433)
B434: =IF('Input and Summary Results'!D16=0,FALSE,'Input and Summary Results'!$B16) -> FALSE | C434: =IF(OR(B434=0,'Input and Summary Results'!D16=0,'Input and Summary Results'!D16=""),FALSE,'Input and Summary Results'!$D16) -> FALSE | D434: =IF(OR(B434=0,'Input and Summary Results'!E16=0),FALSE,'Input and Summary Results'!$E16) -> FALSE | E434: =IF(C434=FALSE,FALSE,LOG10(C434)) -> FALSE | F434: =IF(D434=FALSE, FALSE,0.434*D434/C434) -> FALSE | G434: =IF('Input and Summary Results'!$J$4="yes",IF(C434=FALSE,FALSE,IF('Data Transformation'!E434<$R$10,E434,$R$10)),IF(C434=FALSE,FALSE,IF(C434<$R$10,C434,$R$10))) -> FALSE | H434: =IF('Input and Summary Results'!$J$4="yes",'Data Transformation'!F434,'Data Transformation'!D434) -> FALSE | I434: =IF(G434=FALSE,"",B434)
B435: =IF('Input and Summary Results'!D17=0,FALSE,'Input and Summary Results'!$B17) -> FALSE | C435: =IF(OR(B435=0,'Input and Summary Results'!D17=0,'Input and Summary Results'!D17=""),FALSE,'Input and Summary Results'!$D17) -> FALSE | D435: =IF(OR(B435=0,'Input and Summary Results'!E17=0),FALSE,'Input and Summary Results'!$E17) -> FALSE | E435: =IF(C435=FALSE,FALSE,LOG10(C435)) -> FALSE | F435: =IF(D435=FALSE, FALSE,0.434*D435/C435) -> FALSE | G435: =IF('Input and Summary Results'!$J$4="yes",IF(C435=FALSE,FALSE,IF('Data Transformation'!E435<$R$10,E435,$R$10)),IF(C435=FALSE,FALSE,IF(C435<$R$10,C435,$R$10))) -> FALSE | H435: =IF('Input and Summary Results'!$J$4="yes",'Data Transformation'!F435,'Data Transformation'!D435) -> FALSE | I435: =IF(G435=FALSE,"",B435)
B436: =IF('Input and Summary Results'!D18=0,FALSE,'Input and Summary Results'!$B18) -> FALSE | C436: =IF(OR(B436=0,'Input and Summary Results'!D18=0,'Input and Summary Results'!D18=""),FALSE,'Input and Summary Results'!$D18) -> FALSE | D436: =IF(OR(B436=0,'Input and Summary Results'!E18=0),FALSE,'Input and Summary Results'!$E18) -> FALSE | E436: =IF(C436=FALSE,FALSE,LOG10(C436)) -> FALSE | F436: =IF(D436=FALSE, FALSE,0.434*D436/C436) -> FALSE | G436: =IF('Input and Summary Results'!$J$4="yes",IF(C436=FALSE,FALSE,IF('Data Transformation'!E436<$R$10,E436,$R$10)),IF(C436=FALSE,FALSE,IF(C436<$R$10,C436,$R$10))) -> FALSE | H436: =IF('Input and Summary Results'!$J$4="yes",'Data Transformation'!F436,'Data Transformation'!D436) -> FALSE | I436: =IF(G436=FALSE,"",B436)
... B6424: =IF('Input and Summary Results'!D6006=0,FALSE,'Input and Summary Results'!$B6006) -> FALSE | C6424: =IF(OR(B6424=0,'Input and Summary Results'!D6006=0,'Input and Summary Results'!D6006=""),FALSE,'Input and Summary Results'!$D6006) -> FALSE | D6424: =IF(OR(B6424=0,'Input and Summary Results'!E6006=0),FALSE,'Input and Summary Results'!$E6006) -> FALSE | E6424: =IF(C6424=FALSE,FALSE,LOG10(C6424)) -> FALSE | F6424: =IF(D6424=FALSE, FALSE,0.434*D6424/C6424) -> FALSE | G6424: =IF('Input and Summary Results'!$J$4="yes",IF(C6424=FALSE,FALSE,IF('Data Transformation'!E6424<$R$10,E6424,$R$10)),IF(C6424=FALSE,FALSE,IF(C6424<$R$10,C6424,$R$10))) -> FALSE | H6424: =IF('Input and Summary Results'!$J$4="yes",'Data Transformation'!F6424,'Data Transformation'!D6424) -> FALSE | I6424: =IF(G6424=FALSE,"",B6424)

Sheet Weighting
A1: Is the dead protein value larger than wild type? | B1: =IF('Input and Summary Results'!J17>'Input and Summary Results'!D5,"yes","no") -> yes
A2: Dead protein values are large
B3: Bins | C3: Bins with max adjusted | D3: Enhancing | E3: WT bin | G3: Dead bin | I3: Bin weight determination | M3: Determining Bin range | P3: Bin Weights
A4: # of bins | B4: ='Data Transformation'!$R$24 -> #DIV/0! | D4: freq | E4: freq | F4: binned | G4: freq | H4: binned | I4: up weights | J4: up wt | K4: down dead | L4: all bin weights | M4: freq | N4: binned | O4: extra bins | U4: Bin weighting override | W4: Bin weights for Analysis
A5: minimum | B5: ='Data Transformation'!$R$9 -> 0 | C5: =IF(AND('Data Transformation'!$R$10>=Weighting!B5,'Data Transformation'!$R$10<Weighting!B6),B5+0.000001,B5) -> #DIV/0! | R5: Total number of bins | S5: =IF(B1="yes",COUNTIF(P6:P25,">0"),COUNTIF(P32:P51,">0")) -> 0
B6: =B5+'Data Transformation'!$R$25 -> #DIV/0! | C6: =IF(AND('Data Transformation'!$R$10>=Weighting!B6,'Data Transformation'!$R$10<Weighting!B7),B6+0.000001,B6) -> #DIV/0! | D6: =IF(FREQUENCY('Data Transformation'!$U$12,$C6),0,1) -> #NUM! | E6: =IF(FREQUENCY('Data Transformation'!$R$5,$C6),1,0) -> #NUM! | F6: =E6-E5 -> #NUM! | G6: =IF(FREQUENCY('Data Transformation'!$R$6,$C6),1,0) -> 1 | H6: =G6-G5 -> 1 | I6: =IF(E6=1,I5+1,F6) -> #NUM! | J6: =IF(I6=0,J7+1,I6) -> #NUM! | K6: =IF(G6=1,1,K7+1) -> 1 | L6: =IF(MIN(J6,K6)>3,3,MIN(J6,K6)) -> #NUM! | M6: =IF(FREQUENCY('Data Transformation'!$R$10,$C6),1,0) -> 1 | N6: =M6-M5 -> 1 | O6: =O5+1*N5 -> 0 | P6: =IF(O6=0,L6,0) -> #NUM! | R6: Total weighted bin values | S6: =IF(B1="yes",SUM(P6:P25),SUM(P32:P51)) -> #NUM! | W6: =IF(U6="",IF($B$1="yes",P6,P32),U6) -> #NUM!
B7: =B6+'Data Transformation'!$R$25 -> #DIV/0! | C7: =IF(AND('Data Transformation'!$R$10>=Weighting!B7,'Data Transformation'!$R$10<Weighting!B8),B7+0.000001,B7) -> #DIV/0! | D7: =IF(FREQUENCY('Data Transformation'!$U$12,$C7),0,1) -> #NUM! | E7: =IF(FREQUENCY('Data Transformation'!$R$5,$C7),1,0) -> #NUM! | F7: =E7-E6 -> #NUM! | G7: =IF(FREQUENCY('Data Transformation'!$R$6,$C7),1,0) -> 1 | H7: =G7-G6 -> 0 | I7: =IF(E7=1,I6+1,F7) -> #NUM! | J7: =IF(I7=0,J8+1,I7) -> #NUM! | K7: =IF(G7=1,1,K8+1) -> 1 | L7: =IF(MIN(J7,K7)>3,3,MIN(J7,K7)) -> #NUM! | M7: =IF(FREQUENCY('Data Transformation'!$R$10,$C7),1,0) -> 1 | N7: =M7-M6 -> 0 | O7: =O6+1*N6 -> 1 | P7: =IF(O7=0,L7,0) -> 0 | W7: =IF(U7="",IF($B$1="yes",P7,P33),U7) -> 0
B8: =B7+'Data Transformation'!$R$25 -> #DIV/0! | C8: =IF(AND('Data Transformation'!$R$10>=Weighting!B8,'Data Transformation'!$R$10<Weighting!B9),B8+0.000001,B8) -> #DIV/0! | D8: =IF(FREQUENCY('Data Transformation'!$U$12,$C8),0,1) -> #NUM! | E8: =IF(FREQUENCY('Data Transformation'!$R$5,$C8),1,0) -> #NUM! | F8: =E8-E7 -> #NUM! | G8: =IF(FREQUENCY('Data Transformation'!$R$6,$C8),1,0) -> 1 | H8: =G8-G7 -> 0 | I8: =IF(E8=1,I7+1,F8) -> #NUM! | J8: =IF(I8=0,J9+1,I8) -> #NUM! | K8: =IF(G8=1,1,K9+1) -> 1 | L8: =IF(MIN(J8,K8)>3,3,MIN(J8,K8)) -> #NUM! | M8: =IF(FREQUENCY('Data Transformation'!$R$10,$C8),1,0) -> 1 | N8: =M8-M7 -> 0 | O8: =O7+1*N7 -> 1 | P8: =IF(O8=0,L8,0) -> 0 | W8: =IF(U8="",IF($B$1="yes",P8,P34),U8) -> 0
B9: =B8+'Data Transformation'!$R$25 -> #DIV/0! | C9: =IF(AND('Data Transformation'!$R$10>=Weighting!B9,'Data Transformation'!$R$10<Weighting!B10),B9+0.000001,B9) -> #DIV/0! | D9: =IF(FREQUENCY('Data Transformation'!$U$12,$C9),0,1) -> #NUM! | E9: =IF(FREQUENCY('Data Transformation'!$R$5,$C9),1,0) -> #NUM! | F9: =E9-E8 -> #NUM! | G9: =IF(FREQUENCY('Data Transformation'!$R$6,$C9),1,0) -> 1 | H9: =G9-G8 -> 0 | I9: =IF(E9=1,I8+1,F9) -> #NUM! | J9: =IF(I9=0,J10+1,I9) -> #NUM! | K9: =IF(G9=1,1,K10+1) -> 1 | L9: =IF(MIN(J9,K9)>3,3,MIN(J9,K9)) -> #NUM! | M9: =IF(FREQUENCY('Data Transformation'!$R$10,$C9),1,0) -> 1 | N9: =M9-M8 -> 0 | O9: =O8+1*N8 -> 1 | P9: =IF(O9=0,L9,0) -> 0 | W9: =IF(U9="",IF($B$1="yes",P9,P35),U9) -> 0
B10: =B9+'Data Transformation'!$R$25 -> #DIV/0! | C10: =IF(AND('Data Transformation'!$R$10>=Weighting!B10,'Data Transformation'!$R$10<Weighting!B11),B10+0.000001,B10) -> #DIV/0! | D10: =IF(FREQUENCY('Data Transformation'!$U$12,$C10),0,1) -> #NUM! | E10: =IF(FREQUENCY('Data Transformation'!$R$5,$C10),1,0) -> #NUM! | F10: =E10-E9 -> #NUM! | G10: =IF(FREQUENCY('Data Transformation'!$R$6,$C10),1,0) -> 1 | H10: =G10-G9 -> 0 | I10: =IF(E10=1,I9+1,F10) -> #NUM! | J10: =IF(I10=0,J11+1,I10) -> #NUM! | K10: =IF(G10=1,1,K11+1) -> 1 | L10: =IF(MIN(J10,K10)>3,3,MIN(J10,K10)) -> #NUM! | M10: =IF(FREQUENCY('Data Transformation'!$R$10,$C10),1,0) -> 1 | N10: =M10-M9 -> 0 | O10: =O9+1*N9 -> 1 | P10: =IF(O10=0,L10,0) -> 0 | W10: =IF(U10="",IF($B$1="yes",P10,P36),U10) -> 0
B11: =B10+'Data Transformation'!$R$25 -> #DIV/0! | C11: =IF(AND('Data Transformation'!$R$10>=Weighting!B11,'Data Transformation'!$R$10<Weighting!B12),B11+0.000001,B11) -> #DIV/0! | D11: =IF(FREQUENCY('Data Transformation'!$U$12,$C11),0,1) -> #NUM! | E11: =IF(FREQUENCY('Data Transformation'!$R$5,$C11),1,0) -> #NUM! | F11: =E11-E10 -> #NUM! | G11: =IF(FREQUENCY('Data Transformation'!$R$6,$C11),1,0) -> 1 | H11: =G11-G10 -> 0 | I11: =IF(E11=1,I10+1,F11) -> #NUM! | J11: =IF(I11=0,J12+1,I11) -> #NUM! | K11: =IF(G11=1,1,K12+1) -> 1 | L11: =IF(MIN(J11,K11)>3,3,MIN(J11,K11)) -> #NUM! | M11: =IF(FREQUENCY('Data Transformation'!$R$10,$C11),1,0) -> 1 | N11: =M11-M10 -> 0 | O11: =O10+1*N10 -> 1 | P11: =IF(O11=0,L11,0) -> 0 | W11: =IF(U11="",IF($B$1="yes",P11,P37),U11) -> 0
B12: =B11+'Data Transformation'!$R$25 -> #DIV/0! | C12: =IF(AND('Data Transformation'!$R$10>=Weighting!B12,'Data Transformation'!$R$10<Weighting!B13),B12+0.000001,B12) -> #DIV/0! | D12: =IF(FREQUENCY('Data Transformation'!$U$12,$C12),0,1) -> #NUM! | E12: =IF(FREQUENCY('Data Transformation'!$R$5,$C12),1,0) -> #NUM! | F12: =E12-E11 -> #NUM! | G12: =IF(FREQUENCY('Data Transformation'!$R$6,$C12),1,0) -> 1 | H12: =G12-G11 -> 0 | I12: =IF(E12=1,I11+1,F12) -> #NUM! | J12: =IF(I12=0,J13+1,I12) -> #NUM! | K12: =IF(G12=1,1,K13+1) -> 1 | L12: =IF(MIN(J12,K12)>3,3,MIN(J12,K12)) -> #NUM! | M12: =IF(FREQUENCY('Data Transformation'!$R$10,$C12),1,0) -> 1 | N12: =M12-M11 -> 0 | O12: =O11+1*N11 -> 1 | P12: =IF(O12=0,L12,0) -> 0 | W12: =IF(U12="",IF($B$1="yes",P12,P38),U12) -> 0
B13: =B12+'Data Transformation'!$R$25 -> #DIV/0! | C13: =IF(AND('Data Transformation'!$R$10>=Weighting!B13,'Data Transformation'!$R$10<Weighting!B14),B13+0.000001,B13) -> #DIV/0! | D13: =IF(FREQUENCY('Data Transformation'!$U$12,$C13),0,1) -> #NUM! | E13: =IF(FREQUENCY('Data Transformation'!$R$5,$C13),1,0) -> #NUM! | F13: =E13-E12 -> #NUM! | G13: =IF(FREQUENCY('Data Transformation'!$R$6,$C13),1,0) -> 1 | H13: =G13-G12 -> 0 | I13: =IF(E13=1,I12+1,F13) -> #NUM! | J13: =IF(I13=0,J14+1,I13) -> #NUM! | K13: =IF(G13=1,1,K14+1) -> 1 | L13: =IF(MIN(J13,K13)>3,3,MIN(J13,K13)) -> #NUM! | M13: =IF(FREQUENCY('Data Transformation'!$R$10,$C13),1,0) -> 1 | N13: =M13-M12 -> 0 | O13: =O12+1*N12 -> 1 | P13: =IF(O13=0,L13,0) -> 0 | W13: =IF(U13="",IF($B$1="yes",P13,P39),U13) -> 0
B14: =B13+'Data Transformation'!$R$25 -> #DIV/0! | C14: =IF(AND('Data Transformation'!$R$10>=Weighting!B14,'Data Transformation'!$R$10<Weighting!B15),B14+0.000001,B14) -> #DIV/0! | D14: =IF(FREQUENCY('Data Transformation'!$U$12,$C14),0,1) -> #NUM! | E14: =IF(FREQUENCY('Data Transformation'!$R$5,$C14),1,0) -> #NUM! | F14: =E14-E13 -> #NUM! | G14: =IF(FREQUENCY('Data Transformation'!$R$6,$C14),1,0) -> 1 | H14: =G14-G13 -> 0 | I14: =IF(E14=1,I13+1,F14) -> #NUM! | J14: =IF(I14=0,J15+1,I14) -> #NUM! | K14: =IF(G14=1,1,K15+1) -> 1 | L14: =IF(MIN(J14,K14)>3,3,MIN(J14,K14)) -> #NUM! | M14: =IF(FREQUENCY('Data Transformation'!$R$10,$C14),1,0) -> 1 | N14: =M14-M13 -> 0 | O14: =O13+1*N13 -> 1 | P14: =IF(O14=0,L14,0) -> 0 | W14: =IF(U14="",IF($B$1="yes",P14,P40),U14) -> 0
B15: =B14+'Data Transformation'!$R$25 -> #DIV/0! | C15: =IF(AND('Data Transformation'!$R$10>=Weighting!B15,'Data Transformation'!$R$10<Weighting!B16),B15+0.000001,B15) -> #DIV/0! | D15: =IF(FREQUENCY('Data Transformation'!$U$12,$C15),0,1) -> #NUM! | E15: =IF(FREQUENCY('Data Transformation'!$R$5,$C15),1,0) -> #NUM! | F15: =E15-E14 -> #NUM! | G15: =IF(FREQUENCY('Data Transformation'!$R$6,$C15),1,0) -> 1 | H15: =G15-G14 -> 0 | I15: =IF(E15=1,I14+1,F15) -> #NUM! | J15: =IF(I15=0,J22+1,I15) -> #NUM! | K15: =IF(G15=1,1,K16+1) -> 1 | L15: =IF(MIN(J15,K15)>3,3,MIN(J15,K15)) -> #NUM! | M15: =IF(FREQUENCY('Data Transformation'!$R$10,$C15),1,0) -> 1 | N15: =M15-M14 -> 0 | O15: =O14+1*N14 -> 1 | P15: =IF(O15=0,L15,0) -> 0 | W15: =IF(U15="",IF($B$1="yes",P15,P41),U15) -> 0
B16: =B15+'Data Transformation'!$R$25 -> #DIV/0! | C16: =IF(AND('Data Transformation'!$R$10>=Weighting!B16,'Data Transformation'!$R$10<Weighting!B17),B16+0.000001,B16) -> #DIV/0! | D16: =IF(FREQUENCY('Data Transformation'!$U$12,$C16),0,1) -> #NUM! | E16: =IF(FREQUENCY('Data Transformation'!$R$5,$C16),1,0) -> #NUM! | F16: =E16-E15 -> #NUM! | G16: =IF(FREQUENCY('Data Transformation'!$R$6,$C16),1,0) -> 1 | H16: =G16-G15 -> 0 | I16: =IF(E16=1,I15+1,F16) -> #NUM! | J16: =IF(I16=0,J23+1,I16) -> #NUM! | K16: =IF(G16=1,1,K17+1) -> 1 | L16: =IF(MIN(J16,K16)>3,3,MIN(J16,K16)) -> #NUM! | M16: =IF(FREQUENCY('Data Transformation'!$R$10,$C16),1,0) -> 1 | N16: =M16-M15 -> 0 | O16: =O15+1*N15 -> 1 | P16: =IF(O16=0,L16,0) -> 0 | W16: =IF(U16="",IF($B$1="yes",P16,P42),U16) -> 0
B17: =B16+'Data Transformation'!$R$25 -> #DIV/0! | C17: =IF(AND('Data Transformation'!$R$10>=Weighting!B17,'Data Transformation'!$R$10<Weighting!B18),B17+0.000001,B17) -> #DIV/0! | D17: =IF(FREQUENCY('Data Transformation'!$U$12,$C17),0,1) -> #NUM! | E17: =IF(FREQUENCY('Data Transformation'!$R$5,$C17),1,0) -> #NUM! | F17: =E17-E16 -> #NUM! | G17: =IF(FREQUENCY('Data Transformation'!$R$6,$C17),1,0) -> 1 | H17: =G17-G16 -> 0 | I17: =IF(E17=1,I16+1,F17) -> #NUM! | J17: =IF(I17=0,J24+1,I17) -> #NUM! | K17: =IF(G17=1,1,K18+1) -> 1 | L17: =IF(MIN(J17,K17)>3,3,MIN(J17,K17)) -> #NUM! | M17: =IF(FREQUENCY('Data Transformation'!$R$10,$C17),1,0) -> 1 | N17: =M17-M16 -> 0 | O17: =O16+1*N16 -> 1 | P17: =IF(O17=0,L17,0) -> 0 | W17: =IF(U17="",IF($B$1="yes",P17,P43),U17) -> 0
B18: =B17+'Data Transformation'!$R$25 -> #DIV/0! | C18: =IF(AND('Data Transformation'!$R$10>=Weighting!B18,'Data Transformation'!$R$10<Weighting!B19),B18+0.000001,B18) -> #DIV/0! | D18: =IF(FREQUENCY('Data Transformation'!$U$12,$C18),0,1) -> #NUM! | E18: =IF(FREQUENCY('Data Transformation'!$R$5,$C18),1,0) -> #NUM! | F18: =E18-E17 -> #NUM! | G18: =IF(FREQUENCY('Data Transformation'!$R$6,$C18),1,0) -> 1 | H18: =G18-G17 -> 0 | I18: =IF(E18=1,I17+1,F18) -> #NUM! | J18: =IF(I18=0,J25+1,I18) -> #NUM! | K18: =IF(G18=1,1,K19+1) -> 1 | L18: =IF(MIN(J18,K18)>3,3,MIN(J18,K18)) -> #NUM! | M18: =IF(FREQUENCY('Data Transformation'!$R$10,$C18),1,0) -> 1 | N18: =M18-M17 -> 0 | O18: =O17+1*N17 -> 1 | P18: =IF(O18=0,L18,0) -> 0 | W18: =IF(U18="",IF($B$1="yes",P18,P44),U18) -> 0
B19: =B18+'Data Transformation'!$R$25 -> #DIV/0! | C19: =IF(AND('Data Transformation'!$R$10>=Weighting!B19,'Data Transformation'!$R$10<Weighting!B20),B19+0.000001,B19) -> #DIV/0! | D19: =IF(FREQUENCY('Data Transformation'!$U$12,$C19),0,1) -> #NUM! | E19: =IF(FREQUENCY('Data Transformation'!$R$5,$C19),1,0) -> #NUM! | F19: =E19-E18 -> #NUM! | G19: =IF(FREQUENCY('Data Transformation'!$R$6,$C19),1,0) -> 1 | H19: =G19-G18 -> 0 | I19: =IF(E19=1,I18+1,F19) -> #NUM! | J19: =IF(I19=0,J26+1,I19) -> #NUM! | K19: =IF(G19=1,1,K20+1) -> 1 | L19: =IF(MIN(J19,K19)>3,3,MIN(J19,K19)) -> #NUM! | M19: =IF(FREQUENCY('Data Transformation'!$R$10,$C19),1,0) -> 1 | N19: =M19-M18 -> 0 | O19: =O18+1*N18 -> 1 | P19: =IF(O19=0,L19,0) -> 0 | W19: =IF(U19="",IF($B$1="yes",P19,P45),U19) -> 0
B20: =B19+'Data Transformation'!$R$25 -> #DIV/0! | C20: =IF(AND('Data Transformation'!$R$10>=Weighting!B20,'Data Transformation'!$R$10<Weighting!B21),B20+0.000001,B20) -> #DIV/0! | D20: =IF(FREQUENCY('Data Transformation'!$U$12,$C20),0,1) -> #NUM! | E20: =IF(FREQUENCY('Data Transformation'!$R$5,$C20),1,0) -> #NUM! | F20: =E20-E19 -> #NUM! | G20: =IF(FREQUENCY('Data Transformation'!$R$6,$C20),1,0) -> 1 | H20: =G20-G19 -> 0 | I20: =IF(E20=1,I19+1,F20) -> #NUM! | J20: =IF(I20=0,J27+1,I20) -> #NUM! | K20: =IF(G20=1,1,K21+1) -> 1 | L20: =IF(MIN(J20,K20)>3,3,MIN(J20,K20)) -> #NUM! | M20: =IF(FREQUENCY('Data Transformation'!$R$10,$C20),1,0) -> 1 | N20: =M20-M19 -> 0 | O20: =O19+1*N19 -> 1 | P20: =IF(O20=0,L20,0) -> 0 | W20: =IF(U20="",IF($B$1="yes",P20,P46),U20) -> 0
B21: =B20+'Data Transformation'!$R$25 -> #DIV/0! | C21: =IF(AND('Data Transformation'!$R$10>=Weighting!B21,'Data Transformation'!$R$10<Weighting!B22),B21+0.000001,B21) -> #DIV/0! | D21: =IF(FREQUENCY('Data Transformation'!$U$12,$C21),0,1) -> #NUM! | E21: =IF(FREQUENCY('Data Transformation'!$R$5,$C21),1,0) -> #NUM! | F21: =E21-E20 -> #NUM! | G21: =IF(FREQUENCY('Data Transformation'!$R$6,$C21),1,0) -> 1 | H21: =G21-G20 -> 0 | I21: =IF(E21=1,I20+1,F21) -> #NUM! | J21: =IF(I21=0,J28+1,I21) -> #NUM! | K21: =IF(G21=1,1,K22+1) -> 1 | L21: =IF(MIN(J21,K21)>3,3,MIN(J21,K21)) -> #NUM! | M21: =IF(FREQUENCY('Data Transformation'!$R$10,$C21),1,0) -> 1 | N21: =M21-M20 -> 0 | O21: =O20+1*N20 -> 1 | P21: =IF(O21=0,L21,0) -> 0 | W21: =IF(U21="",IF($B$1="yes",P21,P47),U21) -> 0
B22: =B21+'Data Transformation'!$R$25 -> #DIV/0! | C22: =IF(AND('Data Transformation'!$R$10>=Weighting!B22,'Data Transformation'!$R$10<Weighting!B23),B22+0.000001,B22) -> #DIV/0! | D22: =IF(FREQUENCY('Data Transformation'!$U$12,$C22),0,1) -> #NUM! | E22: =IF(FREQUENCY('Data Transformation'!$R$5,$C22),1,0) -> #NUM! | F22: =E22-E21 -> #NUM! | G22: =IF(FREQUENCY('Data Transformation'!$R$6,$C22),1,0) -> 1 | H22: =G22-G21 -> 0 | I22: =IF(E22=1,I21+1,F22) -> #NUM! | J22: =IF(I22=0,J29+1,I22) -> #NUM! | K22: =IF(G22=1,1,K23+1) -> 1 | L22: =IF(MIN(J22,K22)>3,3,MIN(J22,K22)) -> #NUM! | M22: =IF(FREQUENCY('Data Transformation'!$R$10,$C22),1,0) -> 1 | N22: =M22-M21 -> 0 | O22: =O21+1*N21 -> 1 | P22: =IF(O22=0,L22,0) -> 0 | W22: =IF(U22="",IF($B$1="yes",P22,P48),U22) -> 0
B23: =B22+'Data Transformation'!$R$25 -> #DIV/0! | C23: =IF(AND('Data Transformation'!$R$10>=Weighting!B23,'Data Transformation'!$R$10<Weighting!B24),B23+0.000001,B23) -> #DIV/0! | D23: =IF(FREQUENCY('Data Transformation'!$U$12,$C23),0,1) -> #NUM! | E23: =IF(FREQUENCY('Data Transformation'!$R$5,$C23),1,0) -> #NUM! | F23: =E23-E22 -> #NUM! | G23: =IF(FREQUENCY('Data Transformation'!$R$6,$C23),1,0) -> 1 | H23: =G23-G22 -> 0 | I23: =IF(E23=1,I22+1,F23) -> #NUM! | J23: =IF(I23=0,J30+1,I23) -> #NUM! | K23: =IF(G23=1,1,K24+1) -> 1 | L23: =IF(MIN(J23,K23)>3,3,MIN(J23,K23)) -> #NUM! | M23: =IF(FREQUENCY('Data Transformation'!$R$10,$C23),1,0) -> 1 | N23: =M23-M22 -> 0 | O23: =O22+1*N22 -> 1 | P23: =IF(O23=0,L23,0) -> 0 | W23: =IF(U23="",IF($B$1="yes",P23,P49),U23) -> 0
B24: =B23+'Data Transformation'!$R$25 -> #DIV/0! | C24: =IF(AND('Data Transformation'!$R$10>=Weighting!B24,'Data Transformation'!$R$10<Weighting!B25),B24+0.000001,B24) -> #DIV/0! | D24: =IF(FREQUENCY('Data Transformation'!$U$12,$C24),0,1) -> #NUM! | E24: =IF(FREQUENCY('Data Transformation'!$R$5,$C24),1,0) -> #NUM! | F24: =E24-E23 -> #NUM! | G24: =IF(FREQUENCY('Data Transformation'!$R$6,$C24),1,0) -> 1 | H24: =G24-G23 -> 0 | I24: =IF(E24=1,I23+1,F24) -> #NUM! | J24: =IF(I24=0,J31+1,I24) -> #NUM! | K24: =IF(G24=1,1,K25+1) -> 1 | L24: =IF(MIN(J24,K24)>3,3,MIN(J24,K24)) -> #NUM! | M24: =IF(FREQUENCY('Data Transformation'!$R$10,$C24),1,0) -> 1 | N24: =M24-M23 -> 0 | O24: =O23+1*N23 -> 1 | P24: =IF(O24=0,L24,0) -> 0 | W24: =IF(U24="",IF($B$1="yes",P24,P50),U24) -> 0
B25: =B24+'Data Transformation'!$R$25 -> #DIV/0! | C25: =IF(AND('Data Transformation'!$R$10>=Weighting!B25,'Data Transformation'!$R$10<Weighting!B26),B25+0.000001,B25) -> #DIV/0! | D25: =IF(FREQUENCY('Data Transformation'!$U$12,$C25),0,1) -> #NUM! | E25: =IF(FREQUENCY('Data Transformation'!$R$5,$C25),1,0) -> #NUM! | F25: =E25-E24 -> #NUM! | G25: =IF(FREQUENCY('Data Transformation'!$R$6,$C25),1,0) -> 1 | H25: =G25-G24 -> 0 | I25: =IF(E25=1,I24+1,F25) -> #NUM! | J25: =IF(I25=0,#REF!+1,I25) -> #NUM! | K25: =IF(G25=1,1,K26+1) -> 1 | L25: =IF(MIN(J25,K25)>3,3,MIN(J25,K25)) -> #NUM! | M25: =IF(FREQUENCY('Data Transformation'!$R$10,$C25),1,0) -> 1 | N25: =M25-M24 -> 0 | O25: =O24+1*N24 -> 1 | P25: =IF(O25=0,L25,0) -> 0 | W25: =IF(U25="",IF($B$1="yes",P25,P51),U25) -> 0
B26: =B25+'Data Transformation'!$R$25 -> #DIV/0! | C26: =IF(AND('Data Transformation'!$R$10>=Weighting!B26,'Data Transformation'!$R$10<Weighting!B27),B26+0.000001,B26) -> #DIV/0!
A28: Dead protein values are small
D29: Enhancing | E29: WT bin | G29: Dead bin | I29: Bin weight determination | M29: Determining Bin range | P29: Bin Weights
A30: # of bins | B30: ='Data Transformation'!$R$24 -> #DIV/0! | D30: freq | E30: freq | F30: binned | G30: freq | H30: binned | I30: up weights | J30: down weights | K30: down wt | L30: all bin weights | M30: freq | N30: binned | O30: extra bins
A31: minimum | B31: =C5 -> #DIV/0!
B32: =C6 -> #DIV/0! | D32: =IF(FREQUENCY('Data Transformation'!$U$11,$B32),1,0) -> #NUM! | E32: =IF(FREQUENCY('Data Transformation'!$R$5,$B32),1,0) -> #NUM! | F32: =E32-E31 -> #NUM! | G32: =IF(FREQUENCY('Data Transformation'!$R$6,$B32),1,0) -> 1 | H32: =G32-G31 -> 1 | I32: =IF(G32=1,I31+1,H32) -> 1 | J32: =IF(E32=1,1,J33+1) -> #NUM! | K32: =IF(J31=1,K31+1,J32) -> #NUM! | L32: =IF(MIN(K32,I32)>3,3,MIN(K32,I32)) -> #NUM! | M32: =IF(FREQUENCY('Data Transformation'!$R$10,$B32),1,0) -> 1 | N32: =M32-M31 -> 1 | O32: =O31+1*N31 -> 0 | P32: =IF(O32=0,L32,0) -> #NUM!
B33: =C7 -> #DIV/0! | D33: =IF(FREQUENCY('Data Transformation'!$U$11,$B33),1,0) -> #NUM! | E33: =IF(FREQUENCY('Data Transformation'!$R$5,$B33),1,0) -> #NUM! | F33: =E33-E32 -> #NUM! | G33: =IF(FREQUENCY('Data Transformation'!$R$6,$B33),1,0) -> 1 | H33: =G33-G32 -> 0 | I33: =IF(G33=1,I32+1,H33) -> 2 | J33: =IF(E33=1,1,J34+1) -> #NUM! | K33: =IF(J32=1,K32+1,J33) -> #NUM! | L33: =IF(MIN(K33,I33)>3,3,MIN(K33,I33)) -> #NUM! | M33: =IF(FREQUENCY('Data Transformation'!$R$10,$B33),1,0) -> 1 | N33: =M33-M32 -> 0 | O33: =O32+1*N32 -> 1 | P33: =IF(O33=0,L33,0) -> 0
B34: =C8 -> #DIV/0! | D34: =IF(FREQUENCY('Data Transformation'!$U$11,$B34),1,0) -> #NUM! | E34: =IF(FREQUENCY('Data Transformation'!$R$5,$B34),1,0) -> #NUM! | F34: =E34-E33 -> #NUM! | G34: =IF(FREQUENCY('Data Transformation'!$R$6,$B34),1,0) -> 1 | H34: =G34-G33 -> 0 | I34: =IF(G34=1,I33+1,H34) -> 3 | J34: =IF(E34=1,1,J35+1) -> #NUM! | K34: =IF(J33=1,K33+1,J34) -> #NUM! | L34: =IF(MIN(K34,I34)>3,3,MIN(K34,I34)) -> #NUM! | M34: =IF(FREQUENCY('Data Transformation'!$R$10,$B34),1,0) -> 1 | N34: =M34-M33 -> 0 | O34: =O33+1*N33 -> 1 | P34: =IF(O34=0,L34,0) -> 0
B35: =C9 -> #DIV/0! | D35: =IF(FREQUENCY('Data Transformation'!$U$11,$B35),1,0) -> #NUM! | E35: =IF(FREQUENCY('Data Transformation'!$R$5,$B35),1,0) -> #NUM! | F35: =E35-E34 -> #NUM! | G35: =IF(FREQUENCY('Data Transformation'!$R$6,$B35),1,0) -> 1 | H35: =G35-G34 -> 0 | I35: =IF(G35=1,I34+1,H35) -> 4 | J35: =IF(E35=1,1,J36+1) -> #NUM! | K35: =IF(J34=1,K34+1,J35) -> #NUM! | L35: =IF(MIN(K35,I35)>3,3,MIN(K35,I35)) -> #NUM! | M35: =IF(FREQUENCY('Data Transformation'!$R$10,$B35),1,0) -> 1 | N35: =M35-M34 -> 0 | O35: =O34+1*N34 -> 1 | P35: =IF(O35=0,L35,0) -> 0
B36: =C10 -> #DIV/0! | D36: =IF(FREQUENCY('Data Transformation'!$U$11,$B36),1,0) -> #NUM! | E36: =IF(FREQUENCY('Data Transformation'!$R$5,$B36),1,0) -> #NUM! | F36: =E36-E35 -> #NUM! | G36: =IF(FREQUENCY('Data Transformation'!$R$6,$B36),1,0) -> 1 | H36: =G36-G35 -> 0 | I36: =IF(G36=1,I35+1,H36) -> 5 | J36: =IF(E36=1,1,J37+1) -> #NUM! | K36: =IF(J35=1,K35+1,J36) -> #NUM! | L36: =IF(MIN(K36,I36)>3,3,MIN(K36,I36)) -> #NUM! | M36: =IF(FREQUENCY('Data Transformation'!$R$10,$B36),1,0) -> 1 | N36: =M36-M35 -> 0 | O36: =O35+1*N35 -> 1 | P36: =IF(O36=0,L36,0) -> 0
B37: =C11 -> #DIV/0! | D37: =IF(FREQUENCY('Data Transformation'!$U$11,$B37),1,0) -> #NUM! | E37: =IF(FREQUENCY('Data Transformation'!$R$5,$B37),1,0) -> #NUM! | F37: =E37-E36 -> #NUM! | G37: =IF(FREQUENCY('Data Transformation'!$R$6,$B37),1,0) -> 1 | H37: =G37-G36 -> 0 | I37: =IF(G37=1,I36+1,H37) -> 6 | J37: =IF(E37=1,1,J38+1) -> #NUM! | K37: =IF(J36=1,K36+1,J37) -> #NUM! | L37: =IF(MIN(K37,I37)>3,3,MIN(K37,I37)) -> #NUM! | M37: =IF(FREQUENCY('Data Transformation'!$R$10,$B37),1,0) -> 1 | N37: =M37-M36 -> 0 | O37: =O36+1*N36 -> 1 | P37: =IF(O37=0,L37,0) -> 0
B38: =C12 -> #DIV/0! | D38: =IF(FREQUENCY('Data Transformation'!$U$11,$B38),1,0) -> #NUM! | E38: =IF(FREQUENCY('Data Transformation'!$R$5,$B38),1,0) -> #NUM! | F38: =E38-E37 -> #NUM! | G38: =IF(FREQUENCY('Data Transformation'!$R$6,$B38),1,0) -> 1 | H38: =G38-G37 -> 0 | I38: =IF(G38=1,I37+1,H38) -> 7 | J38: =IF(E38=1,1,J39+1) -> #NUM! | K38: =IF(J37=1,K37+1,J38) -> #NUM! | L38: =IF(MIN(K38,I38)>3,3,MIN(K38,I38)) -> #NUM! | M38: =IF(FREQUENCY('Data Transformation'!$R$10,$B38),1,0) -> 1 | N38: =M38-M37 -> 0 | O38: =O37+1*N37 -> 1 | P38: =IF(O38=0,L38,0) -> 0
B39: =C13 -> #DIV/0! | D39: =IF(FREQUENCY('Data Transformation'!$U$11,$B39),1,0) -> #NUM! | E39: =IF(FREQUENCY('Data Transformation'!$R$5,$B39),1,0) -> #NUM! | F39: =E39-E38 -> #NUM! | G39: =IF(FREQUENCY('Data Transformation'!$R$6,$B39),1,0) -> 1 | H39: =G39-G38 -> 0 | I39: =IF(G39=1,I38+1,H39) -> 8 | J39: =IF(E39=1,1,J40+1) -> #NUM! | K39: =IF(J38=1,K38+1,J39) -> #NUM! | L39: =IF(MIN(K39,I39)>3,3,MIN(K39,I39)) -> #NUM! | M39: =IF(FREQUENCY('Data Transformation'!$R$10,$B39),1,0) -> 1 | N39: =M39-M38 -> 0 | O39: =O38+1*N38 -> 1 | P39: =IF(O39=0,L39,0) -> 0
B40: =C14 -> #DIV/0! | D40: =IF(FREQUENCY('Data Transformation'!$U$11,$B40),1,0) -> #NUM! | E40: =IF(FREQUENCY('Data Transformation'!$R$5,$B40),1,0) -> #NUM! | F40: =E40-E39 -> #NUM! | G40: =IF(FREQUENCY('Data Transformation'!$R$6,$B40),1,0) -> 1 | H40: =G40-G39 -> 0 | I40: =IF(G40=1,I39+1,H40) -> 9 | J40: =IF(E40=1,1,J41+1) -> #NUM! | K40: =IF(J39=1,K39+1,J40) -> #NUM! | L40: =IF(MIN(K40,I40)>3,3,MIN(K40,I40)) -> #NUM! | M40: =IF(FREQUENCY('Data Transformation'!$R$10,$B40),1,0) -> 1 | N40: =M40-M39 -> 0 | O40: =O39+1*N39 -> 1 | P40: =IF(O40=0,L40,0) -> 0
B41: =C15 -> #DIV/0! | D41: =IF(FREQUENCY('Data Transformation'!$U$11,$B41),1,0) -> #NUM! | E41: =IF(FREQUENCY('Data Transformation'!$R$5,$B41),1,0) -> #NUM! | F41: =E41-E40 -> #NUM! | G41: =IF(FREQUENCY('Data Transformation'!$R$6,$B41),1,0) -> 1 | H41: =G41-G40 -> 0 | I41: =IF(G41=1,I40+1,H41) -> 10 | J41: =IF(E41=1,1,J42+1) -> #NUM! | K41: =IF(J40=1,K40+1,J41) -> #NUM! | L41: =IF(MIN(K41,I41)>3,3,MIN(K41,I41)) -> #NUM! | M41: =IF(FREQUENCY('Data Transformation'!$R$10,$B41),1,0) -> 1 | N41: =M41-M40 -> 0 | O41: =O40+1*N40 -> 1 | P41: =IF(O41=0,L41,0) -> 0
B42: =C16 -> #DIV/0! | D42: =IF(FREQUENCY('Data Transformation'!$U$11,$B42),1,0) -> #NUM! | E42: =IF(FREQUENCY('Data Transformation'!$R$5,$B42),1,0) -> #NUM! | F42: =E42-E41 -> #NUM! | G42: =IF(FREQUENCY('Data Transformation'!$R$6,$B42),1,0) -> 1 | H42: =G42-G41 -> 0 | I42: =IF(G42=1,I41+1,H42) -> 11 | J42: =IF(E42=1,1,J43+1) -> #NUM! | K42: =IF(J41=1,K41+1,J42) -> #NUM! | L42: =IF(MIN(K42,I42)>3,3,MIN(K42,I42)) -> #NUM! | M42: =IF(FREQUENCY('Data Transformation'!$R$10,$B42),1,0) -> 1 | N42: =M42-M41 -> 0 | O42: =O41+1*N41 -> 1 | P42: =IF(O42=0,L42,0) -> 0
B43: =C17 -> #DIV/0! | D43: =IF(FREQUENCY('Data Transformation'!$U$11,$B43),1,0) -> #NUM! | E43: =IF(FREQUENCY('Data Transformation'!$R$5,$B43),1,0) -> #NUM! | F43: =E43-E42 -> #NUM! | G43: =IF(FREQUENCY('Data Transformation'!$R$6,$B43),1,0) -> 1 | H43: =G43-G42 -> 0 | I43: =IF(G43=1,I42+1,H43) -> 12 | J43: =IF(E43=1,1,J44+1) -> #NUM! | K43: =IF(J42=1,K42+1,J43) -> #NUM! | L43: =IF(MIN(K43,I43)>3,3,MIN(K43,I43)) -> #NUM! | M43: =IF(FREQUENCY('Data Transformation'!$R$10,$B43),1,0) -> 1 | N43: =M43-M42 -> 0 | O43: =O42+1*N42 -> 1 | P43: =IF(O43=0,L43,0) -> 0
... B50: =C24 -> #DIV/0! | D50: =IF(FREQUENCY('Data Transformation'!$U$11,$B50),1,0) -> #NUM! | E50: =IF(FREQUENCY('Data Transformation'!$R$5,$B50),1,0) -> #NUM! | F50: =E50-E49 -> #NUM! | G50: =IF(FREQUENCY('Data Transformation'!$R$6,$B50),1,0) -> 1 | H50: =G50-G49 -> 0 | I50: =IF(G50=1,I49+1,H50) -> 19 | J50: =IF(E50=1,1,J51+1) -> #NUM! | K50: =IF(J49=1,K49+1,J50) -> #NUM! | L50: =IF(MIN(K50,I50)>3,3,MIN(K50,I50)) -> #NUM! | M50: =IF(FREQUENCY('Data Transformation'!$R$10,$B50),1,0) -> 1 | N50: =M50-M49 -> 0 | O50: =O49+1*N49 -> 1 | P50: =IF(O50=0,L50,0) -> 0
B51: =C25 -> #DIV/0! | D51: =IF(FREQUENCY('Data Transformation'!$U$11,$B51),1,0) -> #NUM! | E51: =IF(FREQUENCY('Data Transformation'!$R$5,$B51),1,0) -> #NUM! | F51: =E51-E50 -> #NUM! | G51: =IF(FREQUENCY('Data Transformation'!$R$6,$B51),1,0) -> 1 | H51: =G51-G50 -> 0 | I51: =IF(G51=1,I50+1,H51) -> 20 | J51: =IF(E51=1,1,K52+1) -> #NUM! | K51: =IF(J50=1,K50+1,J51) -> #NUM! | L51: =IF(MIN(K51,I51)>3,3,MIN(K51,I51)) -> #NUM! | M51: =IF(FREQUENCY('Data Transformation'!$R$10,$B51),1,0) -> 1 | N51: =M51-M50 -> 0 | O51: =O50+1*N50 -> 1 | P51: =IF(O51=0,L51,0) -> 0

Sheet Assignments
A1: Assignments are being made here
N2: Order of precedence
B3: {='Input and Summary Results'!L4:S356} -> 0 | C3: 0 | D3: Scores | E3: 0 | F3: 0 | G3: 0 | H3: 0 | I3: 0 | N3: 1 | O3: 4 | P3: 2 | Q3: 4 | R3: 1 | S3: 1 | T3: 3
B4: Position | C4: # of variants | D4: Enhancing | E4: Neutral | F4: Unweighted rheostat | G4: Weighted rheostat | H4: Toggle | I4: Binary | K4: Average | L4: Standard Deviation | N4: Neutral | O4: Moderate | P4: Rheostat | Q4: Adverse | R4: Toggle | S4: Enhancing | T4: WT/Inactive | V4: Assignments | W4: Double Counted | X4: Enhancing and Rheostat | Z4: Assignments | AA4: Count
B5: all | C5: FALSE | D5: 0 | E5: #N/A | F5: #N/A | G5: #N/A | H5: #N/A | I5: #N/A | K5: =IFERROR(AVERAGEIF('Data Transformation'!$B$425:$B$8425,">=0",IF('Input and Summary Results'!$J$4="no",'Data Transformation'!$C$425:$C$8425,'Data Transformation'!$E$425:$E$8425)),"") | L5: {=IFERROR(_xlfn.STDEV.S(IF('Data Transformation'!$B$425:$B$8425>=0,IF('Input and Summary Results'!$J$4="no",'Data Transformation'!$C$425:$C$8425,'Data Transformation'!$E$425:$E$8425),"")),"")} -> 0 | Z5: Neutral | AA5: =COUNTIF(V:V,Z5) -> 0 | AC5: Poss. WT/Inactive | AD5: Poss Adverse or Moderate
K6: =IFERROR(AVERAGEIF('Data Transformation'!$B$425:$B$8425,B6,IF('Input and Summary Results'!$J$4="no",'Data Transformation'!$C$425:$C$8425,'Data Transformation'!$E$425:$E$8425)),"") | L6: {=IFERROR(_xlfn.STDEV.S(IF('Data Transformation'!$B$425:$B$8425=B6,IF('Input and Summary Results'!$J$4="no",'Data Transformation'!$C$425:$C$8425,'Data Transformation'!$E$425:$E$8425),"")),"")} | N6: =IF(E6>='Data Transformation'!$R$29,B6,"") | O6: =IFERROR(IF(AND(Assignments!L6<('Data Transformation'!$R$4-'Data Transformation'!$R$3)/2,ABS(K6-'Data Transformation'!$R$6)>ABS(K6-'Data Transformation'!$R$5),NOT(ISNUMBER(N6)),NOT(ISNUMBER(R6)),NOT(ISNUMBER(P6)),NOT(ISNUMBER(R6)),NOT(ISNUMBER(S6)),NOT(ISNUMBER(T6))),Assignments!B6,""),"") | P6: =IF(AND(NOT(ISNUMBER(N6)),NOT(ISNUMBER(R6)),NOT(ISNUMBER(S6)),G6>='Data Transformation'!$R$28),B6,"") | Q6: =IFERROR(IF(AND(Assignments!L6<('Data Transformation'!$R$4-'Data Transformation'!$R$3)/2,ABS(K6-'Data Transformation'!$R$6)<ABS(K6-'Data Transformation'!$R$5),NOT(ISNUMBER(N6)),NOT(ISNUMBER(T6)),NOT(ISNUMBER(P6)),NOT(ISNUMBER(R6)),NOT(ISNUMBER(T6)),NOT(ISNUMBER(S6))),Assignments!B6,""),"") | R6: =IF(H6>='Data Transformation'!$R$30,B6,"") | S6: =IF(D6>='Data Transformation'!$R$31,B6,"") | T6: =IF(AND(H6<'Data Transformation'!$R$30,E6<'Data Transformation'!$R$29,G6<0.3,D6<'Data Transformation'!$R$31,E6>0.4,H6>0.4),B6,"") | V6: {=IF(C6=FALSE,"",IF(AND(ISNUMBER(B6),ISBLANK(N6:T6)),"Unclassified",(IF(COUNT(N6:T6)=0,"",INDEX($N$4:$T$4,MATCH(TRUE,N6:T6=B6,0))))))} | W6: =IF(COUNT(N6:T6)>1,"True","") | X6: =IF(AND(D6>0.8,G6>0.5,ISNUMBER(B6)),"True","") | Z6: Moderate | AA6: =COUNTIF(V:V,Z6) -> 0 | AC6: =IF(AND(H6>0.35,G6<0.35,E6>0.35,T6="",R6="",P6="",N6="",S6=""),TRUE,FALSE) -> FALSE | AD6: =IFERROR(ABS(ABS(K6-'Data Transformation'!$R$5)-ABS(K6-'Data Transformation'!$R$6)),"") | AE6: =IF(C6=FALSE,"",IF(AND(OR(V6=$Z$6,V6=$Z$8),OR(AC6=TRUE,AD6<=IF(ISNUMBER('Data Transformation'!$R$15),'Data Transformation'!$R$15,'Data Transformation'!$R$25))),TRUE,FALSE)) -> #DIV/0!
K7: =IFERROR(AVERAGEIF('Data Transformation'!$B$425:$B$8425,B7,IF('Input and Summary Results'!$J$4="no",'Data Transformation'!$C$425:$C$8425,'Data Transformation'!$E$425:$E$8425)),"") | L7: {=IFERROR(_xlfn.STDEV.S(IF('Data Transformation'!$B$425:$B$8425=B7,IF('Input and Summary Results'!$J$4="no",'Data Transformation'!$C$425:$C$8425,'Data Transformation'!$E$425:$E$8425),"")),"")} | N7: =IF(E7>='Data Transformation'!$R$29,B7,"") | O7: =IFERROR(IF(AND(Assignments!L7<('Data Transformation'!$R$4-'Data Transformation'!$R$3)/2,ABS(K7-'Data Transformation'!$R$6)>ABS(K7-'Data Transformation'!$R$5),NOT(ISNUMBER(N7)),NOT(ISNUMBER(R7)),NOT(ISNUMBER(P7)),NOT(ISNUMBER(R7)),NOT(ISNUMBER(S7)),NOT(ISNUMBER(T7))),Assignments!B7,""),"") | P7: =IF(AND(NOT(ISNUMBER(N7)),NOT(ISNUMBER(R7)),NOT(ISNUMBER(S7)),G7>='Data Transformation'!$R$28),B7,"") | Q7: =IFERROR(IF(AND(Assignments!L7<('Data Transformation'!$R$4-'Data Transformation'!$R$3)/2,ABS(K7-'Data Transformation'!$R$6)<ABS(K7-'Data Transformation'!$R$5),NOT(ISNUMBER(N7)),NOT(ISNUMBER(T7)),NOT(ISNUMBER(P7)),NOT(ISNUMBER(R7)),NOT(ISNUMBER(T7)),NOT(ISNUMBER(S7))),Assignments!B7,""),"") | R7: =IF(H7>='Data Transformation'!$R$30,B7,"") | S7: =IF(D7>='Data Transformation'!$R$31,B7,"") | T7: =IF(AND(H7<'Data Transformation'!$R$30,E7<'Data Transformation'!$R$29,G7<0.3,D7<'Data Transformation'!$R$31,E7>0.4,H7>0.4),B7,"") | V7: {=IF(C7=FALSE,"",IF(AND(ISNUMBER(B7),ISBLANK(N7:T7)),"Unclassified",(IF(COUNT(N7:T7)=0,"",INDEX($N$4:$T$4,MATCH(TRUE,N7:T7=B7,0))))))} | W7: =IF(COUNT(N7:T7)>1,"True","") | X7: =IF(AND(D7>0.8,G7>0.5,ISNUMBER(B7)),"True","") | Z7: Rheostat | AA7: =COUNTIF(V:V,Z7) -> 0 | AC7: =IF(AND(H7>0.35,G7<0.35,E7>0.35,T7="",R7="",P7="",N7="",S7=""),TRUE,FALSE) -> FALSE | AD7: =IFERROR(ABS(ABS(K7-'Data Transformation'!$R$5)-ABS(K7-'Data Transformation'!$R$6)),"") | AE7: =IF(C7=FALSE,"",IF(AND(OR(V7=$Z$6,V7=$Z$8),OR(AC7=TRUE,AD7<=IF(ISNUMBER('Data Transformation'!$R$15),'Data Transformation'!$R$15,'Data Transformation'!$R$25))),TRUE,FALSE)) -> #DIV/0!
K8: =IFERROR(AVERAGEIF('Data Transformation'!$B$425:$B$8425,B8,IF('Input and Summary Results'!$J$4="no",'Data Transformation'!$C$425:$C$8425,'Data Transformation'!$E$425:$E$8425)),"") | L8: {=IFERROR(_xlfn.STDEV.S(IF('Data Transformation'!$B$425:$B$8425=B8,IF('Input and Summary Results'!$J$4="no",'Data Transformation'!$C$425:$C$8425,'Data Transformation'!$E$425:$E$8425),"")),"")} | N8: =IF(E8>='Data Transformation'!$R$29,B8,"") | O8: =IFERROR(IF(AND(Assignments!L8<('Data Transformation'!$R$4-'Data Transformation'!$R$3)/2,ABS(K8-'Data Transformation'!$R$6)>ABS(K8-'Data Transformation'!$R$5),NOT(ISNUMBER(N8)),NOT(ISNUMBER(R8)),NOT(ISNUMBER(P8)),NOT(ISNUMBER(R8)),NOT(ISNUMBER(S8)),NOT(ISNUMBER(T8))),Assignments!B8,""),"") | P8: =IF(AND(NOT(ISNUMBER(N8)),NOT(ISNUMBER(R8)),NOT(ISNUMBER(S8)),G8>='Data Transformation'!$R$28),B8,"") | Q8: =IFERROR(IF(AND(Assignments!L8<('Data Transformation'!$R$4-'Data Transformation'!$R$3)/2,ABS(K8-'Data Transformation'!$R$6)<ABS(K8-'Data Transformation'!$R$5),NOT(ISNUMBER(N8)),NOT(ISNUMBER(T8)),NOT(ISNUMBER(P8)),NOT(ISNUMBER(R8)),NOT(ISNUMBER(T8)),NOT(ISNUMBER(S8))),Assignments!B8,""),"") | R8: =IF(H8>='Data Transformation'!$R$30,B8,"") | S8: =IF(D8>='Data Transformation'!$R$31,B8,"") | T8: =IF(AND(H8<'Data Transformation'!$R$30,E8<'Data Transformation'!$R$29,G8<0.3,D8<'Data Transformation'!$R$31,E8>0.4,H8>0.4),B8,"") | V8: {=IF(C8=FALSE,"",IF(AND(ISNUMBER(B8),ISBLANK(N8:T8)),"Unclassified",(IF(COUNT(N8:T8)=0,"",INDEX($N$4:$T$4,MATCH(TRUE,N8:T8=B8,0))))))} | W8: =IF(COUNT(N8:T8)>1,"True","") | X8: =IF(AND(D8>0.8,G8>0.5,ISNUMBER(B8)),"True","") | Z8: Adverse | AA8: =COUNTIF(V:V,Z8) -> 0 | AC8: =IF(AND(H8>0.35,G8<0.35,E8>0.35,T8="",R8="",P8="",N8="",S8=""),TRUE,FALSE) -> FALSE | AD8: =IFERROR(ABS(ABS(K8-'Data Transformation'!$R$5)-ABS(K8-'Data Transformation'!$R$6)),"") | AE8: =IF(C8=FALSE,"",IF(AND(OR(V8=$Z$6,V8=$Z$8),OR(AC8=TRUE,AD8<=IF(ISNUMBER('Data Transformation'!$R$15),'Data Transformation'!$R$15,'Data Transformation'!$R$25))),TRUE,FALSE)) -> #DIV/0!
K9: =IFERROR(AVERAGEIF('Data Transformation'!$B$425:$B$8425,B9,IF('Input and Summary Results'!$J$4="no",'Data Transformation'!$C$425:$C$8425,'Data Transformation'!$E$425:$E$8425)),"") | L9: {=IFERROR(_xlfn.STDEV.S(IF('Data Transformation'!$B$425:$B$8425=B9,IF('Input and Summary Results'!$J$4="no",'Data Transformation'!$C$425:$C$8425,'Data Transformation'!$E$425:$E$8425),"")),"")} | N9: =IF(E9>='Data Transformation'!$R$29,B9,"") | O9: =IFERROR(IF(AND(Assignments!L9<('Data Transformation'!$R$4-'Data Transformation'!$R$3)/2,ABS(K9-'Data Transformation'!$R$6)>ABS(K9-'Data Transformation'!$R$5),NOT(ISNUMBER(N9)),NOT(ISNUMBER(R9)),NOT(ISNUMBER(P9)),NOT(ISNUMBER(R9)),NOT(ISNUMBER(S9)),NOT(ISNUMBER(T9))),Assignments!B9,""),"") | P9: =IF(AND(NOT(ISNUMBER(N9)),NOT(ISNUMBER(R9)),NOT(ISNUMBER(S9)),G9>='Data Transformation'!$R$28),B9,"") | Q9: =IFERROR(IF(AND(Assignments!L9<('Data Transformation'!$R$4-'Data Transformation'!$R$3)/2,ABS(K9-'Data Transformation'!$R$6)<ABS(K9-'Data Transformation'!$R$5),NOT(ISNUMBER(N9)),NOT(ISNUMBER(T9)),NOT(ISNUMBER(P9)),NOT(ISNUMBER(R9)),NOT(ISNUMBER(T9)),NOT(ISNUMBER(S9))),Assignments!B9,""),"") | R9: =IF(H9>='Data Transformation'!$R$30,B9,"") | S9: =IF(D9>='Data Transformation'!$R$31,B9,"") | T9: =IF(AND(H9<'Data Transformation'!$R$30,E9<'Data Transformation'!$R$29,G9<0.3,D9<'Data Transformation'!$R$31,E9>0.4,H9>0.4),B9,"") | V9: {=IF(C9=FALSE,"",IF(AND(ISNUMBER(B9),ISBLANK(N9:T9)),"Unclassified",(IF(COUNT(N9:T9)=0,"",INDEX($N$4:$T$4,MATCH(TRUE,N9:T9=B9,0))))))} | W9: =IF(COUNT(N9:T9)>1,"True","") | X9: =IF(AND(D9>0.8,G9>0.5,ISNUMBER(B9)),"True","") | Z9: Toggle | AA9: =COUNTIF(V:V,Z9) -> 0 | AC9: =IF(AND(H9>0.35,G9<0.35,E9>0.35,T9="",R9="",P9="",N9="",S9=""),TRUE,FALSE) -> FALSE | AD9: =IFERROR(ABS(ABS(K9-'Data Transformation'!$R$5)-ABS(K9-'Data Transformation'!$R$6)),"") | AE9: =IF(C9=FALSE,"",IF(AND(OR(V9=$Z$6,V9=$Z$8),OR(AC9=TRUE,AD9<=IF(ISNUMBER('Data Transformation'!$R$15),'Data Transformation'!$R$15,'Data Transformation'!$R$25))),TRUE,FALSE)) -> #DIV/0!
K10: =IFERROR(AVERAGEIF('Data Transformation'!$B$425:$B$8425,B10,IF('Input and Summary Results'!$J$4="no",'Data Transformation'!$C$425:$C$8425,'Data Transformation'!$E$425:$E$8425)),"") | L10: {=IFERROR(_xlfn.STDEV.S(IF('Data Transformation'!$B$425:$B$8425=B10,IF('Input and Summary Results'!$J$4="no",'Data Transformation'!$C$425:$C$8425,'Data Transformation'!$E$425:$E$8425),"")),"")} | N10: =IF(E10>='Data Transformation'!$R$29,B10,"") | O10: =IFERROR(IF(AND(Assignments!L10<('Data Transformation'!$R$4-'Data Transformation'!$R$3)/2,ABS(K10-'Data Transformation'!$R$6)>ABS(K10-'Data Transformation'!$R$5),NOT(ISNUMBER(N10)),NOT(ISNUMBER(R10)),NOT(ISNUMBER(P10)),NOT(ISNUMBER(R10)),NOT(ISNUMBER(S10)),NOT(ISNUMBER(T10))),Assignments!B10,""),"") | P10: =IF(AND(NOT(ISNUMBER(N10)),NOT(ISNUMBER(R10)),NOT(ISNUMBER(S10)),G10>='Data Transformation'!$R$28),B10,"") | Q10: =IFERROR(IF(AND(Assignments!L10<('Data Transformation'!$R$4-'Data Transformation'!$R$3)/2,ABS(K10-'Data Transformation'!$R$6)<ABS(K10-'Data Transformation'!$R$5),NOT(ISNUMBER(N10)),NOT(ISNUMBER(T10)),NOT(ISNUMBER(P10)),NOT(ISNUMBER(R10)),NOT(ISNUMBER(T10)),NOT(ISNUMBER(S10))),Assignments!B10,""),"") | R10: =IF(H10>='Data Transformation'!$R$30,B10,"") | S10: =IF(D10>='Data Transformation'!$R$31,B10,"") | T10: =IF(AND(H10<'Data Transformation'!$R$30,E10<'Data Transformation'!$R$29,G10<0.3,D10<'Data Transformation'!$R$31,E10>0.4,H10>0.4),B10,"") | V10: {=IF(C10=FALSE,"",IF(AND(ISNUMBER(B10),ISBLANK(N10:T10)),"Unclassified",(IF(COUNT(N10:T10)=0,"",INDEX($N$4:$T$4,MATCH(TRUE,N10:T10=B10,0))))))} | W10: =IF(COUNT(N10:T10)>1,"True","") | X10: =IF(AND(D10>0.8,G10>0.5,ISNUMBER(B10)),"True","") | Z10: WT/Inactive | AA10: =COUNTIF(V:V,Z10) -> 0 | AC10: =IF(AND(H10>0.35,G10<0.35,E10>0.35,T10="",R10="",P10="",N10="",S10=""),TRUE,FALSE) -> FALSE | AD10: =IFERROR(ABS(ABS(K10-'Data Transformation'!$R$5)-ABS(K10-'Data Transformation'!$R$6)),"") | AE10: =IF(C10=FALSE,"",IF(AND(OR(V10=$Z$6,V10=$Z$8),OR(AC10=TRUE,AD10<=IF(ISNUMBER('Data Transformation'!$R$15),'Data Transformation'!$R$15,'Data Transformation'!$R$25))),TRUE,FALSE)) -> #DIV/0!
K11: =IFERROR(AVERAGEIF('Data Transformation'!$B$425:$B$8425,B11,IF('Input and Summary Results'!$J$4="no",'Data Transformation'!$C$425:$C$8425,'Data Transformation'!$E$425:$E$8425)),"") | L11: {=IFERROR(_xlfn.STDEV.S(IF('Data Transformation'!$B$425:$B$8425=B11,IF('Input and Summary Results'!$J$4="no",'Data Transformation'!$C$425:$C$8425,'Data Transformation'!$E$425:$E$8425),"")),"")} | N11: =IF(E11>='Data Transformation'!$R$29,B11,"") | O11: =IFERROR(IF(AND(Assignments!L11<('Data Transformation'!$R$4-'Data Transformation'!$R$3)/2,ABS(K11-'Data Transformation'!$R$6)>ABS(K11-'Data Transformation'!$R$5),NOT(ISNUMBER(N11)),NOT(ISNUMBER(R11)),NOT(ISNUMBER(P11)),NOT(ISNUMBER(R11)),NOT(ISNUMBER(S11)),NOT(ISNUMBER(T11))),Assignments!B11,""),"") | P11: =IF(AND(NOT(ISNUMBER(N11)),NOT(ISNUMBER(R11)),NOT(ISNUMBER(S11)),G11>='Data Transformation'!$R$28),B11,"") | Q11: =IFERROR(IF(AND(Assignments!L11<('Data Transformation'!$R$4-'Data Transformation'!$R$3)/2,ABS(K11-'Data Transformation'!$R$6)<ABS(K11-'Data Transformation'!$R$5),NOT(ISNUMBER(N11)),NOT(ISNUMBER(T11)),NOT(ISNUMBER(P11)),NOT(ISNUMBER(R11)),NOT(ISNUMBER(T11)),NOT(ISNUMBER(S11))),Assignments!B11,""),"") | R11: =IF(H11>='Data Transformation'!$R$30,B11,"") | S11: =IF(D11>='Data Transformation'!$R$31,B11,"") | T11: =IF(AND(H11<'Data Transformation'!$R$30,E11<'Data Transformation'!$R$29,G11<0.3,D11<'Data Transformation'!$R$31,E11>0.4,H11>0.4),B11,"") | V11: {=IF(C11=FALSE,"",IF(AND(ISNUMBER(B11),ISBLANK(N11:T11)),"Unclassified",(IF(COUNT(N11:T11)=0,"",INDEX($N$4:$T$4,MATCH(TRUE,N11:T11=B11,0))))))} | W11: =IF(COUNT(N11:T11)>1,"True","") | X11: =IF(AND(D11>0.8,G11>0.5,ISNUMBER(B11)),"True","") | Z11: Enhancing | AA11: =COUNTIF(V:V,Z11) -> 0 | AC11: =IF(AND(H11>0.35,G11<0.35,E11>0.35,T11="",R11="",P11="",N11="",S11=""),TRUE,FALSE) -> FALSE | AD11: =IFERROR(ABS(ABS(K11-'Data Transformation'!$R$5)-ABS(K11-'Data Transformation'!$R$6)),"") | AE11: =IF(C11=FALSE,"",IF(AND(OR(V11=$Z$6,V11=$Z$8),OR(AC11=TRUE,AD11<=IF(ISNUMBER('Data Transformation'!$R$15),'Data Transformation'!$R$15,'Data Transformation'!$R$25))),TRUE,FALSE)) -> #DIV/0!
K12: =IFERROR(AVERAGEIF('Data Transformation'!$B$425:$B$8425,B12,IF('Input and Summary Results'!$J$4="no",'Data Transformation'!$C$425:$C$8425,'Data Transformation'!$E$425:$E$8425)),"") | L12: {=IFERROR(_xlfn.STDEV.S(IF('Data Transformation'!$B$425:$B$8425=B12,IF('Input and Summary Results'!$J$4="no",'Data Transformation'!$C$425:$C$8425,'Data Transformation'!$E$425:$E$8425),"")),"")} | N12: =IF(E12>='Data Transformation'!$R$29,B12,"") | O12: =IFERROR(IF(AND(Assignments!L12<('Data Transformation'!$R$4-'Data Transformation'!$R$3)/2,ABS(K12-'Data Transformation'!$R$6)>ABS(K12-'Data Transformation'!$R$5),NOT(ISNUMBER(N12)),NOT(ISNUMBER(R12)),NOT(ISNUMBER(P12)),NOT(ISNUMBER(R12)),NOT(ISNUMBER(S12)),NOT(ISNUMBER(T12))),Assignments!B12,""),"") | P12: =IF(AND(NOT(ISNUMBER(N12)),NOT(ISNUMBER(R12)),NOT(ISNUMBER(S12)),G12>='Data Transformation'!$R$28),B12,"") | Q12: =IFERROR(IF(AND(Assignments!L12<('Data Transformation'!$R$4-'Data Transformation'!$R$3)/2,ABS(K12-'Data Transformation'!$R$6)<ABS(K12-'Data Transformation'!$R$5),NOT(ISNUMBER(N12)),NOT(ISNUMBER(T12)),NOT(ISNUMBER(P12)),NOT(ISNUMBER(R12)),NOT(ISNUMBER(T12)),NOT(ISNUMBER(S12))),Assignments!B12,""),"") | R12: =IF(H12>='Data Transformation'!$R$30,B12,"") | S12: =IF(D12>='Data Transformation'!$R$31,B12,"") | T12: =IF(AND(H12<'Data Transformation'!$R$30,E12<'Data Transformation'!$R$29,G12<0.3,D12<'Data Transformation'!$R$31,E12>0.4,H12>0.4),B12,"") | V12: {=IF(C12=FALSE,"",IF(AND(ISNUMBER(B12),ISBLANK(N12:T12)),"Unclassified",(IF(COUNT(N12:T12)=0,"",INDEX($N$4:$T$4,MATCH(TRUE,N12:T12=B12,0))))))} | W12: =IF(COUNT(N12:T12)>1,"True","") | X12: =IF(AND(D12>0.8,G12>0.5,ISNUMBER(B12)),"True","") | AC12: =IF(AND(H12>0.35,G12<0.35,E12>0.35,T12="",R12="",P12="",N12="",S12=""),TRUE,FALSE) -> FALSE | AD12: =IFERROR(ABS(ABS(K12-'Data Transformation'!$R$5)-ABS(K12-'Data Transformation'!$R$6)),"") | AE12: =IF(C12=FALSE,"",IF(AND(OR(V12=$Z$6,V12=$Z$8),OR(AC12=TRUE,AD12<=IF(ISNUMBER('Data Transformation'!$R$15),'Data Transformation'!$R$15,'Data Transformation'!$R$25))),TRUE,FALSE)) -> #DIV/0!
K13: =IFERROR(AVERAGEIF('Data Transformation'!$B$425:$B$8425,B13,IF('Input and Summary Results'!$J$4="no",'Data Transformation'!$C$425:$C$8425,'Data Transformation'!$E$425:$E$8425)),"") | L13: {=IFERROR(_xlfn.STDEV.S(IF('Data Transformation'!$B$425:$B$8425=B13,IF('Input and Summary Results'!$J$4="no",'Data Transformation'!$C$425:$C$8425,'Data Transformation'!$E$425:$E$8425),"")),"")} | N13: =IF(E13>='Data Transformation'!$R$29,B13,"") | O13: =IFERROR(IF(AND(Assignments!L13<('Data Transformation'!$R$4-'Data Transformation'!$R$3)/2,ABS(K13-'Data Transformation'!$R$6)>ABS(K13-'Data Transformation'!$R$5),NOT(ISNUMBER(N13)),NOT(ISNUMBER(R13)),NOT(ISNUMBER(P13)),NOT(ISNUMBER(R13)),NOT(ISNUMBER(S13)),NOT(ISNUMBER(T13))),Assignments!B13,""),"") | P13: =IF(AND(NOT(ISNUMBER(N13)),NOT(ISNUMBER(R13)),NOT(ISNUMBER(S13)),G13>='Data Transformation'!$R$28),B13,"") | Q13: =IFERROR(IF(AND(Assignments!L13<('Data Transformation'!$R$4-'Data Transformation'!$R$3)/2,ABS(K13-'Data Transformation'!$R$6)<ABS(K13-'Data Transformation'!$R$5),NOT(ISNUMBER(N13)),NOT(ISNUMBER(T13)),NOT(ISNUMBER(P13)),NOT(ISNUMBER(R13)),NOT(ISNUMBER(T13)),NOT(ISNUMBER(S13))),Assignments!B13,""),"") | R13: =IF(H13>='Data Transformation'!$R$30,B13,"") | S13: =IF(D13>='Data Transformation'!$R$31,B13,"") | T13: =IF(AND(H13<'Data Transformation'!$R$30,E13<'Data Transformation'!$R$29,G13<0.3,D13<'Data Transformation'!$R$31,E13>0.4,H13>0.4),B13,"") | V13: {=IF(C13=FALSE,"",IF(AND(ISNUMBER(B13),ISBLANK(N13:T13)),"Unclassified",(IF(COUNT(N13:T13)=0,"",INDEX($N$4:$T$4,MATCH(TRUE,N13:T13=B13,0))))))} | W13: =IF(COUNT(N13:T13)>1,"True","") | X13: =IF(AND(D13>0.8,G13>0.5,ISNUMBER(B13)),"True","") | AC13: =IF(AND(H13>0.35,G13<0.35,E13>0.35,T13="",R13="",P13="",N13="",S13=""),TRUE,FALSE) -> FALSE | AD13: =IFERROR(ABS(ABS(K13-'Data Transformation'!$R$5)-ABS(K13-'Data Transformation'!$R$6)),"") | AE13: =IF(C13=FALSE,"",IF(AND(OR(V13=$Z$6,V13=$Z$8),OR(AC13=TRUE,AD13<=IF(ISNUMBER('Data Transformation'!$R$15),'Data Transformation'!$R$15,'Data Transformation'!$R$25))),TRUE,FALSE)) -> #DIV/0!
K14: =IFERROR(AVERAGEIF('Data Transformation'!$B$425:$B$8425,B14,IF('Input and Summary Results'!$J$4="no",'Data Transformation'!$C$425:$C$8425,'Data Transformation'!$E$425:$E$8425)),"") | L14: {=IFERROR(_xlfn.STDEV.S(IF('Data Transformation'!$B$425:$B$8425=B14,IF('Input and Summary Results'!$J$4="no",'Data Transformation'!$C$425:$C$8425,'Data Transformation'!$E$425:$E$8425),"")),"")} | N14: =IF(E14>='Data Transformation'!$R$29,B14,"") | O14: =IFERROR(IF(AND(Assignments!L14<('Data Transformation'!$R$4-'Data Transformation'!$R$3)/2,ABS(K14-'Data Transformation'!$R$6)>ABS(K14-'Data Transformation'!$R$5),NOT(ISNUMBER(N14)),NOT(ISNUMBER(R14)),NOT(ISNUMBER(P14)),NOT(ISNUMBER(R14)),NOT(ISNUMBER(S14)),NOT(ISNUMBER(T14))),Assignments!B14,""),"") | P14: =IF(AND(NOT(ISNUMBER(N14)),NOT(ISNUMBER(R14)),NOT(ISNUMBER(S14)),G14>='Data Transformation'!$R$28),B14,"") | Q14: =IFERROR(IF(AND(Assignments!L14<('Data Transformation'!$R$4-'Data Transformation'!$R$3)/2,ABS(K14-'Data Transformation'!$R$6)<ABS(K14-'Data Transformation'!$R$5),NOT(ISNUMBER(N14)),NOT(ISNUMBER(T14)),NOT(ISNUMBER(P14)),NOT(ISNUMBER(R14)),NOT(ISNUMBER(T14)),NOT(ISNUMBER(S14))),Assignments!B14,""),"") | R14: =IF(H14>='Data Transformation'!$R$30,B14,"") | S14: =IF(D14>='Data Transformation'!$R$31,B14,"") | T14: =IF(AND(H14<'Data Transformation'!$R$30,E14<'Data Transformation'!$R$29,G14<0.3,D14<'Data Transformation'!$R$31,E14>0.4,H14>0.4),B14,"") | V14: {=IF(C14=FALSE,"",IF(AND(ISNUMBER(B14),ISBLANK(N14:T14)),"Unclassified",(IF(COUNT(N14:T14)=0,"",INDEX($N$4:$T$4,MATCH(TRUE,N14:T14=B14,0))))))} | W14: =IF(COUNT(N14:T14)>1,"True","") | X14: =IF(AND(D14>0.8,G14>0.5,ISNUMBER(B14)),"True","") | AC14: =IF(AND(H14>0.35,G14<0.35,E14>0.35,T14="",R14="",P14="",N14="",S14=""),TRUE,FALSE) -> FALSE | AD14: =IFERROR(ABS(ABS(K14-'Data Transformation'!$R$5)-ABS(K14-'Data Transformation'!$R$6)),"") | AE14: =IF(C14=FALSE,"",IF(AND(OR(V14=$Z$6,V14=$Z$8),OR(AC14=TRUE,AD14<=IF(ISNUMBER('Data Transformation'!$R$15),'Data Transformation'!$R$15,'Data Transformation'!$R$25))),TRUE,FALSE)) -> #DIV/0!
K15: =IFERROR(AVERAGEIF('Data Transformation'!$B$425:$B$8425,B15,IF('Input and Summary Results'!$J$4="no",'Data Transformation'!$C$425:$C$8425,'Data Transformation'!$E$425:$E$8425)),"") | L15: {=IFERROR(_xlfn.STDEV.S(IF('Data Transformation'!$B$425:$B$8425=B15,IF('Input and Summary Results'!$J$4="no",'Data Transformation'!$C$425:$C$8425,'Data Transformation'!$E$425:$E$8425),"")),"")} | N15: =IF(E15>='Data Transformation'!$R$29,B15,"") | O15: =IFERROR(IF(AND(Assignments!L15<('Data Transformation'!$R$4-'Data Transformation'!$R$3)/2,ABS(K15-'Data Transformation'!$R$6)>ABS(K15-'Data Transformation'!$R$5),NOT(ISNUMBER(N15)),NOT(ISNUMBER(R15)),NOT(ISNUMBER(P15)),NOT(ISNUMBER(R15)),NOT(ISNUMBER(S15)),NOT(ISNUMBER(T15))),Assignments!B15,""),"") | P15: =IF(AND(NOT(ISNUMBER(N15)),NOT(ISNUMBER(R15)),NOT(ISNUMBER(S15)),G15>='Data Transformation'!$R$28),B15,"") | Q15: =IFERROR(IF(AND(Assignments!L15<('Data Transformation'!$R$4-'Data Transformation'!$R$3)/2,ABS(K15-'Data Transformation'!$R$6)<ABS(K15-'Data Transformation'!$R$5),NOT(ISNUMBER(N15)),NOT(ISNUMBER(T15)),NOT(ISNUMBER(P15)),NOT(ISNUMBER(R15)),NOT(ISNUMBER(T15)),NOT(ISNUMBER(S15))),Assignments!B15,""),"") | R15: =IF(H15>='Data Transformation'!$R$30,B15,"") | S15: =IF(D15>='Data Transformation'!$R$31,B15,"") | T15: =IF(AND(H15<'Data Transformation'!$R$30,E15<'Data Transformation'!$R$29,G15<0.3,D15<'Data Transformation'!$R$31,E15>0.4,H15>0.4),B15,"") | V15: {=IF(C15=FALSE,"",IF(AND(ISNUMBER(B15),ISBLANK(N15:T15)),"Unclassified",(IF(COUNT(N15:T15)=0,"",INDEX($N$4:$T$4,MATCH(TRUE,N15:T15=B15,0))))))} | W15: =IF(COUNT(N15:T15)>1,"True","") | X15: =IF(AND(D15>0.8,G15>0.5,ISNUMBER(B15)),"True","") | AC15: =IF(AND(H15>0.35,G15<0.35,E15>0.35,T15="",R15="",P15="",N15="",S15=""),TRUE,FALSE) -> FALSE | AD15: =IFERROR(ABS(ABS(K15-'Data Transformation'!$R$5)-ABS(K15-'Data Transformation'!$R$6)),"") | AE15: =IF(C15=FALSE,"",IF(AND(OR(V15=$Z$6,V15=$Z$8),OR(AC15=TRUE,AD15<=IF(ISNUMBER('Data Transformation'!$R$15),'Data Transformation'!$R$15,'Data Transformation'!$R$25))),TRUE,FALSE)) -> #DIV/0!
K16: =IFERROR(AVERAGEIF('Data Transformation'!$B$425:$B$8425,B16,IF('Input and Summary Results'!$J$4="no",'Data Transformation'!$C$425:$C$8425,'Data Transformation'!$E$425:$E$8425)),"") | L16: {=IFERROR(_xlfn.STDEV.S(IF('Data Transformation'!$B$425:$B$8425=B16,IF('Input and Summary Results'!$J$4="no",'Data Transformation'!$C$425:$C$8425,'Data Transformation'!$E$425:$E$8425),"")),"")} | N16: =IF(E16>='Data Transformation'!$R$29,B16,"") | O16: =IFERROR(IF(AND(Assignments!L16<('Data Transformation'!$R$4-'Data Transformation'!$R$3)/2,ABS(K16-'Data Transformation'!$R$6)>ABS(K16-'Data Transformation'!$R$5),NOT(ISNUMBER(N16)),NOT(ISNUMBER(R16)),NOT(ISNUMBER(P16)),NOT(ISNUMBER(R16)),NOT(ISNUMBER(S16)),NOT(ISNUMBER(T16))),Assignments!B16,""),"") | P16: =IF(AND(NOT(ISNUMBER(N16)),NOT(ISNUMBER(R16)),NOT(ISNUMBER(S16)),G16>='Data Transformation'!$R$28),B16,"") | Q16: =IFERROR(IF(AND(Assignments!L16<('Data Transformation'!$R$4-'Data Transformation'!$R$3)/2,ABS(K16-'Data Transformation'!$R$6)<ABS(K16-'Data Transformation'!$R$5),NOT(ISNUMBER(N16)),NOT(ISNUMBER(T16)),NOT(ISNUMBER(P16)),NOT(ISNUMBER(R16)),NOT(ISNUMBER(T16)),NOT(ISNUMBER(S16))),Assignments!B16,""),"") | R16: =IF(H16>='Data Transformation'!$R$30,B16,"") | S16: =IF(D16>='Data Transformation'!$R$31,B16,"") | T16: =IF(AND(H16<'Data Transformation'!$R$30,E16<'Data Transformation'!$R$29,G16<0.3,D16<'Data Transformation'!$R$31,E16>0.4,H16>0.4),B16,"") | V16: {=IF(C16=FALSE,"",IF(AND(ISNUMBER(B16),ISBLANK(N16:T16)),"Unclassified",(IF(COUNT(N16:T16)=0,"",INDEX($N$4:$T$4,MATCH(TRUE,N16:T16=B16,0))))))} | W16: =IF(COUNT(N16:T16)>1,"True","") | X16: =IF(AND(D16>0.8,G16>0.5,ISNUMBER(B16)),"True","") | AC16: =IF(AND(H16>0.35,G16<0.35,E16>0.35,T16="",R16="",P16="",N16="",S16=""),TRUE,FALSE) -> FALSE | AD16: =IFERROR(ABS(ABS(K16-'Data Transformation'!$R$5)-ABS(K16-'Data Transformation'!$R$6)),"") | AE16: =IF(C16=FALSE,"",IF(AND(OR(V16=$Z$6,V16=$Z$8),OR(AC16=TRUE,AD16<=IF(ISNUMBER('Data Transformation'!$R$15),'Data Transformation'!$R$15,'Data Transformation'!$R$25))),TRUE,FALSE)) -> #DIV/0!
K17: =IFERROR(AVERAGEIF('Data Transformation'!$B$425:$B$8425,B17,IF('Input and Summary Results'!$J$4="no",'Data Transformation'!$C$425:$C$8425,'Data Transformation'!$E$425:$E$8425)),"") | L17: {=IFERROR(_xlfn.STDEV.S(IF('Data Transformation'!$B$425:$B$8425=B17,IF('Input and Summary Results'!$J$4="no",'Data Transformation'!$C$425:$C$8425,'Data Transformation'!$E$425:$E$8425),"")),"")} | N17: =IF(E17>='Data Transformation'!$R$29,B17,"") | O17: =IFERROR(IF(AND(Assignments!L17<('Data Transformation'!$R$4-'Data Transformation'!$R$3)/2,ABS(K17-'Data Transformation'!$R$6)>ABS(K17-'Data Transformation'!$R$5),NOT(ISNUMBER(N17)),NOT(ISNUMBER(R17)),NOT(ISNUMBER(P17)),NOT(ISNUMBER(R17)),NOT(ISNUMBER(S17)),NOT(ISNUMBER(T17))),Assignments!B17,""),"") | P17: =IF(AND(NOT(ISNUMBER(N17)),NOT(ISNUMBER(R17)),NOT(ISNUMBER(S17)),G17>='Data Transformation'!$R$28),B17,"") | Q17: =IFERROR(IF(AND(Assignments!L17<('Data Transformation'!$R$4-'Data Transformation'!$R$3)/2,ABS(K17-'Data Transformation'!$R$6)<ABS(K17-'Data Transformation'!$R$5),NOT(ISNUMBER(N17)),NOT(ISNUMBER(T17)),NOT(ISNUMBER(P17)),NOT(ISNUMBER(R17)),NOT(ISNUMBER(T17)),NOT(ISNUMBER(S17))),Assignments!B17,""),"") | R17: =IF(H17>='Data Transformation'!$R$30,B17,"") | S17: =IF(D17>='Data Transformation'!$R$31,B17,"") | T17: =IF(AND(H17<'Data Transformation'!$R$30,E17<'Data Transformation'!$R$29,G17<0.3,D17<'Data Transformation'!$R$31,E17>0.4,H17>0.4),B17,"") | V17: {=IF(C17=FALSE,"",IF(AND(ISNUMBER(B17),ISBLANK(N17:T17)),"Unclassified",(IF(COUNT(N17:T17)=0,"",INDEX($N$4:$T$4,MATCH(TRUE,N17:T17=B17,0))))))} | W17: =IF(COUNT(N17:T17)>1,"True","") | X17: =IF(AND(D17>0.8,G17>0.5,ISNUMBER(B17)),"True","") | AC17: =IF(AND(H17>0.35,G17<0.35,E17>0.35,T17="",R17="",P17="",N17="",S17=""),TRUE,FALSE) -> FALSE | AD17: =IFERROR(ABS(ABS(K17-'Data Transformation'!$R$5)-ABS(K17-'Data Transformation'!$R$6)),"") | AE17: =IF(C17=FALSE,"",IF(AND(OR(V17=$Z$6,V17=$Z$8),OR(AC17=TRUE,AD17<=IF(ISNUMBER('Data Transformation'!$R$15),'Data Transformation'!$R$15,'Data Transformation'!$R$25))),TRUE,FALSE)) -> #DIV/0!
K18: =IFERROR(AVERAGEIF('Data Transformation'!$B$425:$B$8425,B18,IF('Input and Summary Results'!$J$4="no",'Data Transformation'!$C$425:$C$8425,'Data Transformation'!$E$425:$E$8425)),"") | L18: {=IFERROR(_xlfn.STDEV.S(IF('Data Transformation'!$B$425:$B$8425=B18,IF('Input and Summary Results'!$J$4="no",'Data Transformation'!$C$425:$C$8425,'Data Transformation'!$E$425:$E$8425),"")),"")} | N18: =IF(E18>='Data Transformation'!$R$29,B18,"") | O18: =IFERROR(IF(AND(Assignments!L18<('Data Transformation'!$R$4-'Data Transformation'!$R$3)/2,ABS(K18-'Data Transformation'!$R$6)>ABS(K18-'Data Transformation'!$R$5),NOT(ISNUMBER(N18)),NOT(ISNUMBER(R18)),NOT(ISNUMBER(P18)),NOT(ISNUMBER(R18)),NOT(ISNUMBER(S18)),NOT(ISNUMBER(T18))),Assignments!B18,""),"") | P18: =IF(AND(NOT(ISNUMBER(N18)),NOT(ISNUMBER(R18)),NOT(ISNUMBER(S18)),G18>='Data Transformation'!$R$28),B18,"") | Q18: =IFERROR(IF(AND(Assignments!L18<('Data Transformation'!$R$4-'Data Transformation'!$R$3)/2,ABS(K18-'Data Transformation'!$R$6)<ABS(K18-'Data Transformation'!$R$5),NOT(ISNUMBER(N18)),NOT(ISNUMBER(T18)),NOT(ISNUMBER(P18)),NOT(ISNUMBER(R18)),NOT(ISNUMBER(T18)),NOT(ISNUMBER(S18))),Assignments!B18,""),"") | R18: =IF(H18>='Data Transformation'!$R$30,B18,"") | S18: =IF(D18>='Data Transformation'!$R$31,B18,"") | T18: =IF(AND(H18<'Data Transformation'!$R$30,E18<'Data Transformation'!$R$29,G18<0.3,D18<'Data Transformation'!$R$31,E18>0.4,H18>0.4),B18,"") | V18: {=IF(C18=FALSE,"",IF(AND(ISNUMBER(B18),ISBLANK(N18:T18)),"Unclassified",(IF(COUNT(N18:T18)=0,"",INDEX($N$4:$T$4,MATCH(TRUE,N18:T18=B18,0))))))} | W18: =IF(COUNT(N18:T18)>1,"True","") | X18: =IF(AND(D18>0.8,G18>0.5,ISNUMBER(B18)),"True","") | AC18: =IF(AND(H18>0.35,G18<0.35,E18>0.35,T18="",R18="",P18="",N18="",S18=""),TRUE,FALSE) -> FALSE | AD18: =IFERROR(ABS(ABS(K18-'Data Transformation'!$R$5)-ABS(K18-'Data Transformation'!$R$6)),"") | AE18: =IF(C18=FALSE,"",IF(AND(OR(V18=$Z$6,V18=$Z$8),OR(AC18=TRUE,AD18<=IF(ISNUMBER('Data Transformation'!$R$15),'Data Transformation'!$R$15,'Data Transformation'!$R$25))),TRUE,FALSE)) -> #DIV/0!
K19: =IFERROR(AVERAGEIF('Data Transformation'!$B$425:$B$8425,B19,IF('Input and Summary Results'!$J$4="no",'Data Transformation'!$C$425:$C$8425,'Data Transformation'!$E$425:$E$8425)),"") | L19: {=IFERROR(_xlfn.STDEV.S(IF('Data Transformation'!$B$425:$B$8425=B19,IF('Input and Summary Results'!$J$4="no",'Data Transformation'!$C$425:$C$8425,'Data Transformation'!$E$425:$E$8425),"")),"")} | N19: =IF(E19>='Data Transformation'!$R$29,B19,"") | O19: =IFERROR(IF(AND(Assignments!L19<('Data Transformation'!$R$4-'Data Transformation'!$R$3)/2,ABS(K19-'Data Transformation'!$R$6)>ABS(K19-'Data Transformation'!$R$5),NOT(ISNUMBER(N19)),NOT(ISNUMBER(R19)),NOT(ISNUMBER(P19)),NOT(ISNUMBER(R19)),NOT(ISNUMBER(S19)),NOT(ISNUMBER(T19))),Assignments!B19,""),"") | P19: =IF(AND(NOT(ISNUMBER(N19)),NOT(ISNUMBER(R19)),NOT(ISNUMBER(S19)),G19>='Data Transformation'!$R$28),B19,"") | Q19: =IFERROR(IF(AND(Assignments!L19<('Data Transformation'!$R$4-'Data Transformation'!$R$3)/2,ABS(K19-'Data Transformation'!$R$6)<ABS(K19-'Data Transformation'!$R$5),NOT(ISNUMBER(N19)),NOT(ISNUMBER(T19)),NOT(ISNUMBER(P19)),NOT(ISNUMBER(R19)),NOT(ISNUMBER(T19)),NOT(ISNUMBER(S19))),Assignments!B19,""),"") | R19: =IF(H19>='Data Transformation'!$R$30,B19,"") | S19: =IF(D19>='Data Transformation'!$R$31,B19,"") | T19: =IF(AND(H19<'Data Transformation'!$R$30,E19<'Data Transformation'!$R$29,G19<0.3,D19<'Data Transformation'!$R$31,E19>0.4,H19>0.4),B19,"") | V19: {=IF(C19=FALSE,"",IF(AND(ISNUMBER(B19),ISBLANK(N19:T19)),"Unclassified",(IF(COUNT(N19:T19)=0,"",INDEX($N$4:$T$4,MATCH(TRUE,N19:T19=B19,0))))))} | W19: =IF(COUNT(N19:T19)>1,"True","") | X19: =IF(AND(D19>0.8,G19>0.5,ISNUMBER(B19)),"True","") | AC19: =IF(AND(H19>0.35,G19<0.35,E19>0.35,T19="",R19="",P19="",N19="",S19=""),TRUE,FALSE) -> FALSE | AD19: =IFERROR(ABS(ABS(K19-'Data Transformation'!$R$5)-ABS(K19-'Data Transformation'!$R$6)),"") | AE19: =IF(C19=FALSE,"",IF(AND(OR(V19=$Z$6,V19=$Z$8),OR(AC19=TRUE,AD19<=IF(ISNUMBER('Data Transformation'!$R$15),'Data Transformation'!$R$15,'Data Transformation'!$R$25))),TRUE,FALSE)) -> #DIV/0!
K20: =IFERROR(AVERAGEIF('Data Transformation'!$B$425:$B$8425,B20,IF('Input and Summary Results'!$J$4="no",'Data Transformation'!$C$425:$C$8425,'Data Transformation'!$E$425:$E$8425)),"") | L20: {=IFERROR(_xlfn.STDEV.S(IF('Data Transformation'!$B$425:$B$8425=B20,IF('Input and Summary Results'!$J$4="no",'Data Transformation'!$C$425:$C$8425,'Data Transformation'!$E$425:$E$8425),"")),"")} | N20: =IF(E20>='Data Transformation'!$R$29,B20,"") | O20: =IFERROR(IF(AND(Assignments!L20<('Data Transformation'!$R$4-'Data Transformation'!$R$3)/2,ABS(K20-'Data Transformation'!$R$6)>ABS(K20-'Data Transformation'!$R$5),NOT(ISNUMBER(N20)),NOT(ISNUMBER(R20)),NOT(ISNUMBER(P20)),NOT(ISNUMBER(R20)),NOT(ISNUMBER(S20)),NOT(ISNUMBER(T20))),Assignments!B20,""),"") | P20: =IF(AND(NOT(ISNUMBER(N20)),NOT(ISNUMBER(R20)),NOT(ISNUMBER(S20)),G20>='Data Transformation'!$R$28),B20,"") | Q20: =IFERROR(IF(AND(Assignments!L20<('Data Transformation'!$R$4-'Data Transformation'!$R$3)/2,ABS(K20-'Data Transformation'!$R$6)<ABS(K20-'Data Transformation'!$R$5),NOT(ISNUMBER(N20)),NOT(ISNUMBER(T20)),NOT(ISNUMBER(P20)),NOT(ISNUMBER(R20)),NOT(ISNUMBER(T20)),NOT(ISNUMBER(S20))),Assignments!B20,""),"") | R20: =IF(H20>='Data Transformation'!$R$30,B20,"") | S20: =IF(D20>='Data Transformation'!$R$31,B20,"") | T20: =IF(AND(H20<'Data Transformation'!$R$30,E20<'Data Transformation'!$R$29,G20<0.3,D20<'Data Transformation'!$R$31,E20>0.4,H20>0.4),B20,"") | V20: {=IF(C20=FALSE,"",IF(AND(ISNUMBER(B20),ISBLANK(N20:T20)),"Unclassified",(IF(COUNT(N20:T20)=0,"",INDEX($N$4:$T$4,MATCH(TRUE,N20:T20=B20,0))))))} | W20: =IF(COUNT(N20:T20)>1,"True","") | X20: =IF(AND(D20>0.8,G20>0.5,ISNUMBER(B20)),"True","") | AC20: =IF(AND(H20>0.35,G20<0.35,E20>0.35,T20="",R20="",P20="",N20="",S20=""),TRUE,FALSE) -> FALSE | AD20: =IFERROR(ABS(ABS(K20-'Data Transformation'!$R$5)-ABS(K20-'Data Transformation'!$R$6)),"") | AE20: =IF(C20=FALSE,"",IF(AND(OR(V20=$Z$6,V20=$Z$8),OR(AC20=TRUE,AD20<=IF(ISNUMBER('Data Transformation'!$R$15),'Data Transformation'!$R$15,'Data Transformation'!$R$25))),TRUE,FALSE)) -> #DIV/0!
K21: =IFERROR(AVERAGEIF('Data Transformation'!$B$425:$B$8425,B21,IF('Input and Summary Results'!$J$4="no",'Data Transformation'!$C$425:$C$8425,'Data Transformation'!$E$425:$E$8425)),"") | L21: {=IFERROR(_xlfn.STDEV.S(IF('Data Transformation'!$B$425:$B$8425=B21,IF('Input and Summary Results'!$J$4="no",'Data Transformation'!$C$425:$C$8425,'Data Transformation'!$E$425:$E$8425),"")),"")} | N21: =IF(E21>='Data Transformation'!$R$29,B21,"") | O21: =IFERROR(IF(AND(Assignments!L21<('Data Transformation'!$R$4-'Data Transformation'!$R$3)/2,ABS(K21-'Data Transformation'!$R$6)>ABS(K21-'Data Transformation'!$R$5),NOT(ISNUMBER(N21)),NOT(ISNUMBER(R21)),NOT(ISNUMBER(P21)),NOT(ISNUMBER(R21)),NOT(ISNUMBER(S21)),NOT(ISNUMBER(T21))),Assignments!B21,""),"") | P21: =IF(AND(NOT(ISNUMBER(N21)),NOT(ISNUMBER(R21)),NOT(ISNUMBER(S21)),G21>='Data Transformation'!$R$28),B21,"") | Q21: =IFERROR(IF(AND(Assignments!L21<('Data Transformation'!$R$4-'Data Transformation'!$R$3)/2,ABS(K21-'Data Transformation'!$R$6)<ABS(K21-'Data Transformation'!$R$5),NOT(ISNUMBER(N21)),NOT(ISNUMBER(T21)),NOT(ISNUMBER(P21)),NOT(ISNUMBER(R21)),NOT(ISNUMBER(T21)),NOT(ISNUMBER(S21))),Assignments!B21,""),"") | R21: =IF(H21>='Data Transformation'!$R$30,B21,"") | S21: =IF(D21>='Data Transformation'!$R$31,B21,"") | T21: =IF(AND(H21<'Data Transformation'!$R$30,E21<'Data Transformation'!$R$29,G21<0.3,D21<'Data Transformation'!$R$31,E21>0.4,H21>0.4),B21,"") | V21: {=IF(C21=FALSE,"",IF(AND(ISNUMBER(B21),ISBLANK(N21:T21)),"Unclassified",(IF(COUNT(N21:T21)=0,"",INDEX($N$4:$T$4,MATCH(TRUE,N21:T21=B21,0))))))} | W21: =IF(COUNT(N21:T21)>1,"True","") | X21: =IF(AND(D21>0.8,G21>0.5,ISNUMBER(B21)),"True","") | AC21: =IF(AND(H21>0.35,G21<0.35,E21>0.35,T21="",R21="",P21="",N21="",S21=""),TRUE,FALSE) -> FALSE | AD21: =IFERROR(ABS(ABS(K21-'Data Transformation'!$R$5)-ABS(K21-'Data Transformation'!$R$6)),"") | AE21: =IF(C21=FALSE,"",IF(AND(OR(V21=$Z$6,V21=$Z$8),OR(AC21=TRUE,AD21<=IF(ISNUMBER('Data Transformation'!$R$15),'Data Transformation'!$R$15,'Data Transformation'!$R$25))),TRUE,FALSE)) -> #DIV/0!
K22: =IFERROR(AVERAGEIF('Data Transformation'!$B$425:$B$8425,B22,IF('Input and Summary Results'!$J$4="no",'Data Transformation'!$C$425:$C$8425,'Data Transformation'!$E$425:$E$8425)),"") | L22: {=IFERROR(_xlfn.STDEV.S(IF('Data Transformation'!$B$425:$B$8425=B22,IF('Input and Summary Results'!$J$4="no",'Data Transformation'!$C$425:$C$8425,'Data Transformation'!$E$425:$E$8425),"")),"")} | N22: =IF(E22>='Data Transformation'!$R$29,B22,"") | O22: =IFERROR(IF(AND(Assignments!L22<('Data Transformation'!$R$4-'Data Transformation'!$R$3)/2,ABS(K22-'Data Transformation'!$R$6)>ABS(K22-'Data Transformation'!$R$5),NOT(ISNUMBER(N22)),NOT(ISNUMBER(R22)),NOT(ISNUMBER(P22)),NOT(ISNUMBER(R22)),NOT(ISNUMBER(S22)),NOT(ISNUMBER(T22))),Assignments!B22,""),"") | P22: =IF(AND(NOT(ISNUMBER(N22)),NOT(ISNUMBER(R22)),NOT(ISNUMBER(S22)),G22>='Data Transformation'!$R$28),B22,"") | Q22: =IFERROR(IF(AND(Assignments!L22<('Data Transformation'!$R$4-'Data Transformation'!$R$3)/2,ABS(K22-'Data Transformation'!$R$6)<ABS(K22-'Data Transformation'!$R$5),NOT(ISNUMBER(N22)),NOT(ISNUMBER(T22)),NOT(ISNUMBER(P22)),NOT(ISNUMBER(R22)),NOT(ISNUMBER(T22)),NOT(ISNUMBER(S22))),Assignments!B22,""),"") | R22: =IF(H22>='Data Transformation'!$R$30,B22,"") | S22: =IF(D22>='Data Transformation'!$R$31,B22,"") | T22: =IF(AND(H22<'Data Transformation'!$R$30,E22<'Data Transformation'!$R$29,G22<0.3,D22<'Data Transformation'!$R$31,E22>0.4,H22>0.4),B22,"") | V22: {=IF(C22=FALSE,"",IF(AND(ISNUMBER(B22),ISBLANK(N22:T22)),"Unclassified",(IF(COUNT(N22:T22)=0,"",INDEX($N$4:$T$4,MATCH(TRUE,N22:T22=B22,0))))))} | W22: =IF(COUNT(N22:T22)>1,"True","") | X22: =IF(AND(D22>0.8,G22>0.5,ISNUMBER(B22)),"True","") | AC22: =IF(AND(H22>0.35,G22<0.35,E22>0.35,T22="",R22="",P22="",N22="",S22=""),TRUE,FALSE) -> FALSE | AD22: =IFERROR(ABS(ABS(K22-'Data Transformation'!$R$5)-ABS(K22-'Data Transformation'!$R$6)),"") | AE22: =IF(C22=FALSE,"",IF(AND(OR(V22=$Z$6,V22=$Z$8),OR(AC22=TRUE,AD22<=IF(ISNUMBER('Data Transformation'!$R$15),'Data Transformation'!$R$15,'Data Transformation'!$R$25))),TRUE,FALSE)) -> #DIV/0!
K23: =IFERROR(AVERAGEIF('Data Transformation'!$B$425:$B$8425,B23,IF('Input and Summary Results'!$J$4="no",'Data Transformation'!$C$425:$C$8425,'Data Transformation'!$E$425:$E$8425)),"") | L23: {=IFERROR(_xlfn.STDEV.S(IF('Data Transformation'!$B$425:$B$8425=B23,IF('Input and Summary Results'!$J$4="no",'Data Transformation'!$C$425:$C$8425,'Data Transformation'!$E$425:$E$8425),"")),"")} | N23: =IF(E23>='Data Transformation'!$R$29,B23,"") | O23: =IFERROR(IF(AND(Assignments!L23<('Data Transformation'!$R$4-'Data Transformation'!$R$3)/2,ABS(K23-'Data Transformation'!$R$6)>ABS(K23-'Data Transformation'!$R$5),NOT(ISNUMBER(N23)),NOT(ISNUMBER(R23)),NOT(ISNUMBER(P23)),NOT(ISNUMBER(R23)),NOT(ISNUMBER(S23)),NOT(ISNUMBER(T23))),Assignments!B23,""),"") | P23: =IF(AND(NOT(ISNUMBER(N23)),NOT(ISNUMBER(R23)),NOT(ISNUMBER(S23)),G23>='Data Transformation'!$R$28),B23,"") | Q23: =IFERROR(IF(AND(Assignments!L23<('Data Transformation'!$R$4-'Data Transformation'!$R$3)/2,ABS(K23-'Data Transformation'!$R$6)<ABS(K23-'Data Transformation'!$R$5),NOT(ISNUMBER(N23)),NOT(ISNUMBER(T23)),NOT(ISNUMBER(P23)),NOT(ISNUMBER(R23)),NOT(ISNUMBER(T23)),NOT(ISNUMBER(S23))),Assignments!B23,""),"") | R23: =IF(H23>='Data Transformation'!$R$30,B23,"") | S23: =IF(D23>='Data Transformation'!$R$31,B23,"") | T23: =IF(AND(H23<'Data Transformation'!$R$30,E23<'Data Transformation'!$R$29,G23<0.3,D23<'Data Transformation'!$R$31,E23>0.4,H23>0.4),B23,"") | V23: {=IF(C23=FALSE,"",IF(AND(ISNUMBER(B23),ISBLANK(N23:T23)),"Unclassified",(IF(COUNT(N23:T23)=0,"",INDEX($N$4:$T$4,MATCH(TRUE,N23:T23=B23,0))))))} | W23: =IF(COUNT(N23:T23)>1,"True","") | X23: =IF(AND(D23>0.8,G23>0.5,ISNUMBER(B23)),"True","") | AC23: =IF(AND(H23>0.35,G23<0.35,E23>0.35,T23="",R23="",P23="",N23="",S23=""),TRUE,FALSE) -> FALSE | AD23: =IFERROR(ABS(ABS(K23-'Data Transformation'!$R$5)-ABS(K23-'Data Transformation'!$R$6)),"") | AE23: =IF(C23=FALSE,"",IF(AND(OR(V23=$Z$6,V23=$Z$8),OR(AC23=TRUE,AD23<=IF(ISNUMBER('Data Transformation'!$R$15),'Data Transformation'!$R$15,'Data Transformation'!$R$25))),TRUE,FALSE)) -> #DIV/0!
... K355: =IFERROR(AVERAGEIF('Data Transformation'!$B$425:$B$8425,B355,IF('Input and Summary Results'!$J$4="no",'Data Transformation'!$C$425:$C$8425,'Data Transformation'!$E$425:$E$8425)),"") | L355: {=IFERROR(_xlfn.STDEV.S(IF('Data Transformation'!$B$425:$B$8425=B355,IF('Input and Summary Results'!$J$4="no",'Data Transformation'!$C$425:$C$8425,'Data Transformation'!$E$425:$E$8425),"")),"")} | N355: =IF(E355>='Data Transformation'!$R$29,B355,"") | O355: =IFERROR(IF(AND(Assignments!L355<('Data Transformation'!$R$4-'Data Transformation'!$R$3)/2,ABS(K355-'Data Transformation'!$R$6)>ABS(K355-'Data Transformation'!$R$5),NOT(ISNUMBER(N355)),NOT(ISNUMBER(R355)),NOT(ISNUMBER(P355)),NOT(ISNUMBER(R355)),NOT(ISNUMBER(S355)),NOT(ISNUMBER(T355))),Assignments!B355,""),"") | P355: =IF(AND(NOT(ISNUMBER(N355)),NOT(ISNUMBER(R355)),NOT(ISNUMBER(S355)),G355>='Data Transformation'!$R$28),B355,"") | Q355: =IFERROR(IF(AND(Assignments!L355<('Data Transformation'!$R$4-'Data Transformation'!$R$3)/2,ABS(K355-'Data Transformation'!$R$6)<ABS(K355-'Data Transformation'!$R$5),NOT(ISNUMBER(N355)),NOT(ISNUMBER(T355)),NOT(ISNUMBER(P355)),NOT(ISNUMBER(R355)),NOT(ISNUMBER(T355)),NOT(ISNUMBER(S355))),Assignments!B355,""),"") | R355: =IF(H355>='Data Transformation'!$R$30,B355,"") | S355: =IF(D355>='Data Transformation'!$R$31,B355,"") | T355: =IF(AND(H355<'Data Transformation'!$R$30,E355<'Data Transformation'!$R$29,G355<0.3,D355<'Data Transformation'!$R$31,E355>0.4,H355>0.4),B355,"") | V355: {=IF(C355=FALSE,"",IF(AND(ISNUMBER(B355),ISBLANK(N355:T355)),"Unclassified",(IF(COUNT(N355:T355)=0,"",INDEX($N$4:$T$4,MATCH(TRUE,N355:T355=B355,0))))))} | W355: =IF(COUNT(N355:T355)>1,"True","") | X355: =IF(AND(D355>0.8,G355>0.5,ISNUMBER(B355)),"True","") | AC355: =IF(AND(H355>0.35,G355<0.35,E355>0.35,T355="",R355="",P355="",N355="",S355=""),TRUE,FALSE) -> FALSE | AD355: =IFERROR(ABS(ABS(K355-'Data Transformation'!$R$5)-ABS(K355-'Data Transformation'!$R$6)),"") | AE355: =IF(C355=FALSE,"",IF(AND(OR(V355=$Z$6,V355=$Z$8),OR(AC355=TRUE,AD355<=IF(ISNUMBER('Data Transformation'!$R$15),'Data Transformation'!$R$15,'Data Transformation'!$R$25))),TRUE,FALSE)) -> #DIV/0!

Sheet Bin Analysis
O1: Scores
M2: # of variants | N2: Enhancing | O2: Neutral | P2: Unweighted rheostat | Q2: Weighted rheostat | R2: Toggle | S2: Binary | X2: Freq above top boundary | Y2: Freq under bottom boundary
B3: All | M3: =INDEX('Data Transformation'!$O$4:$O$424,MATCH($B$3,'Data Transformation'!$M$4:$M$424,0),MATCH($M$2,'Data Transformation'!$O$3,0)) -> FALSE | N3: =IF('Input and Summary Results'!$J$16="minimum",'Bin Analysis'!X4/(M3-1),'Bin Analysis'!Y3/('Bin Analysis'!M3-1)) -> 0 | O3: =IF(M3=FALSE,NA(),(VLOOKUP(1,C6:K25,4,FALSE))/(M3-1)) -> #N/A | P3: =IF(M3=FALSE,NA(),SUM(J6:J25)/Weighting!$S$5) -> #N/A | Q3: =IF(M3=FALSE,NA(),SUM(K6:K25)/Weighting!$S$6) -> #N/A | R3: =IF(M3=FALSE,NA(),(VLOOKUP(1,G6:K25,3,FALSE))/(M3-1)) -> #N/A | S3: =IF(M3=FALSE,NA(),IF(SUM(J6:J25)=2,"yes","no")) -> #N/A | X3: {=FREQUENCY('Data Transformation'!G425:G6424,'Data Transformation'!$U$11)} -> 0 | Y3: {=FREQUENCY('Data Transformation'!G425:G8425,'Data Transformation'!$U$12)} -> 0
B4: Bins | C4: Wild Type | D4: WT centered bin | E4: Freq in WT centered | F4: Binned in WT centered | G4: Dead Protein | H4: freq | I4: binned | J4: bin occupancy | K4: weighted bins | X4: 0 | Y4: 0
D5: =IF(C5=1,'Data Transformation'!$G$3+0.5*'Data Transformation'!$W$25,IF(C6=1,D6-'Data Transformation'!$W$25,FALSE)) -> #NUM! | E5: =IF(ISLOGICAL(D5),"",FREQUENCY('Data Transformation'!$G$425:$G$8425,D5)) -> 0 | F5: =IF(ISLOGICAL(D5),"",E5-E4) -> #VALUE!
A6: =IF(Weighting!$P$6>0,B6,"") -> #NUM! | B6: =Weighting!$C$6 -> #DIV/0! | C6: =Weighting!$F$6 -> #NUM! | D6: =IF(C6=1,'Data Transformation'!$G$3+0.5*'Data Transformation'!$W$25,IF(C7=1,D7-'Data Transformation'!$W$25,FALSE)) -> #NUM! | E6: =IF(ISLOGICAL(D6),"",FREQUENCY('Data Transformation'!$G$425:$G$8425,D6)) -> 0 | F6: =IF(ISLOGICAL(D6),"",E6-E5) -> 0 | G6: =Weighting!$H$6 -> 1 | H6: =FREQUENCY('Data Transformation'!$G$425:$G$8425, $B$6) -> 0 | I6: =H6-H5+C6 -> #NUM! | J6: =IF(I6=0,0,1) -> #NUM! | K6: =J6*Weighting!$W$6 -> #NUM!
A7: =IF(Weighting!$P$7>0,B7,"") | B7: =Weighting!$C$7 -> #DIV/0! | C7: =Weighting!$F$7 -> #NUM! | D7: =IF(C7=1,'Data Transformation'!$G$3+0.5*'Data Transformation'!$W$25,IF(C8=1,D8-'Data Transformation'!$W$25,FALSE)) -> #NUM! | E7: =IF(ISLOGICAL(D7),"",FREQUENCY('Data Transformation'!$G$425:$G$8425,D7)) -> 0 | F7: =IF(ISLOGICAL(D7),"",E7-E6) -> 0 | G7: =Weighting!$H$7 -> 0 | H7: =FREQUENCY('Data Transformation'!$G$425:$G$8425, $B$7) -> 0 | I7: =H7-H6+C7 -> #NUM! | J7: =IF(I7=0,0,1) -> #NUM! | K7: =J7*Weighting!$W$7 -> #NUM!
A8: =IF(Weighting!$P$8>0,B8,"") | B8: =Weighting!$C$8 -> #DIV/0! | C8: =Weighting!$F$8 -> #NUM! | D8: =IF(C8=1,'Data Transformation'!$G$3+0.5*'Data Transformation'!$W$25,IF(C9=1,D9-'Data Transformation'!$W$25,FALSE)) -> #NUM! | E8: =IF(ISLOGICAL(D8),"",FREQUENCY('Data Transformation'!$G$425:$G$8425,D8)) -> 0 | F8: =IF(ISLOGICAL(D8),"",E8-E7) -> 0 | G8: =Weighting!$H$8 -> 0 | H8: =FREQUENCY('Data Transformation'!$G$425:$G$8425, $B$8) -> 0 | I8: =H8-H7+C8 -> #NUM! | J8: =IF(I8=0,0,1) -> #NUM! | K8: =J8*Weighting!$W$8 -> #NUM!
A9: =IF(Weighting!$P$9>0,B9,"") | B9: =Weighting!$C$9 -> #DIV/0! | C9: =Weighting!$F$9 -> #NUM! | D9: =IF(C9=1,'Data Transformation'!$G$3+0.5*'Data Transformation'!$W$25,IF(C10=1,D10-'Data Transformation'!$W$25,FALSE)) -> #NUM! | E9: =IF(ISLOGICAL(D9),"",FREQUENCY('Data Transformation'!$G$425:$G$8425,D9)) -> 0 | F9: =IF(ISLOGICAL(D9),"",E9-E8) -> 0 | G9: =Weighting!$H$9 -> 0 | H9: =FREQUENCY('Data Transformation'!$G$425:$G$8425, $B$9) -> 0 | I9: =H9-H8+C9 -> #NUM! | J9: =IF(I9=0,0,1) -> #NUM! | K9: =J9*Weighting!$W$9 -> #NUM!
A10: =IF(Weighting!$P$10>0,B10,"") | B10: =Weighting!$C$10 -> #DIV/0! | C10: =Weighting!$F$10 -> #NUM! | D10: =IF(C10=1,'Data Transformation'!$G$3+0.5*'Data Transformation'!$W$25,IF(C11=1,D11-'Data Transformation'!$W$25,FALSE)) -> #NUM! | E10: =IF(ISLOGICAL(D10),"",FREQUENCY('Data Transformation'!$G$425:$G$8425,D10)) -> 0 | F10: =IF(ISLOGICAL(D10),"",E10-E9) -> 0 | G10: =Weighting!$H$10 -> 0 | H10: =FREQUENCY('Data Transformation'!$G$425:$G$8425, $B$10) -> 0 | I10: =H10-H9+C10 -> #NUM! | J10: =IF(I10=0,0,1) -> #NUM! | K10: =J10*Weighting!$W$10 -> #NUM!
A11: =IF(Weighting!$P$11>0,B11,"") | B11: =Weighting!$C$11 -> #DIV/0! | C11: =Weighting!$F$11 -> #NUM! | D11: =IF(C11=1,'Data Transformation'!$G$3+0.5*'Data Transformation'!$W$25,IF(C12=1,D12-'Data Transformation'!$W$25,FALSE)) -> #NUM! | E11: =IF(ISLOGICAL(D11),"",FREQUENCY('Data Transformation'!$G$425:$G$8425,D11)) -> 0 | F11: =IF(ISLOGICAL(D11),"",E11-E10) -> 0 | G11: =Weighting!$H$11 -> 0 | H11: =FREQUENCY('Data Transformation'!$G$425:$G$8425, $B$11) -> 0 | I11: =H11-H10+C11 -> #NUM! | J11: =IF(I11=0,0,1) -> #NUM! | K11: =J11*Weighting!$W$11 -> #NUM!
A12: =IF(Weighting!$P$12>0,B12,"") | B12: =Weighting!$C$12 -> #DIV/0! | C12: =Weighting!$F$12 -> #NUM! | D12: =IF(C12=1,'Data Transformation'!$G$3+0.5*'Data Transformation'!$W$25,IF(C13=1,D13-'Data Transformation'!$W$25,FALSE)) -> #NUM! | E12: =IF(ISLOGICAL(D12),"",FREQUENCY('Data Transformation'!$G$425:$G$8425,D12)) -> 0 | F12: =IF(ISLOGICAL(D12),"",E12-E11) -> 0 | G12: =Weighting!$H$12 -> 0 | H12: =FREQUENCY('Data Transformation'!$G$425:$G$8425, $B$12) -> 0 | I12: =H12-H11+C12 -> #NUM! | J12: =IF(I12=0,0,1) -> #NUM! | K12: =J12*Weighting!$W$12 -> #NUM!
A13: =IF(Weighting!$P$13>0,B13,"") | B13: =Weighting!$C$13 -> #DIV/0! | C13: =Weighting!$F$13 -> #NUM! | D13: =IF(C13=1,'Data Transformation'!$G$3+0.5*'Data Transformation'!$W$25,IF(C14=1,D14-'Data Transformation'!$W$25,FALSE)) -> #NUM! | E13: =IF(ISLOGICAL(D13),"",FREQUENCY('Data Transformation'!$G$425:$G$8425,D13)) -> 0 | F13: =IF(ISLOGICAL(D13),"",E13-E12) -> 0 | G13: =Weighting!$H$13 -> 0 | H13: =FREQUENCY('Data Transformation'!$G$425:$G$8425, $B$13) -> 0 | I13: =H13-H12+C13 -> #NUM! | J13: =IF(I13=0,0,1) -> #NUM! | K13: =J13*Weighting!$W$13 -> #NUM!
A14: =IF(Weighting!$P$14>0,B14,"") | B14: =Weighting!$C$14 -> #DIV/0! | C14: =Weighting!$F$14 -> #NUM! | D14: =IF(C14=1,'Data Transformation'!$G$3+0.5*'Data Transformation'!$W$25,IF(C15=1,D15-'Data Transformation'!$W$25,FALSE)) -> #NUM! | E14: =IF(ISLOGICAL(D14),"",FREQUENCY('Data Transformation'!$G$425:$G$8425,D14)) -> 0 | F14: =IF(ISLOGICAL(D14),"",E14-E13) -> 0 | G14: =Weighting!$H$14 -> 0 | H14: =FREQUENCY('Data Transformation'!$G$425:$G$8425, $B$14) -> 0 | I14: =H14-H13+C14 -> #NUM! | J14: =IF(I14=0,0,1) -> #NUM! | K14: =J14*Weighting!$W$14 -> #NUM!
A15: =IF(Weighting!$P$15>0,B15,"") | B15: =Weighting!$C$15 -> #DIV/0! | C15: =Weighting!$F$15 -> #NUM! | D15: =IF(C15=1,'Data Transformation'!$G$3+0.5*'Data Transformation'!$W$25,IF(C16=1,D16-'Data Transformation'!$W$25,FALSE)) -> #NUM! | E15: =IF(ISLOGICAL(D15),"",FREQUENCY('Data Transformation'!$G$425:$G$8425,D15)) -> 0 | F15: =IF(ISLOGICAL(D15),"",E15-E14) -> 0 | G15: =Weighting!$H$15 -> 0 | H15: =FREQUENCY('Data Transformation'!$G$425:$G$8425, $B$15) -> 0 | I15: =H15-H14+C15 -> #NUM! | J15: =IF(I15=0,0,1) -> #NUM! | K15: =J15*Weighting!$W$15 -> #NUM!
A16: =IF(Weighting!$P$16>0,B16,"") | B16: =Weighting!$C$16 -> #DIV/0! | C16: =Weighting!$F$16 -> #NUM! | D16: =IF(C16=1,'Data Transformation'!$G$3+0.5*'Data Transformation'!$W$25,IF(C17=1,D17-'Data Transformation'!$W$25,FALSE)) -> #NUM! | E16: =IF(ISLOGICAL(D16),"",FREQUENCY('Data Transformation'!$G$425:$G$8425,D16)) -> 0 | F16: =IF(ISLOGICAL(D16),"",E16-E15) -> 0 | G16: =Weighting!$H$16 -> 0 | H16: =FREQUENCY('Data Transformation'!$G$425:$G$8425, $B$16) -> 0 | I16: =H16-H15+C16 -> #NUM! | J16: =IF(I16=0,0,1) -> #NUM! | K16: =J16*Weighting!$W$16 -> #NUM!
A17: =IF(Weighting!$P$17>0,B17,"") | B17: =Weighting!$C$17 -> #DIV/0! | C17: =Weighting!$F$17 -> #NUM! | D17: =IF(C17=1,'Data Transformation'!$G$3+0.5*'Data Transformation'!$W$25,IF(C18=1,D18-'Data Transformation'!$W$25,FALSE)) -> #NUM! | E17: =IF(ISLOGICAL(D17),"",FREQUENCY('Data Transformation'!$G$425:$G$8425,D17)) -> 0 | F17: =IF(ISLOGICAL(D17),"",E17-E16) -> 0 | G17: =Weighting!$H$17 -> 0 | H17: =FREQUENCY('Data Transformation'!$G$425:$G$8425, $B$17) -> 0 | I17: =H17-H16+C17 -> #NUM! | J17: =IF(I17=0,0,1) -> #NUM! | K17: =J17*Weighting!$W$17 -> #NUM!
A18: =IF(Weighting!$P$18>0,B18,"") | B18: =Weighting!$C$18 -> #DIV/0! | C18: =Weighting!$F$18 -> #NUM! | D18: =IF(C18=1,'Data Transformation'!$G$3+0.5*'Data Transformation'!$W$25,IF(C19=1,D19-'Data Transformation'!$W$25,FALSE)) -> #NUM! | E18: =IF(ISLOGICAL(D18),"",FREQUENCY('Data Transformation'!$G$425:$G$8425,D18)) -> 0 | F18: =IF(ISLOGICAL(D18),"",E18-E17) -> 0 | G18: =Weighting!$H$18 -> 0 | H18: =FREQUENCY('Data Transformation'!$G$425:$G$8425, $B$18) -> 0 | I18: =H18-H17+C18 -> #NUM! | J18: =IF(I18=0,0,1) -> #NUM! | K18: =J18*Weighting!$W$18 -> #NUM!
A19: =IF(Weighting!$P$19>0,B19,"") | B19: =Weighting!$C$19 -> #DIV/0! | C19: =Weighting!$F$19 -> #NUM! | D19: =IF(C19=1,'Data Transformation'!$G$3+0.5*'Data Transformation'!$W$25,IF(C20=1,D20-'Data Transformation'!$W$25,FALSE)) -> #NUM! | E19: =IF(ISLOGICAL(D19),"",FREQUENCY('Data Transformation'!$G$425:$G$8425,D19)) -> 0 | F19: =IF(ISLOGICAL(D19),"",E19-E18) -> 0 | G19: =Weighting!$H$19 -> 0 | H19: =FREQUENCY('Data Transformation'!$G$425:$G$8425, $B$19) -> 0 | I19: =H19-H18+C19 -> #NUM! | J19: =IF(I19=0,0,1) -> #NUM! | K19: =J19*Weighting!$W$19 -> #NUM!
A20: =IF(Weighting!$P$20>0,B20,"") | B20: =Weighting!$C$20 -> #DIV/0! | C20: =Weighting!$F$20 -> #NUM! | D20: =IF(C20=1,'Data Transformation'!$G$3+0.5*'Data Transformation'!$W$25,IF(C21=1,D21-'Data Transformation'!$W$25,FALSE)) -> #NUM! | E20: =IF(ISLOGICAL(D20),"",FREQUENCY('Data Transformation'!$G$425:$G$8425,D20)) -> 0 | F20: =IF(ISLOGICAL(D20),"",E20-E19) -> 0 | G20: =Weighting!$H$20 -> 0 | H20: =FREQUENCY('Data Transformation'!$G$425:$G$8425, $B$20) -> 0 | I20: =H20-H19+C20 -> #NUM! | J20: =IF(I20=0,0,1) -> #NUM! | K20: =J20*Weighting!$W$20 -> #NUM!
A21: =IF(Weighting!$P$21>0,B21,"") | B21: =Weighting!$C$21 -> #DIV/0! | C21: =Weighting!$F$21 -> #NUM! | D21: =IF(C21=1,'Data Transformation'!$G$3+0.5*'Data Transformation'!$W$25,IF(C22=1,D22-'Data Transformation'!$W$25,FALSE)) -> #NUM! | E21: =IF(ISLOGICAL(D21),"",FREQUENCY('Data Transformation'!$G$425:$G$8425,D21)) -> 0 | F21: =IF(ISLOGICAL(D21),"",E21-E20) -> 0 | G21: =Weighting!$H$21 -> 0 | H21: =FREQUENCY('Data Transformation'!$G$425:$G$8425, $B$21) -> 0 | I21: =H21-H20+C21 -> #NUM! | J21: =IF(I21=0,0,1) -> #NUM! | K21: =J21*Weighting!$W$21 -> #NUM!
A22: =IF(Weighting!$P$22>0,B22,"") | B22: =Weighting!$C$22 -> #DIV/0! | C22: =Weighting!$F$22 -> #NUM! | D22: =IF(C22=1,'Data Transformation'!$G$3+0.5*'Data Transformation'!$W$25,IF(C23=1,D23-'Data Transformation'!$W$25,FALSE)) -> #NUM! | E22: =IF(ISLOGICAL(D22),"",FREQUENCY('Data Transformation'!$G$425:$G$8425,D22)) -> 0 | F22: =IF(ISLOGICAL(D22),"",E22-E21) -> 0 | G22: =Weighting!$H$22 -> 0 | H22: =FREQUENCY('Data Transformation'!$G$425:$G$8425, $B$22) -> 0 | I22: =H22-H21+C22 -> #NUM! | J22: =IF(I22=0,0,1) -> #NUM! | K22: =J22*Weighting!$W$22 -> #NUM!
A23: =IF(Weighting!$P$23>0,B23,"") | B23: =Weighting!$C$23 -> #DIV/0! | C23: =Weighting!$F$23 -> #NUM! | D23: =IF(C23=1,'Data Transformation'!$G$3+0.5*'Data Transformation'!$W$25,IF(C24=1,D24-'Data Transformation'!$W$25,FALSE)) -> #NUM! | E23: =IF(ISLOGICAL(D23),"",FREQUENCY('Data Transformation'!$G$425:$G$8425,D23)) -> 0 | F23: =IF(ISLOGICAL(D23),"",E23-E22) -> 0 | G23: =Weighting!$H$23 -> 0 | H23: =FREQUENCY('Data Transformation'!$G$425:$G$8425, $B$23) -> 0 | I23: =H23-H22+C23 -> #NUM! | J23: =IF(I23=0,0,1) -> #NUM! | K23: =J23*Weighting!$W$23 -> #NUM!
A24: =IF(Weighting!$P$24>0,B24,"") | B24: =Weighting!$C$24 -> #DIV/0! | C24: =Weighting!$F$24 -> #NUM! | D24: =IF(C24=1,'Data Transformation'!$G$3+0.5*'Data Transformation'!$W$25,IF(C25=1,D25-'Data Transformation'!$W$25,FALSE)) -> #NUM! | E24: =IF(ISLOGICAL(D24),"",FREQUENCY('Data Transformation'!$G$425:$G$8425,D24)) -> 0 | F24: =IF(ISLOGICAL(D24),"",E24-E23) -> 0 | G24: =Weighting!$H$24 -> 0 | H24: =FREQUENCY('Data Transformation'!$G$425:$G$8425, $B$24) -> 0 | I24: =H24-H23+C24 -> #NUM! | J24: =IF(I24=0,0,1) -> #NUM! | K24: =J24*Weighting!$W$24 -> #NUM!
A25: =IF(Weighting!$P$25>0,B25,"") | B25: =Weighting!$C$25 -> #DIV/0! | C25: =Weighting!$F$25 -> #NUM! | D25: =IF(C25=1,'Data Transformation'!$G$3+0.5*'Data Transformation'!$W$25,IF(C26=1,D26-'Data Transformation'!$W$25,FALSE)) -> #NUM! | E25: =IF(ISLOGICAL(D25),"",FREQUENCY('Data Transformation'!$G$425:$G$8425,D25)) -> 0 | F25: =IF(ISLOGICAL(D25),"",E25-E24) -> 0 | G25: =Weighting!$H$25 -> 0 | H25: =FREQUENCY('Data Transformation'!$G$425:$G$8425, $B$25) -> 0 | I25: =H25-H24+C25 -> #NUM! | J25: =IF(I25=0,0,1) -> #NUM! | K25: =J25*Weighting!$W$25 -> #NUM!
