Workbook

Sheet How to use this calculator

Sheet Input and Summary Results
A2: Data set: | B2: Plpro activity in the presence of inhibitors, from the combined and filtered set shown in Call lab SuppFig 13
B4: Position | C4: Mutation | D4: Functional Value | E4: Error | G4: Positions Analyzed | I4: Should the data be converted to a log scale? | J4: no | N4: Scores
A5: Wild Type | B5: NA | C5: NA | D5: 1 | L5: Position | M5: # of variants | N5: Enhancing | O5: Neutral | P5: Unweighted rheostat | Q5: Weighted rheostat | R5: Toggle | S5: Binary | T5: Average | U5: Standard Deviation | V5: Assignment | AA5: Enhancing | AB5: =O5 -> Neutral | AC5: =P5 -> Unweighted rheostat | AD5: =Q5 -> Weighted rheostat | AE5: =R5 -> Toggle | AF5: Binary
A6: Format Example | B6: 45 | C6: A | D6: 0.563 | E6: 0.0034 | I6: Data statistics | L6: all | M6: =INDEX('Bin Analysis'!$C$3:$S$505,MATCH($L6,'Bin Analysis'!$B$3:$B$505,0),MATCH(M$5,'Bin Analysis'!$C$2:$S$2,0)) -> 4933 | N6: =INDEX('Bin Analysis'!$C$3:$S$505,MATCH($L6,'Bin Analysis'!$B$3:$B$505,0),MATCH(N$5,'Bin Analysis'!$C$2:$S$2,0)) -> 0.02595296 | O6: =INDEX('Bin Analysis'!$C$3:$S$505,MATCH($L6,'Bin Analysis'!$B$3:$B$505,0),MATCH(O$5,'Bin Analysis'!$C$2:$S$2,0)) -> 0.26378751 | P6: =INDEX('Bin Analysis'!$C$3:$S$505,MATCH($L6,'Bin Analysis'!$B$3:$B$505,0),MATCH(P$5,'Bin Analysis'!$C$2:$S$2,0)) -> 1 | Q6: =INDEX('Bin Analysis'!$C$3:$S$505,MATCH($L6,'Bin Analysis'!$B$3:$B$505,0),MATCH(Q$5,'Bin Analysis'!$C$2:$S$2,0)) -> 1 | R6: =INDEX('Bin Analysis'!$C$3:$S$505,MATCH($L6,'Bin Analysis'!$B$3:$B$505,0),MATCH(R$5,'Bin Analysis'!$C$2:$S$2,0)) -> 0.3959854 | S6: =INDEX('Bin Analysis'!$C$3:$S$505,MATCH($L6,'Bin Analysis'!$B$3:$B$505,0),MATCH(S$5,'Bin Analysis'!$C$2:$S$2,0)) -> no | T6: =Assignments!K5 -> 0.5388359 | U6: =Assignments!L5 -> 0.40966876 | Z6: <0.1 | AA6: =COUNTIF(N$7:N$427,"<0.1") -> 290 | AB6: =COUNTIF(O$7:O$427,"<0.1") -> 139 | AC6: =COUNTIF(P$7:P$427,"<0.1") -> 0 | AD6: =COUNTIF(Q$7:Q$427,"<0.1") -> 26 | AE6: =COUNTIF(R$7:R$427,"<0.1") -> 113 | AF6: =COUNTIF(S$7:S$427,"=yes") -> 29
A7: E | B7: 1 | C7: W | D7: 0.63034 | E7: 0.08376377 | I7: Minimum | J7: =IF($J$4="yes",10^('Data Transformation'!R3),'Data Transformation'!R3) -> -0.2114974 | L7: =$G8 -> 1 | M7: =IF(L7=" "," ",(IF($L7>0,INDEX('Bin Analysis'!$C$3:$S$10110,MATCH($L7,'Bin Analysis'!$L$3:$L$10110,0),MATCH(M$5,'Bin Analysis'!$C$2:$S$2,0))," "))) -> 18 | N7: =IF($L7=" "," ",(IF($M7=FALSE," ",(IF($M7>0,INDEX('Bin Analysis'!$C$3:$S$10110,MATCH($L7,'Bin Analysis'!$L$3:$L$10110,0),MATCH(N$5,'Bin Analysis'!$C$2:$S$2,0))," "))))) -> 0 | O7: =IF($L7=" "," ",(IF($M7=FALSE," ",(IF($M7>0,INDEX('Bin Analysis'!$C$3:$S$10110,MATCH($L7,'Bin Analysis'!$L$3:$L$10110,0),MATCH(O$5,'Bin Analysis'!$C$2:$S$2,0))," "))))) -> 0.41176471 | P7: =IF($L7=" "," ",(IF($M7=FALSE," ",(IF($M7>0,INDEX('Bin Analysis'!$C$3:$S$10110,MATCH($L7,'Bin Analysis'!$L$3:$L$10110,0),MATCH(P$5,'Bin Analysis'!$C$2:$S$2,0))," "))))) -> 0.4 | Q7: =IF($L7=" "," ",(IF($M7=FALSE," ",(IF($M7>0,INDEX('Bin Analysis'!$C$3:$S$10110,MATCH($L7,'Bin Analysis'!$L$3:$L$10110,0),MATCH(Q$5,'Bin Analysis'!$C$2:$S$2,0))," "))))) -> 0.39130435 | R7: =IF($L7=" "," ",(IF($M7=FALSE," ",(IF($M7>0,INDEX('Bin Analysis'!$C$3:$S$10110,MATCH($L7,'Bin Analysis'!$L$3:$L$10110,0),MATCH(R$5,'Bin Analysis'!$C$2:$S$2,0))," "))))) -> 0 | S7: =IF($L7=" "," ",(IF($M7=FALSE," ",(IF($M7>0,INDEX('Bin Analysis'!$C$3:$S$10110,MATCH($L7,'Bin Analysis'!$L$3:$L$10110,0),MATCH(S$5,'Bin Analysis'!$C$2:$S$2,0))," "))))) -> no | T7: =Assignments!K6 -> 0.8152088 | U7: =Assignments!L6 -> 0.10373043 | V7: =Assignments!V6 -> Moderate | Z7: 0.1 to < 0.2 | AA7: =COUNTIF(N$7:N$427,"<0.2")-SUM(AA6) -> 12 | AB7: =COUNTIF(O$7:O$427,"<0.2")-SUM(AB6) -> 36 | AC7: =COUNTIF(P$7:P$427,"<0.2")-SUM(AC6) -> 0 | AD7: =COUNTIF(Q$7:Q$427,"<0.2")-SUM(AD6) -> 20 | AE7: =COUNTIF(R$7:R$427,"<0.2")-SUM(AE6) -> 34
A8: E | B8: 1 | C8: Y | D8: 0.68393146 | E8: 0.04148169 | G8: =IFERROR('Data Transformation'!M6," ") -> 1 | I8: Maximum | J8: =IF($J$4="yes",10^('Data Transformation'!R4),'Data Transformation'!R4) -> 1.4334565 | L8: =$G9 -> 2 | M8: =IF(L8=" "," ",(IF($L8>0,INDEX('Bin Analysis'!$C$3:$S$10110,MATCH($L8,'Bin Analysis'!$L$3:$L$10110,0),MATCH(M$5,'Bin Analysis'!$C$2:$S$2,0))," "))) -> 18 | N8: =IF($L8=" "," ",(IF($M8=FALSE," ",(IF($M8>0,INDEX('Bin Analysis'!$C$3:$S$10110,MATCH($L8,'Bin Analysis'!$L$3:$L$10110,0),MATCH(N$5,'Bin Analysis'!$C$2:$S$2,0))," "))))) -> 0 | O8: =IF($L8=" "," ",(IF($M8=FALSE," ",(IF($M8>0,INDEX('Bin Analysis'!$C$3:$S$10110,MATCH($L8,'Bin Analysis'!$L$3:$L$10110,0),MATCH(O$5,'Bin Analysis'!$C$2:$S$2,0))," "))))) -> 1 | P8: =IF($L8=" "," ",(IF($M8=FALSE," ",(IF($M8>0,INDEX('Bin Analysis'!$C$3:$S$10110,MATCH($L8,'Bin Analysis'!$L$3:$L$10110,0),MATCH(P$5,'Bin Analysis'!$C$2:$S$2,0))," "))))) -> 0.2 | Q8: =IF($L8=" "," ",(IF($M8=FALSE," ",(IF($M8>0,INDEX('Bin Analysis'!$C$3:$S$10110,MATCH($L8,'Bin Analysis'!$L$3:$L$10110,0),MATCH(Q$5,'Bin Analysis'!$C$2:$S$2,0))," "))))) -> 0.13043478 | R8: =IF($L8=" "," ",(IF($M8=FALSE," ",(IF($M8>0,INDEX('Bin Analysis'!$C$3:$S$10110,MATCH($L8,'Bin Analysis'!$L$3:$L$10110,0),MATCH(R$5,'Bin Analysis'!$C$2:$S$2,0))," "))))) -> 0 | S8: =IF($L8=" "," ",(IF($M8=FALSE," ",(IF($M8>0,INDEX('Bin Analysis'!$C$3:$S$10110,MATCH($L8,'Bin Analysis'!$L$3:$L$10110,0),MATCH(S$5,'Bin Analysis'!$C$2:$S$2,0))," "))))) -> yes | T8: =Assignments!K7 -> 1.0167753 | U8: =Assignments!L7 -> 0.046076489 | V8: =Assignments!V7 -> Neutral | Z8: 0.2 to < 0.3 | AA8: =COUNTIF(N$7:N$427,"<0.3")-SUM(AA6:AA7) -> 3 | AB8: =COUNTIF(O$7:O$427,"<0.3")-SUM(AB6:AB7) -> 24 | AC8: =COUNTIF(P$7:P$427,"<0.3")-SUM(AC6:AC7) -> 29 | AD8: =COUNTIF(Q$7:Q$427,"<0.3")-SUM(AD6:AD7) -> 29 | AE8: =COUNTIF(R$7:R$427,"<0.3")-SUM(AE6:AE7) -> 17
A9: E | B9: 1 | C9: H | D9: 0.68619103 | E9: 0.04493149 | G9: =IFERROR('Data Transformation'!M7," ") -> 2 | L9: =$G10 -> 3 | M9: =IF(L9=" "," ",(IF($L9>0,INDEX('Bin Analysis'!$C$3:$S$10110,MATCH($L9,'Bin Analysis'!$L$3:$L$10110,0),MATCH(M$5,'Bin Analysis'!$C$2:$S$2,0))," "))) -> 19 | N9: =IF($L9=" "," ",(IF($M9=FALSE," ",(IF($M9>0,INDEX('Bin Analysis'!$C$3:$S$10110,MATCH($L9,'Bin Analysis'!$L$3:$L$10110,0),MATCH(N$5,'Bin Analysis'!$C$2:$S$2,0))," "))))) -> 0 | O9: =IF($L9=" "," ",(IF($M9=FALSE," ",(IF($M9>0,INDEX('Bin Analysis'!$C$3:$S$10110,MATCH($L9,'Bin Analysis'!$L$3:$L$10110,0),MATCH(O$5,'Bin Analysis'!$C$2:$S$2,0))," "))))) -> 0.94444444 | P9: =IF($L9=" "," ",(IF($M9=FALSE," ",(IF($M9>0,INDEX('Bin Analysis'!$C$3:$S$10110,MATCH($L9,'Bin Analysis'!$L$3:$L$10110,0),MATCH(P$5,'Bin Analysis'!$C$2:$S$2,0))," "))))) -> 0.2 | Q9: =IF($L9=" "," ",(IF($M9=FALSE," ",(IF($M9>0,INDEX('Bin Analysis'!$C$3:$S$10110,MATCH($L9,'Bin Analysis'!$L$3:$L$10110,0),MATCH(Q$5,'Bin Analysis'!$C$2:$S$2,0))," "))))) -> 0.13043478 | R9: =IF($L9=" "," ",(IF($M9=FALSE," ",(IF($M9>0,INDEX('Bin Analysis'!$C$3:$S$10110,MATCH($L9,'Bin Analysis'!$L$3:$L$10110,0),MATCH(R$5,'Bin Analysis'!$C$2:$S$2,0))," "))))) -> 0 | S9: =IF($L9=" "," ",(IF($M9=FALSE," ",(IF($M9>0,INDEX('Bin Analysis'!$C$3:$S$10110,MATCH($L9,'Bin Analysis'!$L$3:$L$10110,0),MATCH(S$5,'Bin Analysis'!$C$2:$S$2,0))," "))))) -> yes | T9: =Assignments!K8 -> 0.98366617 | U9: =Assignments!L8 -> 0.058856242 | V9: =Assignments!V8 -> Neutral | Z9: 0.3 to < 0.4 | AA9: =COUNTIF(N$7:N$427,"<0.4")-SUM(AA6:AA8) -> 2 | AB9: =COUNTIF(O$7:O$427,"<0.4")-SUM(AB6:AB8) -> 19 | AC9: =COUNTIF(P$7:P$427,"<0.4")-SUM(AC6:AC8) -> 41 | AD9: =COUNTIF(Q$7:Q$427,"<0.4")-SUM(AD6:AD8) -> 66 | AE9: =COUNTIF(R$7:R$427,"<0.4")-SUM(AE6:AE8) -> 9
A10: E | B10: 1 | C10: S | D10: 0.69724918 | E10: 0.02762239 | G10: =IFERROR('Data Transformation'!M8," ") -> 3 | I10: Min/Max override | L10: =$G11 -> 4 | M10: =IF(L10=" "," ",(IF($L10>0,INDEX('Bin Analysis'!$C$3:$S$10110,MATCH($L10,'Bin Analysis'!$L$3:$L$10110,0),MATCH(M$5,'Bin Analysis'!$C$2:$S$2,0))," "))) -> 17 | N10: =IF($L10=" "," ",(IF($M10=FALSE," ",(IF($M10>0,INDEX('Bin Analysis'!$C$3:$S$10110,MATCH($L10,'Bin Analysis'!$L$3:$L$10110,0),MATCH(N$5,'Bin Analysis'!$C$2:$S$2,0))," "))))) -> 0 | O10: =IF($L10=" "," ",(IF($M10=FALSE," ",(IF($M10>0,INDEX('Bin Analysis'!$C$3:$S$10110,MATCH($L10,'Bin Analysis'!$L$3:$L$10110,0),MATCH(O$5,'Bin Analysis'!$C$2:$S$2,0))," "))))) -> 0.8125 | P10: =IF($L10=" "," ",(IF($M10=FALSE," ",(IF($M10>0,INDEX('Bin Analysis'!$C$3:$S$10110,MATCH($L10,'Bin Analysis'!$L$3:$L$10110,0),MATCH(P$5,'Bin Analysis'!$C$2:$S$2,0))," "))))) -> 0.3 | Q10: =IF($L10=" "," ",(IF($M10=FALSE," ",(IF($M10>0,INDEX('Bin Analysis'!$C$3:$S$10110,MATCH($L10,'Bin Analysis'!$L$3:$L$10110,0),MATCH(Q$5,'Bin Analysis'!$C$2:$S$2,0))," "))))) -> 0.26086957 | R10: =IF($L10=" "," ",(IF($M10=FALSE," ",(IF($M10>0,INDEX('Bin Analysis'!$C$3:$S$10110,MATCH($L10,'Bin Analysis'!$L$3:$L$10110,0),MATCH(R$5,'Bin Analysis'!$C$2:$S$2,0))," "))))) -> 0 | S10: =IF($L10=" "," ",(IF($M10=FALSE," ",(IF($M10>0,INDEX('Bin Analysis'!$C$3:$S$10110,MATCH($L10,'Bin Analysis'!$L$3:$L$10110,0),MATCH(S$5,'Bin Analysis'!$C$2:$S$2,0))," "))))) -> no | T10: =Assignments!K9 -> 0.92826196 | U10: =Assignments!L9 -> 0.072177105 | V10: =Assignments!V9 -> Neutral | Z10: 0.4 to < 0.5 | AA10: =COUNTIF(N$7:N$427,"<0.5")-SUM(AA6:AA9) -> 1 | AB10: =COUNTIF(O$7:O$427,"<0.5")-SUM(AB6:AB9) -> 23 | AC10: =COUNTIF(P$7:P$427,"<0.5")-SUM(AC6:AC9) -> 58 | AD10: =COUNTIF(Q$7:Q$427,"<0.5")-SUM(AD6:AD9) -> 45 | AE10: =COUNTIF(R$7:R$427,"<0.5")-SUM(AE6:AE9) -> 10
A11: E | B11: 1 | C11: I | D11: 0.74720693 | E11: 0.04182689 | G11: =IFERROR('Data Transformation'!M9," ") -> 4 | I11: Minimum | J11: 0.19 | L11: =$G12 -> 5 | M11: =IF(L11=" "," ",(IF($L11>0,INDEX('Bin Analysis'!$C$3:$S$10110,MATCH($L11,'Bin Analysis'!$L$3:$L$10110,0),MATCH(M$5,'Bin Analysis'!$C$2:$S$2,0))," "))) -> 19 | N11: =IF($L11=" "," ",(IF($M11=FALSE," ",(IF($M11>0,INDEX('Bin Analysis'!$C$3:$S$10110,MATCH($L11,'Bin Analysis'!$L$3:$L$10110,0),MATCH(N$5,'Bin Analysis'!$C$2:$S$2,0))," "))))) -> 0 | O11: =IF($L11=" "," ",(IF($M11=FALSE," ",(IF($M11>0,INDEX('Bin Analysis'!$C$3:$S$10110,MATCH($L11,'Bin Analysis'!$L$3:$L$10110,0),MATCH(O$5,'Bin Analysis'!$C$2:$S$2,0))," "))))) -> 0.27777778 | P11: =IF($L11=" "," ",(IF($M11=FALSE," ",(IF($M11>0,INDEX('Bin Analysis'!$C$3:$S$10110,MATCH($L11,'Bin Analysis'!$L$3:$L$10110,0),MATCH(P$5,'Bin Analysis'!$C$2:$S$2,0))," "))))) -> 0.7 | Q11: =IF($L11=" "," ",(IF($M11=FALSE," ",(IF($M11>0,INDEX('Bin Analysis'!$C$3:$S$10110,MATCH($L11,'Bin Analysis'!$L$3:$L$10110,0),MATCH(Q$5,'Bin Analysis'!$C$2:$S$2,0))," "))))) -> 0.65217391 | R11: =IF($L11=" "," ",(IF($M11=FALSE," ",(IF($M11>0,INDEX('Bin Analysis'!$C$3:$S$10110,MATCH($L11,'Bin Analysis'!$L$3:$L$10110,0),MATCH(R$5,'Bin Analysis'!$C$2:$S$2,0))," "))))) -> 0.16666667 | S11: =IF($L11=" "," ",(IF($M11=FALSE," ",(IF($M11>0,INDEX('Bin Analysis'!$C$3:$S$10110,MATCH($L11,'Bin Analysis'!$L$3:$L$10110,0),MATCH(S$5,'Bin Analysis'!$C$2:$S$2,0))," "))))) -> no | T11: =Assignments!K10 -> 0.65920881 | U11: =Assignments!L10 -> 0.27576934 | V11: =Assignments!V10 -> Rheostat | Z11: 0.5 to < 0.6 | AA11: =COUNTIF(N$7:N$427,"<0.6")-SUM(AA6:AA10) -> 1 | AB11: =COUNTIF(O$7:O$427,"<0.6")-SUM(AB6:AB10) -> 24 | AC11: =COUNTIF(P$7:P$427,"<0.6")-SUM(AC6:AC10) -> 61 | AD11: =COUNTIF(Q$7:Q$427,"<0.6")-SUM(AD6:AD10) -> 58 | AE11: =COUNTIF(R$7:R$427,"<0.6")-SUM(AE6:AE10) -> 22
A12: E | B12: 1 | C12: V | D12: 0.77691926 | E12: 0.05232975 | G12: =IFERROR('Data Transformation'!M10," ") -> 5 | I12: Maximum | J12: 1.5 | L12: =$G13 -> 6 | M12: =IF(L12=" "," ",(IF($L12>0,INDEX('Bin Analysis'!$C$3:$S$10110,MATCH($L12,'Bin Analysis'!$L$3:$L$10110,0),MATCH(M$5,'Bin Analysis'!$C$2:$S$2,0))," "))) -> 17 | N12: =IF($L12=" "," ",(IF($M12=FALSE," ",(IF($M12>0,INDEX('Bin Analysis'!$C$3:$S$10110,MATCH($L12,'Bin Analysis'!$L$3:$L$10110,0),MATCH(N$5,'Bin Analysis'!$C$2:$S$2,0))," "))))) -> 0 | O12: =IF($L12=" "," ",(IF($M12=FALSE," ",(IF($M12>0,INDEX('Bin Analysis'!$C$3:$S$10110,MATCH($L12,'Bin Analysis'!$L$3:$L$10110,0),MATCH(O$5,'Bin Analysis'!$C$2:$S$2,0))," "))))) -> 0.5625 | P12: =IF($L12=" "," ",(IF($M12=FALSE," ",(IF($M12>0,INDEX('Bin Analysis'!$C$3:$S$10110,MATCH($L12,'Bin Analysis'!$L$3:$L$10110,0),MATCH(P$5,'Bin Analysis'!$C$2:$S$2,0))," "))))) -> 0.3 | Q12: =IF($L12=" "," ",(IF($M12=FALSE," ",(IF($M12>0,INDEX('Bin Analysis'!$C$3:$S$10110,MATCH($L12,'Bin Analysis'!$L$3:$L$10110,0),MATCH(Q$5,'Bin Analysis'!$C$2:$S$2,0))," "))))) -> 0.26086957 | R12: =IF($L12=" "," ",(IF($M12=FALSE," ",(IF($M12>0,INDEX('Bin Analysis'!$C$3:$S$10110,MATCH($L12,'Bin Analysis'!$L$3:$L$10110,0),MATCH(R$5,'Bin Analysis'!$C$2:$S$2,0))," "))))) -> 0 | S12: =IF($L12=" "," ",(IF($M12=FALSE," ",(IF($M12>0,INDEX('Bin Analysis'!$C$3:$S$10110,MATCH($L12,'Bin Analysis'!$L$3:$L$10110,0),MATCH(S$5,'Bin Analysis'!$C$2:$S$2,0))," "))))) -> no | T12: =Assignments!K11 -> 0.88656097 | U12: =Assignments!L11 -> 0.085914381 | V12: =Assignments!V11 -> Moderate | Z12: 0.6 to < 0.7 | AA12: =COUNTIF(N$7:N$427,"<0.7")-SUM(AA6:AA11) -> 1 | AB12: =COUNTIF(O$7:O$427,"<0.7")-SUM(AB6:AB11) -> 13 | AC12: =COUNTIF(P$7:P$427,"<0.7")-SUM(AC6:AC11) -> 60 | AD12: =COUNTIF(Q$7:Q$427,"<0.7")-SUM(AD6:AD11) -> 55 | AE12: =COUNTIF(R$7:R$427,"<0.7")-SUM(AE6:AE11) -> 17
A13: E | B13: 1 | C13: F | D13: 0.78511797 | E13: 0.04382868 | G13: =IFERROR('Data Transformation'!M11," ") -> 6 | I13: (leave blank if no override) | L13: =$G14 -> 7 | M13: =IF(L13=" "," ",(IF($L13>0,INDEX('Bin Analysis'!$C$3:$S$10110,MATCH($L13,'Bin Analysis'!$L$3:$L$10110,0),MATCH(M$5,'Bin Analysis'!$C$2:$S$2,0))," "))) -> 19 | N13: =IF($L13=" "," ",(IF($M13=FALSE," ",(IF($M13>0,INDEX('Bin Analysis'!$C$3:$S$10110,MATCH($L13,'Bin Analysis'!$L$3:$L$10110,0),MATCH(N$5,'Bin Analysis'!$C$2:$S$2,0))," "))))) -> 0 | O13: =IF($L13=" "," ",(IF($M13=FALSE," ",(IF($M13>0,INDEX('Bin Analysis'!$C$3:$S$10110,MATCH($L13,'Bin Analysis'!$L$3:$L$10110,0),MATCH(O$5,'Bin Analysis'!$C$2:$S$2,0))," "))))) -> 0.16666667 | P13: =IF($L13=" "," ",(IF($M13=FALSE," ",(IF($M13>0,INDEX('Bin Analysis'!$C$3:$S$10110,MATCH($L13,'Bin Analysis'!$L$3:$L$10110,0),MATCH(P$5,'Bin Analysis'!$C$2:$S$2,0))," "))))) -> 0.6 | Q13: =IF($L13=" "," ",(IF($M13=FALSE," ",(IF($M13>0,INDEX('Bin Analysis'!$C$3:$S$10110,MATCH($L13,'Bin Analysis'!$L$3:$L$10110,0),MATCH(Q$5,'Bin Analysis'!$C$2:$S$2,0))," "))))) -> 0.52173913 | R13: =IF($L13=" "," ",(IF($M13=FALSE," ",(IF($M13>0,INDEX('Bin Analysis'!$C$3:$S$10110,MATCH($L13,'Bin Analysis'!$L$3:$L$10110,0),MATCH(R$5,'Bin Analysis'!$C$2:$S$2,0))," "))))) -> 0.66666667 | S13: =IF($L13=" "," ",(IF($M13=FALSE," ",(IF($M13>0,INDEX('Bin Analysis'!$C$3:$S$10110,MATCH($L13,'Bin Analysis'!$L$3:$L$10110,0),MATCH(S$5,'Bin Analysis'!$C$2:$S$2,0))," "))))) -> no | T13: =Assignments!K12 -> 0.44513657 | U13: =Assignments!L12 -> 0.32432725 | V13: =Assignments!V12 -> Toggle | Z13: 0.7 to < 0.8 | AA13: =COUNTIF(N$7:N$427,"<0.8")-SUM(AA6:AA12) -> 1 | AB13: =COUNTIF(O$7:O$427,"<0.8")-SUM(AB6:AB12) -> 16 | AC13: =COUNTIF(P$7:P$427,"<0.8")-SUM(AC6:AC12) -> 51 | AD13: =COUNTIF(Q$7:Q$427,"<0.8")-SUM(AD6:AD12) -> 14 | AE13: =COUNTIF(R$7:R$427,"<0.8")-SUM(AE6:AE12) -> 21
A14: E | B14: 1 | C14: Q | D14: 0.79486416 | E14: 0.05948314 | G14: =IFERROR('Data Transformation'!M12," ") -> 7 | I14: Number of values greater than the maximum | J14: =COUNTIF(D7:D8007,">"&J12) -> 0 | L14: =$G15 -> 8 | M14: =IF(L14=" "," ",(IF($L14>0,INDEX('Bin Analysis'!$C$3:$S$10110,MATCH($L14,'Bin Analysis'!$L$3:$L$10110,0),MATCH(M$5,'Bin Analysis'!$C$2:$S$2,0))," "))) -> 18 | N14: =IF($L14=" "," ",(IF($M14=FALSE," ",(IF($M14>0,INDEX('Bin Analysis'!$C$3:$S$10110,MATCH($L14,'Bin Analysis'!$L$3:$L$10110,0),MATCH(N$5,'Bin Analysis'!$C$2:$S$2,0))," "))))) -> 0 | O14: =IF($L14=" "," ",(IF($M14=FALSE," ",(IF($M14>0,INDEX('Bin Analysis'!$C$3:$S$10110,MATCH($L14,'Bin Analysis'!$L$3:$L$10110,0),MATCH(O$5,'Bin Analysis'!$C$2:$S$2,0))," "))))) -> 0.41176471 | P14: =IF($L14=" "," ",(IF($M14=FALSE," ",(IF($M14>0,INDEX('Bin Analysis'!$C$3:$S$10110,MATCH($L14,'Bin Analysis'!$L$3:$L$10110,0),MATCH(P$5,'Bin Analysis'!$C$2:$S$2,0))," "))))) -> 0.6 | Q14: =IF($L14=" "," ",(IF($M14=FALSE," ",(IF($M14>0,INDEX('Bin Analysis'!$C$3:$S$10110,MATCH($L14,'Bin Analysis'!$L$3:$L$10110,0),MATCH(Q$5,'Bin Analysis'!$C$2:$S$2,0))," "))))) -> 0.56521739 | R14: =IF($L14=" "," ",(IF($M14=FALSE," ",(IF($M14>0,INDEX('Bin Analysis'!$C$3:$S$10110,MATCH($L14,'Bin Analysis'!$L$3:$L$10110,0),MATCH(R$5,'Bin Analysis'!$C$2:$S$2,0))," "))))) -> 0.11764706 | S14: =IF($L14=" "," ",(IF($M14=FALSE," ",(IF($M14>0,INDEX('Bin Analysis'!$C$3:$S$10110,MATCH($L14,'Bin Analysis'!$L$3:$L$10110,0),MATCH(S$5,'Bin Analysis'!$C$2:$S$2,0))," "))))) -> no | T14: =Assignments!K13 -> 0.74757013 | U14: =Assignments!L13 -> 0.23142232 | V14: =Assignments!V13 -> Rheostat | Z14: 0.8 to < 0.9 | AA14: =COUNTIF(N$7:N$427,"<0.9")-SUM(AA6:AA13) -> 1 | AB14: =COUNTIF(O$7:O$427,"<0.9")-SUM(AB6:AB13) -> 8 | AC14: =COUNTIF(P$7:P$427,"<0.9")-SUM(AC6:AC13) -> 13 | AD14: =COUNTIF(Q$7:Q$427,"<0.9")-SUM(AD6:AD13) -> 0 | AE14: =COUNTIF(R$7:R$427,"<0.9")-SUM(AE6:AE13) -> 23
A15: E | B15: 1 | C15: L | D15: 0.81903011 | E15: 0.02535047 | G15: =IFERROR('Data Transformation'!M13," ") -> 8 | L15: =$G16 -> 9 | M15: =IF(L15=" "," ",(IF($L15>0,INDEX('Bin Analysis'!$C$3:$S$10110,MATCH($L15,'Bin Analysis'!$L$3:$L$10110,0),MATCH(M$5,'Bin Analysis'!$C$2:$S$2,0))," "))) -> 17 | N15: =IF($L15=" "," ",(IF($M15=FALSE," ",(IF($M15>0,INDEX('Bin Analysis'!$C$3:$S$10110,MATCH($L15,'Bin Analysis'!$L$3:$L$10110,0),MATCH(N$5,'Bin Analysis'!$C$2:$S$2,0))," "))))) -> 0 | O15: =IF($L15=" "," ",(IF($M15=FALSE," ",(IF($M15>0,INDEX('Bin Analysis'!$C$3:$S$10110,MATCH($L15,'Bin Analysis'!$L$3:$L$10110,0),MATCH(O$5,'Bin Analysis'!$C$2:$S$2,0))," "))))) -> 0.3125 | P15: =IF($L15=" "," ",(IF($M15=FALSE," ",(IF($M15>0,INDEX('Bin Analysis'!$C$3:$S$10110,MATCH($L15,'Bin Analysis'!$L$3:$L$10110,0),MATCH(P$5,'Bin Analysis'!$C$2:$S$2,0))," "))))) -> 0.7 | Q15: =IF($L15=" "," ",(IF($M15=FALSE," ",(IF($M15>0,INDEX('Bin Analysis'!$C$3:$S$10110,MATCH($L15,'Bin Analysis'!$L$3:$L$10110,0),MATCH(Q$5,'Bin Analysis'!$C$2:$S$2,0))," "))))) -> 0.65217391 | R15: =IF($L15=" "," ",(IF($M15=FALSE," ",(IF($M15>0,INDEX('Bin Analysis'!$C$3:$S$10110,MATCH($L15,'Bin Analysis'!$L$3:$L$10110,0),MATCH(R$5,'Bin Analysis'!$C$2:$S$2,0))," "))))) -> 0.125 | S15: =IF($L15=" "," ",(IF($M15=FALSE," ",(IF($M15>0,INDEX('Bin Analysis'!$C$3:$S$10110,MATCH($L15,'Bin Analysis'!$L$3:$L$10110,0),MATCH(S$5,'Bin Analysis'!$C$2:$S$2,0))," "))))) -> no | T15: =Assignments!K14 -> 0.73281933 | U15: =Assignments!L14 -> 0.24465019 | V15: =Assignments!V14 -> Rheostat | Z15: 0.9 to 1.0 | AA15: =COUNTIF(N$7:N$427,"<1.01")-SUM(AA6:AA14) -> 1 | AB15: =COUNTIF(O$7:O$427,"<1.01")-SUM(AB6:AB14) -> 11 | AC15: =COUNTIF(P$7:P$427,"<1.01")-SUM(AC6:AC14) -> 0 | AD15: =COUNTIF(Q$7:Q$427,"<1.01")-SUM(AD6:AD14) -> 0 | AE15: =COUNTIF(R$7:R$427,"<1.01")-SUM(AE6:AE14) -> 47
A16: E | B16: 1 | C16: R | D16: 0.85267206 | E16: 0.03321703 | G16: =IFERROR('Data Transformation'!M14," ") -> 9 | I16: Nonfunctional protein value ("Dead") | J16: minimum | L16: =$G17 -> 10 | M16: =IF(L16=" "," ",(IF($L16>0,INDEX('Bin Analysis'!$C$3:$S$10110,MATCH($L16,'Bin Analysis'!$L$3:$L$10110,0),MATCH(M$5,'Bin Analysis'!$C$2:$S$2,0))," "))) -> 14 | N16: =IF($L16=" "," ",(IF($M16=FALSE," ",(IF($M16>0,INDEX('Bin Analysis'!$C$3:$S$10110,MATCH($L16,'Bin Analysis'!$L$3:$L$10110,0),MATCH(N$5,'Bin Analysis'!$C$2:$S$2,0))," "))))) -> 0 | O16: =IF($L16=" "," ",(IF($M16=FALSE," ",(IF($M16>0,INDEX('Bin Analysis'!$C$3:$S$10110,MATCH($L16,'Bin Analysis'!$L$3:$L$10110,0),MATCH(O$5,'Bin Analysis'!$C$2:$S$2,0))," "))))) -> 0 | P16: =IF($L16=" "," ",(IF($M16=FALSE," ",(IF($M16>0,INDEX('Bin Analysis'!$C$3:$S$10110,MATCH($L16,'Bin Analysis'!$L$3:$L$10110,0),MATCH(P$5,'Bin Analysis'!$C$2:$S$2,0))," "))))) -> 0.4 | Q16: =IF($L16=" "," ",(IF($M16=FALSE," ",(IF($M16>0,INDEX('Bin Analysis'!$C$3:$S$10110,MATCH($L16,'Bin Analysis'!$L$3:$L$10110,0),MATCH(Q$5,'Bin Analysis'!$C$2:$S$2,0))," "))))) -> 0.30434783 | R16: =IF($L16=" "," ",(IF($M16=FALSE," ",(IF($M16>0,INDEX('Bin Analysis'!$C$3:$S$10110,MATCH($L16,'Bin Analysis'!$L$3:$L$10110,0),MATCH(R$5,'Bin Analysis'!$C$2:$S$2,0))," "))))) -> 0.53846154 | S16: =IF($L16=" "," ",(IF($M16=FALSE," ",(IF($M16>0,INDEX('Bin Analysis'!$C$3:$S$10110,MATCH($L16,'Bin Analysis'!$L$3:$L$10110,0),MATCH(S$5,'Bin Analysis'!$C$2:$S$2,0))," "))))) -> no | T16: =Assignments!K15 -> 0.33792936 | U16: =Assignments!L15 -> 0.1532218 | V16: =Assignments!V15 -> Adverse | Z16: sum | AA16: =SUM(AA6:AA15) -> 313 | AB16: =SUM(AB6:AB15) -> 313 | AC16: =SUM(AC6:AC15) -> 313 | AD16: =SUM(AD6:AD15) -> 313 | AE16: =SUM(AE6:AE15) -> 313
A17: E | B17: 1 | C17: M | D17: 0.8750614 | E17: 0.05374248 | G17: =IFERROR('Data Transformation'!M15," ") -> 10 | J17: =IF(J16="maximum",'Data Transformation'!U9,'Data Transformation'!U8) -> 0.19 | L17: =$G18 -> 11 | M17: =IF(L17=" "," ",(IF($L17>0,INDEX('Bin Analysis'!$C$3:$S$10110,MATCH($L17,'Bin Analysis'!$L$3:$L$10110,0),MATCH(M$5,'Bin Analysis'!$C$2:$S$2,0))," "))) -> 16 | N17: =IF($L17=" "," ",(IF($M17=FALSE," ",(IF($M17>0,INDEX('Bin Analysis'!$C$3:$S$10110,MATCH($L17,'Bin Analysis'!$L$3:$L$10110,0),MATCH(N$5,'Bin Analysis'!$C$2:$S$2,0))," "))))) -> 0 | O17: =IF($L17=" "," ",(IF($M17=FALSE," ",(IF($M17>0,INDEX('Bin Analysis'!$C$3:$S$10110,MATCH($L17,'Bin Analysis'!$L$3:$L$10110,0),MATCH(O$5,'Bin Analysis'!$C$2:$S$2,0))," "))))) -> 0 | P17: =IF($L17=" "," ",(IF($M17=FALSE," ",(IF($M17>0,INDEX('Bin Analysis'!$C$3:$S$10110,MATCH($L17,'Bin Analysis'!$L$3:$L$10110,0),MATCH(P$5,'Bin Analysis'!$C$2:$S$2,0))," "))))) -> 0.5 | Q17: =IF($L17=" "," ",(IF($M17=FALSE," ",(IF($M17>0,INDEX('Bin Analysis'!$C$3:$S$10110,MATCH($L17,'Bin Analysis'!$L$3:$L$10110,0),MATCH(Q$5,'Bin Analysis'!$C$2:$S$2,0))," "))))) -> 0.52173913 | R17: =IF($L17=" "," ",(IF($M17=FALSE," ",(IF($M17>0,INDEX('Bin Analysis'!$C$3:$S$10110,MATCH($L17,'Bin Analysis'!$L$3:$L$10110,0),MATCH(R$5,'Bin Analysis'!$C$2:$S$2,0))," "))))) -> 0 | S17: =IF($L17=" "," ",(IF($M17=FALSE," ",(IF($M17>0,INDEX('Bin Analysis'!$C$3:$S$10110,MATCH($L17,'Bin Analysis'!$L$3:$L$10110,0),MATCH(S$5,'Bin Analysis'!$C$2:$S$2,0))," "))))) -> no | T17: =Assignments!K16 -> 0.55615085 | U17: =Assignments!L16 -> 0.10621202 | V17: =Assignments!V16 -> Rheostat
A18: E | B18: 1 | C18: T | D18: 0.87705694 | E18: 0.03020404 | G18: =IFERROR('Data Transformation'!M16," ") -> 11 | L18: =$G19 -> 12 | M18: =IF(L18=" "," ",(IF($L18>0,INDEX('Bin Analysis'!$C$3:$S$10110,MATCH($L18,'Bin Analysis'!$L$3:$L$10110,0),MATCH(M$5,'Bin Analysis'!$C$2:$S$2,0))," "))) -> 7 | N18: =IF($L18=" "," ",(IF($M18=FALSE," ",(IF($M18>0,INDEX('Bin Analysis'!$C$3:$S$10110,MATCH($L18,'Bin Analysis'!$L$3:$L$10110,0),MATCH(N$5,'Bin Analysis'!$C$2:$S$2,0))," "))))) -> 0 | O18: =IF($L18=" "," ",(IF($M18=FALSE," ",(IF($M18>0,INDEX('Bin Analysis'!$C$3:$S$10110,MATCH($L18,'Bin Analysis'!$L$3:$L$10110,0),MATCH(O$5,'Bin Analysis'!$C$2:$S$2,0))," "))))) -> 0 | P18: =IF($L18=" "," ",(IF($M18=FALSE," ",(IF($M18>0,INDEX('Bin Analysis'!$C$3:$S$10110,MATCH($L18,'Bin Analysis'!$L$3:$L$10110,0),MATCH(P$5,'Bin Analysis'!$C$2:$S$2,0))," "))))) -> 0.4 | Q18: =IF($L18=" "," ",(IF($M18=FALSE," ",(IF($M18>0,INDEX('Bin Analysis'!$C$3:$S$10110,MATCH($L18,'Bin Analysis'!$L$3:$L$10110,0),MATCH(Q$5,'Bin Analysis'!$C$2:$S$2,0))," "))))) -> 0.30434783 | R18: =IF($L18=" "," ",(IF($M18=FALSE," ",(IF($M18>0,INDEX('Bin Analysis'!$C$3:$S$10110,MATCH($L18,'Bin Analysis'!$L$3:$L$10110,0),MATCH(R$5,'Bin Analysis'!$C$2:$S$2,0))," "))))) -> 0.5 | S18: =IF($L18=" "," ",(IF($M18=FALSE," ",(IF($M18>0,INDEX('Bin Analysis'!$C$3:$S$10110,MATCH($L18,'Bin Analysis'!$L$3:$L$10110,0),MATCH(S$5,'Bin Analysis'!$C$2:$S$2,0))," "))))) -> no | T18: =Assignments!K17 -> 0.33458867 | U18: =Assignments!L17 -> 0.20285106 | V18: =Assignments!V17 -> Adverse
A19: E | B19: 1 | C19: K | D19: 0.8785445 | E19: 0.06149139 | G19: =IFERROR('Data Transformation'!M17," ") -> 12 | I19: Error override | L19: =$G20 -> 13 | M19: =IF(L19=" "," ",(IF($L19>0,INDEX('Bin Analysis'!$C$3:$S$10110,MATCH($L19,'Bin Analysis'!$L$3:$L$10110,0),MATCH(M$5,'Bin Analysis'!$C$2:$S$2,0))," "))) -> 7 | N19: =IF($L19=" "," ",(IF($M19=FALSE," ",(IF($M19>0,INDEX('Bin Analysis'!$C$3:$S$10110,MATCH($L19,'Bin Analysis'!$L$3:$L$10110,0),MATCH(N$5,'Bin Analysis'!$C$2:$S$2,0))," "))))) -> 0 | O19: =IF($L19=" "," ",(IF($M19=FALSE," ",(IF($M19>0,INDEX('Bin Analysis'!$C$3:$S$10110,MATCH($L19,'Bin Analysis'!$L$3:$L$10110,0),MATCH(O$5,'Bin Analysis'!$C$2:$S$2,0))," "))))) -> 0.33333333 | P19: =IF($L19=" "," ",(IF($M19=FALSE," ",(IF($M19>0,INDEX('Bin Analysis'!$C$3:$S$10110,MATCH($L19,'Bin Analysis'!$L$3:$L$10110,0),MATCH(P$5,'Bin Analysis'!$C$2:$S$2,0))," "))))) -> 0.6 | Q19: =IF($L19=" "," ",(IF($M19=FALSE," ",(IF($M19>0,INDEX('Bin Analysis'!$C$3:$S$10110,MATCH($L19,'Bin Analysis'!$L$3:$L$10110,0),MATCH(Q$5,'Bin Analysis'!$C$2:$S$2,0))," "))))) -> 0.60869565 | R19: =IF($L19=" "," ",(IF($M19=FALSE," ",(IF($M19>0,INDEX('Bin Analysis'!$C$3:$S$10110,MATCH($L19,'Bin Analysis'!$L$3:$L$10110,0),MATCH(R$5,'Bin Analysis'!$C$2:$S$2,0))," "))))) -> 0 | S19: =IF($L19=" "," ",(IF($M19=FALSE," ",(IF($M19>0,INDEX('Bin Analysis'!$C$3:$S$10110,MATCH($L19,'Bin Analysis'!$L$3:$L$10110,0),MATCH(S$5,'Bin Analysis'!$C$2:$S$2,0))," "))))) -> no | T19: =Assignments!K18 -> 0.72540735 | U19: =Assignments!L18 -> 0.26793171 | V19: =Assignments!V18 -> Rheostat
A20: E | B20: 1 | C20: P | D20: 0.89276818 | E20: 0.03223224 | G20: =IFERROR('Data Transformation'!M18," ") -> 13 | I20: =IF(AND(J4="yes",NOT(J19="")),"see note #3 under the 'Entering data on the Input and Summary Results worksheet' section on first page regarding log and error","leave blank if no override") -> leave blank if no override | L20: =$G21 -> 14 | M20: =IF(L20=" "," ",(IF($L20>0,INDEX('Bin Analysis'!$C$3:$S$10110,MATCH($L20,'Bin Analysis'!$L$3:$L$10110,0),MATCH(M$5,'Bin Analysis'!$C$2:$S$2,0))," "))) -> 10 | N20: =IF($L20=" "," ",(IF($M20=FALSE," ",(IF($M20>0,INDEX('Bin Analysis'!$C$3:$S$10110,MATCH($L20,'Bin Analysis'!$L$3:$L$10110,0),MATCH(N$5,'Bin Analysis'!$C$2:$S$2,0))," "))))) -> 0 | O20: =IF($L20=" "," ",(IF($M20=FALSE," ",(IF($M20>0,INDEX('Bin Analysis'!$C$3:$S$10110,MATCH($L20,'Bin Analysis'!$L$3:$L$10110,0),MATCH(O$5,'Bin Analysis'!$C$2:$S$2,0))," "))))) -> 0.33333333 | P20: =IF($L20=" "," ",(IF($M20=FALSE," ",(IF($M20>0,INDEX('Bin Analysis'!$C$3:$S$10110,MATCH($L20,'Bin Analysis'!$L$3:$L$10110,0),MATCH(P$5,'Bin Analysis'!$C$2:$S$2,0))," "))))) -> 0.5 | Q20: =IF($L20=" "," ",(IF($M20=FALSE," ",(IF($M20>0,INDEX('Bin Analysis'!$C$3:$S$10110,MATCH($L20,'Bin Analysis'!$L$3:$L$10110,0),MATCH(Q$5,'Bin Analysis'!$C$2:$S$2,0))," "))))) -> 0.52173913 | R20: =IF($L20=" "," ",(IF($M20=FALSE," ",(IF($M20>0,INDEX('Bin Analysis'!$C$3:$S$10110,MATCH($L20,'Bin Analysis'!$L$3:$L$10110,0),MATCH(R$5,'Bin Analysis'!$C$2:$S$2,0))," "))))) -> 0 | S20: =IF($L20=" "," ",(IF($M20=FALSE," ",(IF($M20>0,INDEX('Bin Analysis'!$C$3:$S$10110,MATCH($L20,'Bin Analysis'!$L$3:$L$10110,0),MATCH(S$5,'Bin Analysis'!$C$2:$S$2,0))," "))))) -> no | T20: =Assignments!K19 -> 0.804095 | U20: =Assignments!L19 -> 0.16490741 | V20: =Assignments!V19 -> Rheostat
A21: E | B21: 1 | C21: N | D21: 0.92111225 | E21: 0.04889851 | G21: =IFERROR('Data Transformation'!M19," ") -> 14 | L21: =$G22 -> 15 | M21: =IF(L21=" "," ",(IF($L21>0,INDEX('Bin Analysis'!$C$3:$S$10110,MATCH($L21,'Bin Analysis'!$L$3:$L$10110,0),MATCH(M$5,'Bin Analysis'!$C$2:$S$2,0))," "))) -> 12 | N21: =IF($L21=" "," ",(IF($M21=FALSE," ",(IF($M21>0,INDEX('Bin Analysis'!$C$3:$S$10110,MATCH($L21,'Bin Analysis'!$L$3:$L$10110,0),MATCH(N$5,'Bin Analysis'!$C$2:$S$2,0))," "))))) -> 0 | O21: =IF($L21=" "," ",(IF($M21=FALSE," ",(IF($M21>0,INDEX('Bin Analysis'!$C$3:$S$10110,MATCH($L21,'Bin Analysis'!$L$3:$L$10110,0),MATCH(O$5,'Bin Analysis'!$C$2:$S$2,0))," "))))) -> 0.090909091 | P21: =IF($L21=" "," ",(IF($M21=FALSE," ",(IF($M21>0,INDEX('Bin Analysis'!$C$3:$S$10110,MATCH($L21,'Bin Analysis'!$L$3:$L$10110,0),MATCH(P$5,'Bin Analysis'!$C$2:$S$2,0))," "))))) -> 0.7 | Q21: =IF($L21=" "," ",(IF($M21=FALSE," ",(IF($M21>0,INDEX('Bin Analysis'!$C$3:$S$10110,MATCH($L21,'Bin Analysis'!$L$3:$L$10110,0),MATCH(Q$5,'Bin Analysis'!$C$2:$S$2,0))," "))))) -> 0.65217391 | R21: =IF($L21=" "," ",(IF($M21=FALSE," ",(IF($M21>0,INDEX('Bin Analysis'!$C$3:$S$10110,MATCH($L21,'Bin Analysis'!$L$3:$L$10110,0),MATCH(R$5,'Bin Analysis'!$C$2:$S$2,0))," "))))) -> 0.18181818 | S21: =IF($L21=" "," ",(IF($M21=FALSE," ",(IF($M21>0,INDEX('Bin Analysis'!$C$3:$S$10110,MATCH($L21,'Bin Analysis'!$L$3:$L$10110,0),MATCH(S$5,'Bin Analysis'!$C$2:$S$2,0))," "))))) -> no | T21: =Assignments!K20 -> 0.55883661 | U21: =Assignments!L20 -> 0.21789093 | V21: =Assignments!V20 -> Rheostat
A22: E | B22: 1 | C22: A | D22: 0.92206838 | E22: 0.04363049 | G22: =IFERROR('Data Transformation'!M20," ") -> 15 | I22: Recommended number of bins | J22: ='Data Transformation'!R23 -> 10 | L22: =$G23 -> 16 | M22: =IF(L22=" "," ",(IF($L22>0,INDEX('Bin Analysis'!$C$3:$S$10110,MATCH($L22,'Bin Analysis'!$L$3:$L$10110,0),MATCH(M$5,'Bin Analysis'!$C$2:$S$2,0))," "))) -> 7 | N22: =IF($L22=" "," ",(IF($M22=FALSE," ",(IF($M22>0,INDEX('Bin Analysis'!$C$3:$S$10110,MATCH($L22,'Bin Analysis'!$L$3:$L$10110,0),MATCH(N$5,'Bin Analysis'!$C$2:$S$2,0))," "))))) -> 0 | O22: =IF($L22=" "," ",(IF($M22=FALSE," ",(IF($M22>0,INDEX('Bin Analysis'!$C$3:$S$10110,MATCH($L22,'Bin Analysis'!$L$3:$L$10110,0),MATCH(O$5,'Bin Analysis'!$C$2:$S$2,0))," "))))) -> 0.33333333 | P22: =IF($L22=" "," ",(IF($M22=FALSE," ",(IF($M22>0,INDEX('Bin Analysis'!$C$3:$S$10110,MATCH($L22,'Bin Analysis'!$L$3:$L$10110,0),MATCH(P$5,'Bin Analysis'!$C$2:$S$2,0))," "))))) -> 0.5 | Q22: =IF($L22=" "," ",(IF($M22=FALSE," ",(IF($M22>0,INDEX('Bin Analysis'!$C$3:$S$10110,MATCH($L22,'Bin Analysis'!$L$3:$L$10110,0),MATCH(Q$5,'Bin Analysis'!$C$2:$S$2,0))," "))))) -> 0.43478261 | R22: =IF($L22=" "," ",(IF($M22=FALSE," ",(IF($M22>0,INDEX('Bin Analysis'!$C$3:$S$10110,MATCH($L22,'Bin Analysis'!$L$3:$L$10110,0),MATCH(R$5,'Bin Analysis'!$C$2:$S$2,0))," "))))) -> 0.16666667 | S22: =IF($L22=" "," ",(IF($M22=FALSE," ",(IF($M22>0,INDEX('Bin Analysis'!$C$3:$S$10110,MATCH($L22,'Bin Analysis'!$L$3:$L$10110,0),MATCH(S$5,'Bin Analysis'!$C$2:$S$2,0))," "))))) -> no | T22: =Assignments!K21 -> 0.70657773 | U22: =Assignments!L21 -> 0.21371467 | V22: =Assignments!V21 -> Moderate
A23: E | B23: 1 | C23: D | D23: 1.0184158 | E23: 0.04666058 | G23: =IFERROR('Data Transformation'!M21," ") -> 16 | I23: Number of bins override | J23: 10 | L23: =$G24 -> 17 | M23: =IF(L23=" "," ",(IF($L23>0,INDEX('Bin Analysis'!$C$3:$S$10110,MATCH($L23,'Bin Analysis'!$L$3:$L$10110,0),MATCH(M$5,'Bin Analysis'!$C$2:$S$2,0))," "))) -> 11 | N23: =IF($L23=" "," ",(IF($M23=FALSE," ",(IF($M23>0,INDEX('Bin Analysis'!$C$3:$S$10110,MATCH($L23,'Bin Analysis'!$L$3:$L$10110,0),MATCH(N$5,'Bin Analysis'!$C$2:$S$2,0))," "))))) -> 0 | O23: =IF($L23=" "," ",(IF($M23=FALSE," ",(IF($M23>0,INDEX('Bin Analysis'!$C$3:$S$10110,MATCH($L23,'Bin Analysis'!$L$3:$L$10110,0),MATCH(O$5,'Bin Analysis'!$C$2:$S$2,0))," "))))) -> 0 | P23: =IF($L23=" "," ",(IF($M23=FALSE," ",(IF($M23>0,INDEX('Bin Analysis'!$C$3:$S$10110,MATCH($L23,'Bin Analysis'!$L$3:$L$10110,0),MATCH(P$5,'Bin Analysis'!$C$2:$S$2,0))," "))))) -> 0.6 | Q23: =IF($L23=" "," ",(IF($M23=FALSE," ",(IF($M23>0,INDEX('Bin Analysis'!$C$3:$S$10110,MATCH($L23,'Bin Analysis'!$L$3:$L$10110,0),MATCH(Q$5,'Bin Analysis'!$C$2:$S$2,0))," "))))) -> 0.56521739 | R23: =IF($L23=" "," ",(IF($M23=FALSE," ",(IF($M23>0,INDEX('Bin Analysis'!$C$3:$S$10110,MATCH($L23,'Bin Analysis'!$L$3:$L$10110,0),MATCH(R$5,'Bin Analysis'!$C$2:$S$2,0))," "))))) -> 0.1 | S23: =IF($L23=" "," ",(IF($M23=FALSE," ",(IF($M23>0,INDEX('Bin Analysis'!$C$3:$S$10110,MATCH($L23,'Bin Analysis'!$L$3:$L$10110,0),MATCH(S$5,'Bin Analysis'!$C$2:$S$2,0))," "))))) -> no | T23: =Assignments!K22 -> 0.53952543 | U23: =Assignments!L22 -> 0.13782369 | V23: =Assignments!V22 -> Rheostat
A24: V | B24: 2 | C24: T | D24: 0.92384159 | E24: 0.03257349 | G24: =IFERROR('Data Transformation'!M22," ") -> 17 | I24: (leave blank if no override) | L24: =$G25 -> 18 | M24: =IF(L24=" "," ",(IF($L24>0,INDEX('Bin Analysis'!$C$3:$S$10110,MATCH($L24,'Bin Analysis'!$L$3:$L$10110,0),MATCH(M$5,'Bin Analysis'!$C$2:$S$2,0))," "))) -> 17 | N24: =IF($L24=" "," ",(IF($M24=FALSE," ",(IF($M24>0,INDEX('Bin Analysis'!$C$3:$S$10110,MATCH($L24,'Bin Analysis'!$L$3:$L$10110,0),MATCH(N$5,'Bin Analysis'!$C$2:$S$2,0))," "))))) -> 0 | O24: =IF($L24=" "," ",(IF($M24=FALSE," ",(IF($M24>0,INDEX('Bin Analysis'!$C$3:$S$10110,MATCH($L24,'Bin Analysis'!$L$3:$L$10110,0),MATCH(O$5,'Bin Analysis'!$C$2:$S$2,0))," "))))) -> 0.875 | P24: =IF($L24=" "," ",(IF($M24=FALSE," ",(IF($M24>0,INDEX('Bin Analysis'!$C$3:$S$10110,MATCH($L24,'Bin Analysis'!$L$3:$L$10110,0),MATCH(P$5,'Bin Analysis'!$C$2:$S$2,0))," "))))) -> 0.4 | Q24: =IF($L24=" "," ",(IF($M24=FALSE," ",(IF($M24>0,INDEX('Bin Analysis'!$C$3:$S$10110,MATCH($L24,'Bin Analysis'!$L$3:$L$10110,0),MATCH(Q$5,'Bin Analysis'!$C$2:$S$2,0))," "))))) -> 0.39130435 | R24: =IF($L24=" "," ",(IF($M24=FALSE," ",(IF($M24>0,INDEX('Bin Analysis'!$C$3:$S$10110,MATCH($L24,'Bin Analysis'!$L$3:$L$10110,0),MATCH(R$5,'Bin Analysis'!$C$2:$S$2,0))," "))))) -> 0 | S24: =IF($L24=" "," ",(IF($M24=FALSE," ",(IF($M24>0,INDEX('Bin Analysis'!$C$3:$S$10110,MATCH($L24,'Bin Analysis'!$L$3:$L$10110,0),MATCH(S$5,'Bin Analysis'!$C$2:$S$2,0))," "))))) -> no | T24: =Assignments!K23 -> 0.92731962 | U24: =Assignments!L23 -> 0.090872256 | V24: =Assignments!V23 -> Neutral
A25: V | B25: 2 | C25: G | D25: 0.9379303 | E25: 0.04741444 | G25: =IFERROR('Data Transformation'!M23," ") -> 18 | I25: Rheostate/toggle bin width | J25: ='Data Transformation'!R25 -> 0.131 | L25: =$G26 -> 19 | M25: =IF(L25=" "," ",(IF($L25>0,INDEX('Bin Analysis'!$C$3:$S$10110,MATCH($L25,'Bin Analysis'!$L$3:$L$10110,0),MATCH(M$5,'Bin Analysis'!$C$2:$S$2,0))," "))) -> 20 | N25: =IF($L25=" "," ",(IF($M25=FALSE," ",(IF($M25>0,INDEX('Bin Analysis'!$C$3:$S$10110,MATCH($L25,'Bin Analysis'!$L$3:$L$10110,0),MATCH(N$5,'Bin Analysis'!$C$2:$S$2,0))," "))))) -> 0 | O25: =IF($L25=" "," ",(IF($M25=FALSE," ",(IF($M25>0,INDEX('Bin Analysis'!$C$3:$S$10110,MATCH($L25,'Bin Analysis'!$L$3:$L$10110,0),MATCH(O$5,'Bin Analysis'!$C$2:$S$2,0))," "))))) -> 0.42105263 | P25: =IF($L25=" "," ",(IF($M25=FALSE," ",(IF($M25>0,INDEX('Bin Analysis'!$C$3:$S$10110,MATCH($L25,'Bin Analysis'!$L$3:$L$10110,0),MATCH(P$5,'Bin Analysis'!$C$2:$S$2,0))," "))))) -> 0.5 | Q25: =IF($L25=" "," ",(IF($M25=FALSE," ",(IF($M25>0,INDEX('Bin Analysis'!$C$3:$S$10110,MATCH($L25,'Bin Analysis'!$L$3:$L$10110,0),MATCH(Q$5,'Bin Analysis'!$C$2:$S$2,0))," "))))) -> 0.52173913 | R25: =IF($L25=" "," ",(IF($M25=FALSE," ",(IF($M25>0,INDEX('Bin Analysis'!$C$3:$S$10110,MATCH($L25,'Bin Analysis'!$L$3:$L$10110,0),MATCH(R$5,'Bin Analysis'!$C$2:$S$2,0))," "))))) -> 0 | S25: =IF($L25=" "," ",(IF($M25=FALSE," ",(IF($M25>0,INDEX('Bin Analysis'!$C$3:$S$10110,MATCH($L25,'Bin Analysis'!$L$3:$L$10110,0),MATCH(S$5,'Bin Analysis'!$C$2:$S$2,0))," "))))) -> no | T25: =Assignments!K24 -> 0.83416204 | U25: =Assignments!L24 -> 0.17589021 | V25: =Assignments!V24 -> Rheostat
A26: V | B26: 2 | C26: Y | D26: 0.97580104 | E26: 0.04628013 | G26: =IFERROR('Data Transformation'!M24," ") -> 19 | L26: =$G27 -> 20 | M26: =IF(L26=" "," ",(IF($L26>0,INDEX('Bin Analysis'!$C$3:$S$10110,MATCH($L26,'Bin Analysis'!$L$3:$L$10110,0),MATCH(M$5,'Bin Analysis'!$C$2:$S$2,0))," "))) -> 20 | N26: =IF($L26=" "," ",(IF($M26=FALSE," ",(IF($M26>0,INDEX('Bin Analysis'!$C$3:$S$10110,MATCH($L26,'Bin Analysis'!$L$3:$L$10110,0),MATCH(N$5,'Bin Analysis'!$C$2:$S$2,0))," "))))) -> 0 | O26: =IF($L26=" "," ",(IF($M26=FALSE," ",(IF($M26>0,INDEX('Bin Analysis'!$C$3:$S$10110,MATCH($L26,'Bin Analysis'!$L$3:$L$10110,0),MATCH(O$5,'Bin Analysis'!$C$2:$S$2,0))," "))))) -> 0.94736842 | P26: =IF($L26=" "," ",(IF($M26=FALSE," ",(IF($M26>0,INDEX('Bin Analysis'!$C$3:$S$10110,MATCH($L26,'Bin Analysis'!$L$3:$L$10110,0),MATCH(P$5,'Bin Analysis'!$C$2:$S$2,0))," "))))) -> 0.3 | Q26: =IF($L26=" "," ",(IF($M26=FALSE," ",(IF($M26>0,INDEX('Bin Analysis'!$C$3:$S$10110,MATCH($L26,'Bin Analysis'!$L$3:$L$10110,0),MATCH(Q$5,'Bin Analysis'!$C$2:$S$2,0))," "))))) -> 0.2173913 | R26: =IF($L26=" "," ",(IF($M26=FALSE," ",(IF($M26>0,INDEX('Bin Analysis'!$C$3:$S$10110,MATCH($L26,'Bin Analysis'!$L$3:$L$10110,0),MATCH(R$5,'Bin Analysis'!$C$2:$S$2,0))," "))))) -> 0 | S26: =IF($L26=" "," ",(IF($M26=FALSE," ",(IF($M26>0,INDEX('Bin Analysis'!$C$3:$S$10110,MATCH($L26,'Bin Analysis'!$L$3:$L$10110,0),MATCH(S$5,'Bin Analysis'!$C$2:$S$2,0))," "))))) -> no | T26: =Assignments!K25 -> 0.99677325 | U26: =Assignments!L25 -> 0.079588697 | V26: =Assignments!V25 -> Neutral
A27: V | B27: 2 | C27: I | D27: 0.98715491 | E27: 0.04589418 | G27: =IFERROR('Data Transformation'!M25," ") -> 20 | I27: Neutral Bin size override | L27: =$G28 -> 21 | M27: =IF(L27=" "," ",(IF($L27>0,INDEX('Bin Analysis'!$C$3:$S$10110,MATCH($L27,'Bin Analysis'!$L$3:$L$10110,0),MATCH(M$5,'Bin Analysis'!$C$2:$S$2,0))," "))) -> 19 | N27: =IF($L27=" "," ",(IF($M27=FALSE," ",(IF($M27>0,INDEX('Bin Analysis'!$C$3:$S$10110,MATCH($L27,'Bin Analysis'!$L$3:$L$10110,0),MATCH(N$5,'Bin Analysis'!$C$2:$S$2,0))," "))))) -> 0 | O27: =IF($L27=" "," ",(IF($M27=FALSE," ",(IF($M27>0,INDEX('Bin Analysis'!$C$3:$S$10110,MATCH($L27,'Bin Analysis'!$L$3:$L$10110,0),MATCH(O$5,'Bin Analysis'!$C$2:$S$2,0))," "))))) -> 0.16666667 | P27: =IF($L27=" "," ",(IF($M27=FALSE," ",(IF($M27>0,INDEX('Bin Analysis'!$C$3:$S$10110,MATCH($L27,'Bin Analysis'!$L$3:$L$10110,0),MATCH(P$5,'Bin Analysis'!$C$2:$S$2,0))," "))))) -> 0.8 | Q27: =IF($L27=" "," ",(IF($M27=FALSE," ",(IF($M27>0,INDEX('Bin Analysis'!$C$3:$S$10110,MATCH($L27,'Bin Analysis'!$L$3:$L$10110,0),MATCH(Q$5,'Bin Analysis'!$C$2:$S$2,0))," "))))) -> 0.73913043 | R27: =IF($L27=" "," ",(IF($M27=FALSE," ",(IF($M27>0,INDEX('Bin Analysis'!$C$3:$S$10110,MATCH($L27,'Bin Analysis'!$L$3:$L$10110,0),MATCH(R$5,'Bin Analysis'!$C$2:$S$2,0))," "))))) -> 0.33333333 | S27: =IF($L27=" "," ",(IF($M27=FALSE," ",(IF($M27>0,INDEX('Bin Analysis'!$C$3:$S$10110,MATCH($L27,'Bin Analysis'!$L$3:$L$10110,0),MATCH(S$5,'Bin Analysis'!$C$2:$S$2,0))," "))))) -> no | T27: =Assignments!K26 -> 0.53915798 | U27: =Assignments!L26 -> 0.33774737 | V27: =Assignments!V26 -> Rheostat
A28: V | B28: 2 | C28: Q | D28: 0.98904614 | E28: 0.05148962 | G28: =IFERROR('Data Transformation'!M26," ") -> 21 | I28: Neutral bin size | J28: ='Data Transformation'!W25 -> 0.262 | L28: =$G29 -> 22 | M28: =IF(L28=" "," ",(IF($L28>0,INDEX('Bin Analysis'!$C$3:$S$10110,MATCH($L28,'Bin Analysis'!$L$3:$L$10110,0),MATCH(M$5,'Bin Analysis'!$C$2:$S$2,0))," "))) -> 19 | N28: =IF($L28=" "," ",(IF($M28=FALSE," ",(IF($M28>0,INDEX('Bin Analysis'!$C$3:$S$10110,MATCH($L28,'Bin Analysis'!$L$3:$L$10110,0),MATCH(N$5,'Bin Analysis'!$C$2:$S$2,0))," "))))) -> 0.055555556 | O28: =IF($L28=" "," ",(IF($M28=FALSE," ",(IF($M28>0,INDEX('Bin Analysis'!$C$3:$S$10110,MATCH($L28,'Bin Analysis'!$L$3:$L$10110,0),MATCH(O$5,'Bin Analysis'!$C$2:$S$2,0))," "))))) -> 0.61111111 | P28: =IF($L28=" "," ",(IF($M28=FALSE," ",(IF($M28>0,INDEX('Bin Analysis'!$C$3:$S$10110,MATCH($L28,'Bin Analysis'!$L$3:$L$10110,0),MATCH(P$5,'Bin Analysis'!$C$2:$S$2,0))," "))))) -> 0.4 | Q28: =IF($L28=" "," ",(IF($M28=FALSE," ",(IF($M28>0,INDEX('Bin Analysis'!$C$3:$S$10110,MATCH($L28,'Bin Analysis'!$L$3:$L$10110,0),MATCH(Q$5,'Bin Analysis'!$C$2:$S$2,0))," "))))) -> 0.39130435 | R28: =IF($L28=" "," ",(IF($M28=FALSE," ",(IF($M28>0,INDEX('Bin Analysis'!$C$3:$S$10110,MATCH($L28,'Bin Analysis'!$L$3:$L$10110,0),MATCH(R$5,'Bin Analysis'!$C$2:$S$2,0))," "))))) -> 0 | S28: =IF($L28=" "," ",(IF($M28=FALSE," ",(IF($M28>0,INDEX('Bin Analysis'!$C$3:$S$10110,MATCH($L28,'Bin Analysis'!$L$3:$L$10110,0),MATCH(S$5,'Bin Analysis'!$C$2:$S$2,0))," "))))) -> no | T28: =Assignments!K27 -> 0.94085851 | U28: =Assignments!L27 -> 0.12039845 | V28: =Assignments!V27 -> Moderate
A29: V | B29: 2 | C29: K | D29: 0.9960289 | E29: 0.04281685 | G29: =IFERROR('Data Transformation'!M27," ") -> 22 | L29: =$G30 -> 23 | M29: =IF(L29=" "," ",(IF($L29>0,INDEX('Bin Analysis'!$C$3:$S$10110,MATCH($L29,'Bin Analysis'!$L$3:$L$10110,0),MATCH(M$5,'Bin Analysis'!$C$2:$S$2,0))," "))) -> 17 | N29: =IF($L29=" "," ",(IF($M29=FALSE," ",(IF($M29>0,INDEX('Bin Analysis'!$C$3:$S$10110,MATCH($L29,'Bin Analysis'!$L$3:$L$10110,0),MATCH(N$5,'Bin Analysis'!$C$2:$S$2,0))," "))))) -> 0 | O29: =IF($L29=" "," ",(IF($M29=FALSE," ",(IF($M29>0,INDEX('Bin Analysis'!$C$3:$S$10110,MATCH($L29,'Bin Analysis'!$L$3:$L$10110,0),MATCH(O$5,'Bin Analysis'!$C$2:$S$2,0))," "))))) -> 0.75 | P29: =IF($L29=" "," ",(IF($M29=FALSE," ",(IF($M29>0,INDEX('Bin Analysis'!$C$3:$S$10110,MATCH($L29,'Bin Analysis'!$L$3:$L$10110,0),MATCH(P$5,'Bin Analysis'!$C$2:$S$2,0))," "))))) -> 0.4 | Q29: =IF($L29=" "," ",(IF($M29=FALSE," ",(IF($M29>0,INDEX('Bin Analysis'!$C$3:$S$10110,MATCH($L29,'Bin Analysis'!$L$3:$L$10110,0),MATCH(Q$5,'Bin Analysis'!$C$2:$S$2,0))," "))))) -> 0.34782609 | R29: =IF($L29=" "," ",(IF($M29=FALSE," ",(IF($M29>0,INDEX('Bin Analysis'!$C$3:$S$10110,MATCH($L29,'Bin Analysis'!$L$3:$L$10110,0),MATCH(R$5,'Bin Analysis'!$C$2:$S$2,0))," "))))) -> 0 | S29: =IF($L29=" "," ",(IF($M29=FALSE," ",(IF($M29>0,INDEX('Bin Analysis'!$C$3:$S$10110,MATCH($L29,'Bin Analysis'!$L$3:$L$10110,0),MATCH(S$5,'Bin Analysis'!$C$2:$S$2,0))," "))))) -> no | T29: =Assignments!K28 -> 0.94494738 | U29: =Assignments!L28 -> 0.098351429 | V29: =Assignments!V28 -> Neutral
A30: V | B30: 2 | C30: L | D30: 0.99807479 | E30: 0.03082989 | G30: =IFERROR('Data Transformation'!M28," ") -> 23 | I30: Enhancing Score assignment | L30: =$G31 -> 24 | M30: =IF(L30=" "," ",(IF($L30>0,INDEX('Bin Analysis'!$C$3:$S$10110,MATCH($L30,'Bin Analysis'!$L$3:$L$10110,0),MATCH(M$5,'Bin Analysis'!$C$2:$S$2,0))," "))) -> 13 | N30: =IF($L30=" "," ",(IF($M30=FALSE," ",(IF($M30>0,INDEX('Bin Analysis'!$C$3:$S$10110,MATCH($L30,'Bin Analysis'!$L$3:$L$10110,0),MATCH(N$5,'Bin Analysis'!$C$2:$S$2,0))," "))))) -> 0 | O30: =IF($L30=" "," ",(IF($M30=FALSE," ",(IF($M30>0,INDEX('Bin Analysis'!$C$3:$S$10110,MATCH($L30,'Bin Analysis'!$L$3:$L$10110,0),MATCH(O$5,'Bin Analysis'!$C$2:$S$2,0))," "))))) -> 0.58333333 | P30: =IF($L30=" "," ",(IF($M30=FALSE," ",(IF($M30>0,INDEX('Bin Analysis'!$C$3:$S$10110,MATCH($L30,'Bin Analysis'!$L$3:$L$10110,0),MATCH(P$5,'Bin Analysis'!$C$2:$S$2,0))," "))))) -> 0.4 | Q30: =IF($L30=" "," ",(IF($M30=FALSE," ",(IF($M30>0,INDEX('Bin Analysis'!$C$3:$S$10110,MATCH($L30,'Bin Analysis'!$L$3:$L$10110,0),MATCH(Q$5,'Bin Analysis'!$C$2:$S$2,0))," "))))) -> 0.30434783 | R30: =IF($L30=" "," ",(IF($M30=FALSE," ",(IF($M30>0,INDEX('Bin Analysis'!$C$3:$S$10110,MATCH($L30,'Bin Analysis'!$L$3:$L$10110,0),MATCH(R$5,'Bin Analysis'!$C$2:$S$2,0))," "))))) -> 0.083333333 | S30: =IF($L30=" "," ",(IF($M30=FALSE," ",(IF($M30>0,INDEX('Bin Analysis'!$C$3:$S$10110,MATCH($L30,'Bin Analysis'!$L$3:$L$10110,0),MATCH(S$5,'Bin Analysis'!$C$2:$S$2,0))," "))))) -> no | T30: =Assignments!K29 -> 0.86188628 | U30: =Assignments!L29 -> 0.20928349 | V30: =Assignments!V29 -> Moderate
A31: V | B31: 2 | C31: N | D31: 1.006114 | E31: 0.05767099 | G31: =IFERROR('Data Transformation'!M29," ") -> 24 | I31: Default Enhancing Score assignment | J31: 0.8 | L31: =$G32 -> 25 | M31: =IF(L31=" "," ",(IF($L31>0,INDEX('Bin Analysis'!$C$3:$S$10110,MATCH($L31,'Bin Analysis'!$L$3:$L$10110,0),MATCH(M$5,'Bin Analysis'!$C$2:$S$2,0))," "))) -> 12 | N31: =IF($L31=" "," ",(IF($M31=FALSE," ",(IF($M31>0,INDEX('Bin Analysis'!$C$3:$S$10110,MATCH($L31,'Bin Analysis'!$L$3:$L$10110,0),MATCH(N$5,'Bin Analysis'!$C$2:$S$2,0))," "))))) -> 0 | O31: =IF($L31=" "," ",(IF($M31=FALSE," ",(IF($M31>0,INDEX('Bin Analysis'!$C$3:$S$10110,MATCH($L31,'Bin Analysis'!$L$3:$L$10110,0),MATCH(O$5,'Bin Analysis'!$C$2:$S$2,0))," "))))) -> 0.63636364 | P31: =IF($L31=" "," ",(IF($M31=FALSE," ",(IF($M31>0,INDEX('Bin Analysis'!$C$3:$S$10110,MATCH($L31,'Bin Analysis'!$L$3:$L$10110,0),MATCH(P$5,'Bin Analysis'!$C$2:$S$2,0))," "))))) -> 0.5 | Q31: =IF($L31=" "," ",(IF($M31=FALSE," ",(IF($M31>0,INDEX('Bin Analysis'!$C$3:$S$10110,MATCH($L31,'Bin Analysis'!$L$3:$L$10110,0),MATCH(Q$5,'Bin Analysis'!$C$2:$S$2,0))," "))))) -> 0.43478261 | R31: =IF($L31=" "," ",(IF($M31=FALSE," ",(IF($M31>0,INDEX('Bin Analysis'!$C$3:$S$10110,MATCH($L31,'Bin Analysis'!$L$3:$L$10110,0),MATCH(R$5,'Bin Analysis'!$C$2:$S$2,0))," "))))) -> 0.090909091 | S31: =IF($L31=" "," ",(IF($M31=FALSE," ",(IF($M31>0,INDEX('Bin Analysis'!$C$3:$S$10110,MATCH($L31,'Bin Analysis'!$L$3:$L$10110,0),MATCH(S$5,'Bin Analysis'!$C$2:$S$2,0))," "))))) -> no | T31: =Assignments!K30 -> 0.85869662 | U31: =Assignments!L30 -> 0.22367761 | V31: =Assignments!V30 -> Moderate
A32: V | B32: 2 | C32: A | D32: 1.0303838 | E32: 0.03900332 | G32: =IFERROR('Data Transformation'!M30," ") -> 25 | L32: =$G33 -> 26 | M32: =IF(L32=" "," ",(IF($L32>0,INDEX('Bin Analysis'!$C$3:$S$10110,MATCH($L32,'Bin Analysis'!$L$3:$L$10110,0),MATCH(M$5,'Bin Analysis'!$C$2:$S$2,0))," "))) -> 12 | N32: =IF($L32=" "," ",(IF($M32=FALSE," ",(IF($M32>0,INDEX('Bin Analysis'!$C$3:$S$10110,MATCH($L32,'Bin Analysis'!$L$3:$L$10110,0),MATCH(N$5,'Bin Analysis'!$C$2:$S$2,0))," "))))) -> 0 | O32: =IF($L32=" "," ",(IF($M32=FALSE," ",(IF($M32>0,INDEX('Bin Analysis'!$C$3:$S$10110,MATCH($L32,'Bin Analysis'!$L$3:$L$10110,0),MATCH(O$5,'Bin Analysis'!$C$2:$S$2,0))," "))))) -> 0.45454545 | P32: =IF($L32=" "," ",(IF($M32=FALSE," ",(IF($M32>0,INDEX('Bin Analysis'!$C$3:$S$10110,MATCH($L32,'Bin Analysis'!$L$3:$L$10110,0),MATCH(P$5,'Bin Analysis'!$C$2:$S$2,0))," "))))) -> 0.5 | Q32: =IF($L32=" "," ",(IF($M32=FALSE," ",(IF($M32>0,INDEX('Bin Analysis'!$C$3:$S$10110,MATCH($L32,'Bin Analysis'!$L$3:$L$10110,0),MATCH(Q$5,'Bin Analysis'!$C$2:$S$2,0))," "))))) -> 0.47826087 | R32: =IF($L32=" "," ",(IF($M32=FALSE," ",(IF($M32>0,INDEX('Bin Analysis'!$C$3:$S$10110,MATCH($L32,'Bin Analysis'!$L$3:$L$10110,0),MATCH(R$5,'Bin Analysis'!$C$2:$S$2,0))," "))))) -> 0 | S32: =IF($L32=" "," ",(IF($M32=FALSE," ",(IF($M32>0,INDEX('Bin Analysis'!$C$3:$S$10110,MATCH($L32,'Bin Analysis'!$L$3:$L$10110,0),MATCH(S$5,'Bin Analysis'!$C$2:$S$2,0))," "))))) -> no | T32: =Assignments!K31 -> 0.84327626 | U32: =Assignments!L31 -> 0.14915521 | V32: =Assignments!V31 -> Moderate
A33: V | B33: 2 | C33: M | D33: 1.0321963 | E33: 0.05128493 | G33: =IFERROR('Data Transformation'!M31," ") -> 26 | I33: Neutral Score assignment | L33: =$G34 -> 27 | M33: =IF(L33=" "," ",(IF($L33>0,INDEX('Bin Analysis'!$C$3:$S$10110,MATCH($L33,'Bin Analysis'!$L$3:$L$10110,0),MATCH(M$5,'Bin Analysis'!$C$2:$S$2,0))," "))) -> 11 | N33: =IF($L33=" "," ",(IF($M33=FALSE," ",(IF($M33>0,INDEX('Bin Analysis'!$C$3:$S$10110,MATCH($L33,'Bin Analysis'!$L$3:$L$10110,0),MATCH(N$5,'Bin Analysis'!$C$2:$S$2,0))," "))))) -> 0 | O33: =IF($L33=" "," ",(IF($M33=FALSE," ",(IF($M33>0,INDEX('Bin Analysis'!$C$3:$S$10110,MATCH($L33,'Bin Analysis'!$L$3:$L$10110,0),MATCH(O$5,'Bin Analysis'!$C$2:$S$2,0))," "))))) -> 0 | P33: =IF($L33=" "," ",(IF($M33=FALSE," ",(IF($M33>0,INDEX('Bin Analysis'!$C$3:$S$10110,MATCH($L33,'Bin Analysis'!$L$3:$L$10110,0),MATCH(P$5,'Bin Analysis'!$C$2:$S$2,0))," "))))) -> 0.3 | Q33: =IF($L33=" "," ",(IF($M33=FALSE," ",(IF($M33>0,INDEX('Bin Analysis'!$C$3:$S$10110,MATCH($L33,'Bin Analysis'!$L$3:$L$10110,0),MATCH(Q$5,'Bin Analysis'!$C$2:$S$2,0))," "))))) -> 0.17391304 | R33: =IF($L33=" "," ",(IF($M33=FALSE," ",(IF($M33>0,INDEX('Bin Analysis'!$C$3:$S$10110,MATCH($L33,'Bin Analysis'!$L$3:$L$10110,0),MATCH(R$5,'Bin Analysis'!$C$2:$S$2,0))," "))))) -> 0.9 | S33: =IF($L33=" "," ",(IF($M33=FALSE," ",(IF($M33>0,INDEX('Bin Analysis'!$C$3:$S$10110,MATCH($L33,'Bin Analysis'!$L$3:$L$10110,0),MATCH(S$5,'Bin Analysis'!$C$2:$S$2,0))," "))))) -> no | T33: =Assignments!K32 -> 0.25747592 | U33: =Assignments!L32 -> 0.059519993 | V33: =Assignments!V32 -> Toggle
A34: V | B34: 2 | C34: R | D34: 1.0421753 | E34: 0.03300177 | G34: =IFERROR('Data Transformation'!M32," ") -> 27 | I34: Default Neutral Score assignment | J34: 0.7 | L34: =$G35 -> 28 | M34: =IF(L34=" "," ",(IF($L34>0,INDEX('Bin Analysis'!$C$3:$S$10110,MATCH($L34,'Bin Analysis'!$L$3:$L$10110,0),MATCH(M$5,'Bin Analysis'!$C$2:$S$2,0))," "))) -> 16 | N34: =IF($L34=" "," ",(IF($M34=FALSE," ",(IF($M34>0,INDEX('Bin Analysis'!$C$3:$S$10110,MATCH($L34,'Bin Analysis'!$L$3:$L$10110,0),MATCH(N$5,'Bin Analysis'!$C$2:$S$2,0))," "))))) -> 0 | O34: =IF($L34=" "," ",(IF($M34=FALSE," ",(IF($M34>0,INDEX('Bin Analysis'!$C$3:$S$10110,MATCH($L34,'Bin Analysis'!$L$3:$L$10110,0),MATCH(O$5,'Bin Analysis'!$C$2:$S$2,0))," "))))) -> 0 | P34: =IF($L34=" "," ",(IF($M34=FALSE," ",(IF($M34>0,INDEX('Bin Analysis'!$C$3:$S$10110,MATCH($L34,'Bin Analysis'!$L$3:$L$10110,0),MATCH(P$5,'Bin Analysis'!$C$2:$S$2,0))," "))))) -> 0.6 | Q34: =IF($L34=" "," ",(IF($M34=FALSE," ",(IF($M34>0,INDEX('Bin Analysis'!$C$3:$S$10110,MATCH($L34,'Bin Analysis'!$L$3:$L$10110,0),MATCH(Q$5,'Bin Analysis'!$C$2:$S$2,0))," "))))) -> 0.56521739 | R34: =IF($L34=" "," ",(IF($M34=FALSE," ",(IF($M34>0,INDEX('Bin Analysis'!$C$3:$S$10110,MATCH($L34,'Bin Analysis'!$L$3:$L$10110,0),MATCH(R$5,'Bin Analysis'!$C$2:$S$2,0))," "))))) -> 0.26666667 | S34: =IF($L34=" "," ",(IF($M34=FALSE," ",(IF($M34>0,INDEX('Bin Analysis'!$C$3:$S$10110,MATCH($L34,'Bin Analysis'!$L$3:$L$10110,0),MATCH(S$5,'Bin Analysis'!$C$2:$S$2,0))," "))))) -> no | T34: =Assignments!K33 -> 0.52663721 | U34: =Assignments!L33 -> 0.22450509 | V34: =Assignments!V33 -> Rheostat
A35: V | B35: 2 | C35: P | D35: 1.0432744 | E35: 0.03577365 | G35: =IFERROR('Data Transformation'!M33," ") -> 28 | L35: =$G36 -> 29 | M35: =IF(L35=" "," ",(IF($L35>0,INDEX('Bin Analysis'!$C$3:$S$10110,MATCH($L35,'Bin Analysis'!$L$3:$L$10110,0),MATCH(M$5,'Bin Analysis'!$C$2:$S$2,0))," "))) -> 13 | N35: =IF($L35=" "," ",(IF($M35=FALSE," ",(IF($M35>0,INDEX('Bin Analysis'!$C$3:$S$10110,MATCH($L35,'Bin Analysis'!$L$3:$L$10110,0),MATCH(N$5,'Bin Analysis'!$C$2:$S$2,0))," "))))) -> 0 | O35: =IF($L35=" "," ",(IF($M35=FALSE," ",(IF($M35>0,INDEX('Bin Analysis'!$C$3:$S$10110,MATCH($L35,'Bin Analysis'!$L$3:$L$10110,0),MATCH(O$5,'Bin Analysis'!$C$2:$S$2,0))," "))))) -> 0.83333333 | P35: =IF($L35=" "," ",(IF($M35=FALSE," ",(IF($M35>0,INDEX('Bin Analysis'!$C$3:$S$10110,MATCH($L35,'Bin Analysis'!$L$3:$L$10110,0),MATCH(P$5,'Bin Analysis'!$C$2:$S$2,0))," "))))) -> 0.3 | Q35: =IF($L35=" "," ",(IF($M35=FALSE," ",(IF($M35>0,INDEX('Bin Analysis'!$C$3:$S$10110,MATCH($L35,'Bin Analysis'!$L$3:$L$10110,0),MATCH(Q$5,'Bin Analysis'!$C$2:$S$2,0))," "))))) -> 0.26086957 | R35: =IF($L35=" "," ",(IF($M35=FALSE," ",(IF($M35>0,INDEX('Bin Analysis'!$C$3:$S$10110,MATCH($L35,'Bin Analysis'!$L$3:$L$10110,0),MATCH(R$5,'Bin Analysis'!$C$2:$S$2,0))," "))))) -> 0 | S35: =IF($L35=" "," ",(IF($M35=FALSE," ",(IF($M35>0,INDEX('Bin Analysis'!$C$3:$S$10110,MATCH($L35,'Bin Analysis'!$L$3:$L$10110,0),MATCH(S$5,'Bin Analysis'!$C$2:$S$2,0))," "))))) -> no | T35: =Assignments!K34 -> 0.89788571 | U35: =Assignments!L34 -> 0.1915994 | V35: =Assignments!V34 -> Neutral
A36: V | B36: 2 | C36: D | D36: 1.0474998 | E36: 0.06854481 | G36: =IFERROR('Data Transformation'!M34," ") -> 29 | I36: Rheostat Score assignment | L36: =$G37 -> 30 | M36: =IF(L36=" "," ",(IF($L36>0,INDEX('Bin Analysis'!$C$3:$S$10110,MATCH($L36,'Bin Analysis'!$L$3:$L$10110,0),MATCH(M$5,'Bin Analysis'!$C$2:$S$2,0))," "))) -> 18 | N36: =IF($L36=" "," ",(IF($M36=FALSE," ",(IF($M36>0,INDEX('Bin Analysis'!$C$3:$S$10110,MATCH($L36,'Bin Analysis'!$L$3:$L$10110,0),MATCH(N$5,'Bin Analysis'!$C$2:$S$2,0))," "))))) -> 0 | O36: =IF($L36=" "," ",(IF($M36=FALSE," ",(IF($M36>0,INDEX('Bin Analysis'!$C$3:$S$10110,MATCH($L36,'Bin Analysis'!$L$3:$L$10110,0),MATCH(O$5,'Bin Analysis'!$C$2:$S$2,0))," "))))) -> 0.82352941 | P36: =IF($L36=" "," ",(IF($M36=FALSE," ",(IF($M36>0,INDEX('Bin Analysis'!$C$3:$S$10110,MATCH($L36,'Bin Analysis'!$L$3:$L$10110,0),MATCH(P$5,'Bin Analysis'!$C$2:$S$2,0))," "))))) -> 0.5 | Q36: =IF($L36=" "," ",(IF($M36=FALSE," ",(IF($M36>0,INDEX('Bin Analysis'!$C$3:$S$10110,MATCH($L36,'Bin Analysis'!$L$3:$L$10110,0),MATCH(Q$5,'Bin Analysis'!$C$2:$S$2,0))," "))))) -> 0.39130435 | R36: =IF($L36=" "," ",(IF($M36=FALSE," ",(IF($M36>0,INDEX('Bin Analysis'!$C$3:$S$10110,MATCH($L36,'Bin Analysis'!$L$3:$L$10110,0),MATCH(R$5,'Bin Analysis'!$C$2:$S$2,0))," "))))) -> 0.058823529 | S36: =IF($L36=" "," ",(IF($M36=FALSE," ",(IF($M36>0,INDEX('Bin Analysis'!$C$3:$S$10110,MATCH($L36,'Bin Analysis'!$L$3:$L$10110,0),MATCH(S$5,'Bin Analysis'!$C$2:$S$2,0))," "))))) -> no | T36: =Assignments!K35 -> 0.89549256 | U36: =Assignments!L35 -> 0.22051093 | V36: =Assignments!V35 -> Neutral
A37: V | B37: 2 | C37: F | D37: 1.0476008 | E37: 0.04402002 | G37: =IFERROR('Data Transformation'!M35," ") -> 30 | I37: Default Rheostate Score assignment | J37: 0.5 | L37: =$G38 -> 31 | M37: =IF(L37=" "," ",(IF($L37>0,INDEX('Bin Analysis'!$C$3:$S$10110,MATCH($L37,'Bin Analysis'!$L$3:$L$10110,0),MATCH(M$5,'Bin Analysis'!$C$2:$S$2,0))," "))) -> 13 | N37: =IF($L37=" "," ",(IF($M37=FALSE," ",(IF($M37>0,INDEX('Bin Analysis'!$C$3:$S$10110,MATCH($L37,'Bin Analysis'!$L$3:$L$10110,0),MATCH(N$5,'Bin Analysis'!$C$2:$S$2,0))," "))))) -> 0 | O37: =IF($L37=" "," ",(IF($M37=FALSE," ",(IF($M37>0,INDEX('Bin Analysis'!$C$3:$S$10110,MATCH($L37,'Bin Analysis'!$L$3:$L$10110,0),MATCH(O$5,'Bin Analysis'!$C$2:$S$2,0))," "))))) -> 0.41666667 | P37: =IF($L37=" "," ",(IF($M37=FALSE," ",(IF($M37>0,INDEX('Bin Analysis'!$C$3:$S$10110,MATCH($L37,'Bin Analysis'!$L$3:$L$10110,0),MATCH(P$5,'Bin Analysis'!$C$2:$S$2,0))," "))))) -> 0.7 | Q37: =IF($L37=" "," ",(IF($M37=FALSE," ",(IF($M37>0,INDEX('Bin Analysis'!$C$3:$S$10110,MATCH($L37,'Bin Analysis'!$L$3:$L$10110,0),MATCH(Q$5,'Bin Analysis'!$C$2:$S$2,0))," "))))) -> 0.65217391 | R37: =IF($L37=" "," ",(IF($M37=FALSE," ",(IF($M37>0,INDEX('Bin Analysis'!$C$3:$S$10110,MATCH($L37,'Bin Analysis'!$L$3:$L$10110,0),MATCH(R$5,'Bin Analysis'!$C$2:$S$2,0))," "))))) -> 0.083333333 | S37: =IF($L37=" "," ",(IF($M37=FALSE," ",(IF($M37>0,INDEX('Bin Analysis'!$C$3:$S$10110,MATCH($L37,'Bin Analysis'!$L$3:$L$10110,0),MATCH(S$5,'Bin Analysis'!$C$2:$S$2,0))," "))))) -> no | T37: =Assignments!K36 -> 0.69238992 | U37: =Assignments!L36 -> 0.23427367 | V37: =Assignments!V36 -> Rheostat
A38: V | B38: 2 | C38: S | D38: 1.054497 | E38: 0.02981959 | G38: =IFERROR('Data Transformation'!M36," ") -> 31 | L38: =$G39 -> 32 | M38: =IF(L38=" "," ",(IF($L38>0,INDEX('Bin Analysis'!$C$3:$S$10110,MATCH($L38,'Bin Analysis'!$L$3:$L$10110,0),MATCH(M$5,'Bin Analysis'!$C$2:$S$2,0))," "))) -> 18 | N38: =IF($L38=" "," ",(IF($M38=FALSE," ",(IF($M38>0,INDEX('Bin Analysis'!$C$3:$S$10110,MATCH($L38,'Bin Analysis'!$L$3:$L$10110,0),MATCH(N$5,'Bin Analysis'!$C$2:$S$2,0))," "))))) -> 0 | O38: =IF($L38=" "," ",(IF($M38=FALSE," ",(IF($M38>0,INDEX('Bin Analysis'!$C$3:$S$10110,MATCH($L38,'Bin Analysis'!$L$3:$L$10110,0),MATCH(O$5,'Bin Analysis'!$C$2:$S$2,0))," "))))) -> 0 | P38: =IF($L38=" "," ",(IF($M38=FALSE," ",(IF($M38>0,INDEX('Bin Analysis'!$C$3:$S$10110,MATCH($L38,'Bin Analysis'!$L$3:$L$10110,0),MATCH(P$5,'Bin Analysis'!$C$2:$S$2,0))," "))))) -> 0.3 | Q38: =IF($L38=" "," ",(IF($M38=FALSE," ",(IF($M38>0,INDEX('Bin Analysis'!$C$3:$S$10110,MATCH($L38,'Bin Analysis'!$L$3:$L$10110,0),MATCH(Q$5,'Bin Analysis'!$C$2:$S$2,0))," "))))) -> 0.17391304 | R38: =IF($L38=" "," ",(IF($M38=FALSE," ",(IF($M38>0,INDEX('Bin Analysis'!$C$3:$S$10110,MATCH($L38,'Bin Analysis'!$L$3:$L$10110,0),MATCH(R$5,'Bin Analysis'!$C$2:$S$2,0))," "))))) -> 0.88235294 | S38: =IF($L38=" "," ",(IF($M38=FALSE," ",(IF($M38>0,INDEX('Bin Analysis'!$C$3:$S$10110,MATCH($L38,'Bin Analysis'!$L$3:$L$10110,0),MATCH(S$5,'Bin Analysis'!$C$2:$S$2,0))," "))))) -> no | T38: =Assignments!K37 -> 0.22017313 | U38: =Assignments!L37 -> 0.084449929 | V38: =Assignments!V37 -> Toggle
A39: V | B39: 2 | C39: H | D39: 1.0848393 | E39: 0.04959334 | G39: =IFERROR('Data Transformation'!M37," ") -> 32 | I39: Toggle Score assignment | L39: =$G40 -> 33 | M39: =IF(L39=" "," ",(IF($L39>0,INDEX('Bin Analysis'!$C$3:$S$10110,MATCH($L39,'Bin Analysis'!$L$3:$L$10110,0),MATCH(M$5,'Bin Analysis'!$C$2:$S$2,0))," "))) -> 9 | N39: =IF($L39=" "," ",(IF($M39=FALSE," ",(IF($M39>0,INDEX('Bin Analysis'!$C$3:$S$10110,MATCH($L39,'Bin Analysis'!$L$3:$L$10110,0),MATCH(N$5,'Bin Analysis'!$C$2:$S$2,0))," "))))) -> 0 | O39: =IF($L39=" "," ",(IF($M39=FALSE," ",(IF($M39>0,INDEX('Bin Analysis'!$C$3:$S$10110,MATCH($L39,'Bin Analysis'!$L$3:$L$10110,0),MATCH(O$5,'Bin Analysis'!$C$2:$S$2,0))," "))))) -> 0.625 | P39: =IF($L39=" "," ",(IF($M39=FALSE," ",(IF($M39>0,INDEX('Bin Analysis'!$C$3:$S$10110,MATCH($L39,'Bin Analysis'!$L$3:$L$10110,0),MATCH(P$5,'Bin Analysis'!$C$2:$S$2,0))," "))))) -> 0.4 | Q39: =IF($L39=" "," ",(IF($M39=FALSE," ",(IF($M39>0,INDEX('Bin Analysis'!$C$3:$S$10110,MATCH($L39,'Bin Analysis'!$L$3:$L$10110,0),MATCH(Q$5,'Bin Analysis'!$C$2:$S$2,0))," "))))) -> 0.39130435 | R39: =IF($L39=" "," ",(IF($M39=FALSE," ",(IF($M39>0,INDEX('Bin Analysis'!$C$3:$S$10110,MATCH($L39,'Bin Analysis'!$L$3:$L$10110,0),MATCH(R$5,'Bin Analysis'!$C$2:$S$2,0))," "))))) -> 0 | S39: =IF($L39=" "," ",(IF($M39=FALSE," ",(IF($M39>0,INDEX('Bin Analysis'!$C$3:$S$10110,MATCH($L39,'Bin Analysis'!$L$3:$L$10110,0),MATCH(S$5,'Bin Analysis'!$C$2:$S$2,0))," "))))) -> no | T39: =Assignments!K38 -> 0.88017525 | U39: =Assignments!L38 -> 0.10746356 | V39: =Assignments!V38 -> Moderate
A40: V | B40: 2 | C40: E | D40: 1.088722 | E40: 0.04959822 | G40: =IFERROR('Data Transformation'!M38," ") -> 33 | I40: Default Toggle Score assignment | J40: 0.64 | L40: =$G41 -> 34 | M40: =IF(L40=" "," ",(IF($L40>0,INDEX('Bin Analysis'!$C$3:$S$10110,MATCH($L40,'Bin Analysis'!$L$3:$L$10110,0),MATCH(M$5,'Bin Analysis'!$C$2:$S$2,0))," "))) -> FALSE | N40: =IF($L40=" "," ",(IF($M40=FALSE," ",(IF($M40>0,INDEX('Bin Analysis'!$C$3:$S$10110,MATCH($L40,'Bin Analysis'!$L$3:$L$10110,0),MATCH(N$5,'Bin Analysis'!$C$2:$S$2,0))," "))))) | O40: =IF($L40=" "," ",(IF($M40=FALSE," ",(IF($M40>0,INDEX('Bin Analysis'!$C$3:$S$10110,MATCH($L40,'Bin Analysis'!$L$3:$L$10110,0),MATCH(O$5,'Bin Analysis'!$C$2:$S$2,0))," "))))) | P40: =IF($L40=" "," ",(IF($M40=FALSE," ",(IF($M40>0,INDEX('Bin Analysis'!$C$3:$S$10110,MATCH($L40,'Bin Analysis'!$L$3:$L$10110,0),MATCH(P$5,'Bin Analysis'!$C$2:$S$2,0))," "))))) | Q40: =IF($L40=" "," ",(IF($M40=FALSE," ",(IF($M40>0,INDEX('Bin Analysis'!$C$3:$S$10110,MATCH($L40,'Bin Analysis'!$L$3:$L$10110,0),MATCH(Q$5,'Bin Analysis'!$C$2:$S$2,0))," "))))) | R40: =IF($L40=" "," ",(IF($M40=FALSE," ",(IF($M40>0,INDEX('Bin Analysis'!$C$3:$S$10110,MATCH($L40,'Bin Analysis'!$L$3:$L$10110,0),MATCH(R$5,'Bin Analysis'!$C$2:$S$2,0))," "))))) | S40: =IF($L40=" "," ",(IF($M40=FALSE," ",(IF($M40>0,INDEX('Bin Analysis'!$C$3:$S$10110,MATCH($L40,'Bin Analysis'!$L$3:$L$10110,0),MATCH(S$5,'Bin Analysis'!$C$2:$S$2,0))," "))))) | T40: =Assignments!K39 -> 0.83339575 | U40: =Assignments!L39 -> 0.17054962 | V40: =Assignments!V39
A41: R | B41: 3 | C41: F | D41: 0.86198508 | E41: 0.04756635 | G41: =IFERROR('Data Transformation'!M39," ") -> 34 | L41: =$G42 -> 35 | M41: =IF(L41=" "," ",(IF($L41>0,INDEX('Bin Analysis'!$C$3:$S$10110,MATCH($L41,'Bin Analysis'!$L$3:$L$10110,0),MATCH(M$5,'Bin Analysis'!$C$2:$S$2,0))," "))) -> 18 | N41: =IF($L41=" "," ",(IF($M41=FALSE," ",(IF($M41>0,INDEX('Bin Analysis'!$C$3:$S$10110,MATCH($L41,'Bin Analysis'!$L$3:$L$10110,0),MATCH(N$5,'Bin Analysis'!$C$2:$S$2,0))," "))))) -> 0.058823529 | O41: =IF($L41=" "," ",(IF($M41=FALSE," ",(IF($M41>0,INDEX('Bin Analysis'!$C$3:$S$10110,MATCH($L41,'Bin Analysis'!$L$3:$L$10110,0),MATCH(O$5,'Bin Analysis'!$C$2:$S$2,0))," "))))) -> 0 | P41: =IF($L41=" "," ",(IF($M41=FALSE," ",(IF($M41>0,INDEX('Bin Analysis'!$C$3:$S$10110,MATCH($L41,'Bin Analysis'!$L$3:$L$10110,0),MATCH(P$5,'Bin Analysis'!$C$2:$S$2,0))," "))))) -> 0.5 | Q41: =IF($L41=" "," ",(IF($M41=FALSE," ",(IF($M41>0,INDEX('Bin Analysis'!$C$3:$S$10110,MATCH($L41,'Bin Analysis'!$L$3:$L$10110,0),MATCH(Q$5,'Bin Analysis'!$C$2:$S$2,0))," "))))) -> 0.39130435 | R41: =IF($L41=" "," ",(IF($M41=FALSE," ",(IF($M41>0,INDEX('Bin Analysis'!$C$3:$S$10110,MATCH($L41,'Bin Analysis'!$L$3:$L$10110,0),MATCH(R$5,'Bin Analysis'!$C$2:$S$2,0))," "))))) -> 0.82352941 | S41: =IF($L41=" "," ",(IF($M41=FALSE," ",(IF($M41>0,INDEX('Bin Analysis'!$C$3:$S$10110,MATCH($L41,'Bin Analysis'!$L$3:$L$10110,0),MATCH(S$5,'Bin Analysis'!$C$2:$S$2,0))," "))))) -> no | T41: =Assignments!K40 -> 0.31272927 | U41: =Assignments!L40 -> 0.27073411 | V41: =Assignments!V40 -> Toggle
A42: R | B42: 3 | C42: T | D42: 0.90679357 | E42: 0.03311615 | G42: =IFERROR('Data Transformation'!M40," ") -> 35 | L42: =$G43 -> 36 | M42: =IF(L42=" "," ",(IF($L42>0,INDEX('Bin Analysis'!$C$3:$S$10110,MATCH($L42,'Bin Analysis'!$L$3:$L$10110,0),MATCH(M$5,'Bin Analysis'!$C$2:$S$2,0))," "))) -> 20 | N42: =IF($L42=" "," ",(IF($M42=FALSE," ",(IF($M42>0,INDEX('Bin Analysis'!$C$3:$S$10110,MATCH($L42,'Bin Analysis'!$L$3:$L$10110,0),MATCH(N$5,'Bin Analysis'!$C$2:$S$2,0))," "))))) -> 0 | O42: =IF($L42=" "," ",(IF($M42=FALSE," ",(IF($M42>0,INDEX('Bin Analysis'!$C$3:$S$10110,MATCH($L42,'Bin Analysis'!$L$3:$L$10110,0),MATCH(O$5,'Bin Analysis'!$C$2:$S$2,0))," "))))) -> 0.78947368 | P42: =IF($L42=" "," ",(IF($M42=FALSE," ",(IF($M42>0,INDEX('Bin Analysis'!$C$3:$S$10110,MATCH($L42,'Bin Analysis'!$L$3:$L$10110,0),MATCH(P$5,'Bin Analysis'!$C$2:$S$2,0))," "))))) -> 0.5 | Q42: =IF($L42=" "," ",(IF($M42=FALSE," ",(IF($M42>0,INDEX('Bin Analysis'!$C$3:$S$10110,MATCH($L42,'Bin Analysis'!$L$3:$L$10110,0),MATCH(Q$5,'Bin Analysis'!$C$2:$S$2,0))," "))))) -> 0.43478261 | R42: =IF($L42=" "," ",(IF($M42=FALSE," ",(IF($M42>0,INDEX('Bin Analysis'!$C$3:$S$10110,MATCH($L42,'Bin Analysis'!$L$3:$L$10110,0),MATCH(R$5,'Bin Analysis'!$C$2:$S$2,0))," "))))) -> 0.052631579 | S42: =IF($L42=" "," ",(IF($M42=FALSE," ",(IF($M42>0,INDEX('Bin Analysis'!$C$3:$S$10110,MATCH($L42,'Bin Analysis'!$L$3:$L$10110,0),MATCH(S$5,'Bin Analysis'!$C$2:$S$2,0))," "))))) -> no | T42: =Assignments!K41 -> 0.88089538 | U42: =Assignments!L41 -> 0.20984257 | V42: =Assignments!V41 -> Neutral
A43: R | B43: 3 | C43: W | D43: 0.9075863 | E43: 0.04494887 | G43: =IFERROR('Data Transformation'!M41," ") -> 36 | L43: =$G44 -> 37 | M43: =IF(L43=" "," ",(IF($L43>0,INDEX('Bin Analysis'!$C$3:$S$10110,MATCH($L43,'Bin Analysis'!$L$3:$L$10110,0),MATCH(M$5,'Bin Analysis'!$C$2:$S$2,0))," "))) -> 20 | N43: =IF($L43=" "," ",(IF($M43=FALSE," ",(IF($M43>0,INDEX('Bin Analysis'!$C$3:$S$10110,MATCH($L43,'Bin Analysis'!$L$3:$L$10110,0),MATCH(N$5,'Bin Analysis'!$C$2:$S$2,0))," "))))) -> 0 | O43: =IF($L43=" "," ",(IF($M43=FALSE," ",(IF($M43>0,INDEX('Bin Analysis'!$C$3:$S$10110,MATCH($L43,'Bin Analysis'!$L$3:$L$10110,0),MATCH(O$5,'Bin Analysis'!$C$2:$S$2,0))," "))))) -> 0.21052632 | P43: =IF($L43=" "," ",(IF($M43=FALSE," ",(IF($M43>0,INDEX('Bin Analysis'!$C$3:$S$10110,MATCH($L43,'Bin Analysis'!$L$3:$L$10110,0),MATCH(P$5,'Bin Analysis'!$C$2:$S$2,0))," "))))) -> 0.5 | Q43: =IF($L43=" "," ",(IF($M43=FALSE," ",(IF($M43>0,INDEX('Bin Analysis'!$C$3:$S$10110,MATCH($L43,'Bin Analysis'!$L$3:$L$10110,0),MATCH(Q$5,'Bin Analysis'!$C$2:$S$2,0))," "))))) -> 0.47826087 | R43: =IF($L43=" "," ",(IF($M43=FALSE," ",(IF($M43>0,INDEX('Bin Analysis'!$C$3:$S$10110,MATCH($L43,'Bin Analysis'!$L$3:$L$10110,0),MATCH(R$5,'Bin Analysis'!$C$2:$S$2,0))," "))))) -> 0 | S43: =IF($L43=" "," ",(IF($M43=FALSE," ",(IF($M43>0,INDEX('Bin Analysis'!$C$3:$S$10110,MATCH($L43,'Bin Analysis'!$L$3:$L$10110,0),MATCH(S$5,'Bin Analysis'!$C$2:$S$2,0))," "))))) -> no | T43: =Assignments!K42 -> 0.76845803 | U43: =Assignments!L42 -> 0.12182021 | V43: =Assignments!V42 -> Moderate
A44: R | B44: 3 | C44: E | D44: 0.93988593 | E44: 0.06529492 | G44: =IFERROR('Data Transformation'!M42," ") -> 37 | L44: =$G45 -> 38 | M44: =IF(L44=" "," ",(IF($L44>0,INDEX('Bin Analysis'!$C$3:$S$10110,MATCH($L44,'Bin Analysis'!$L$3:$L$10110,0),MATCH(M$5,'Bin Analysis'!$C$2:$S$2,0))," "))) -> 20 | N44: =IF($L44=" "," ",(IF($M44=FALSE," ",(IF($M44>0,INDEX('Bin Analysis'!$C$3:$S$10110,MATCH($L44,'Bin Analysis'!$L$3:$L$10110,0),MATCH(N$5,'Bin Analysis'!$C$2:$S$2,0))," "))))) -> 0 | O44: =IF($L44=" "," ",(IF($M44=FALSE," ",(IF($M44>0,INDEX('Bin Analysis'!$C$3:$S$10110,MATCH($L44,'Bin Analysis'!$L$3:$L$10110,0),MATCH(O$5,'Bin Analysis'!$C$2:$S$2,0))," "))))) -> 0.21052632 | P44: =IF($L44=" "," ",(IF($M44=FALSE," ",(IF($M44>0,INDEX('Bin Analysis'!$C$3:$S$10110,MATCH($L44,'Bin Analysis'!$L$3:$L$10110,0),MATCH(P$5,'Bin Analysis'!$C$2:$S$2,0))," "))))) -> 0.7 | Q44: =IF($L44=" "," ",(IF($M44=FALSE," ",(IF($M44>0,INDEX('Bin Analysis'!$C$3:$S$10110,MATCH($L44,'Bin Analysis'!$L$3:$L$10110,0),MATCH(Q$5,'Bin Analysis'!$C$2:$S$2,0))," "))))) -> 0.65217391 | R44: =IF($L44=" "," ",(IF($M44=FALSE," ",(IF($M44>0,INDEX('Bin Analysis'!$C$3:$S$10110,MATCH($L44,'Bin Analysis'!$L$3:$L$10110,0),MATCH(R$5,'Bin Analysis'!$C$2:$S$2,0))," "))))) -> 0.10526316 | S44: =IF($L44=" "," ",(IF($M44=FALSE," ",(IF($M44>0,INDEX('Bin Analysis'!$C$3:$S$10110,MATCH($L44,'Bin Analysis'!$L$3:$L$10110,0),MATCH(S$5,'Bin Analysis'!$C$2:$S$2,0))," "))))) -> no | T44: =Assignments!K43 -> 0.70262068 | U44: =Assignments!L43 -> 0.26385923 | V44: =Assignments!V43 -> Rheostat
A45: R | B45: 3 | C45: L | D45: 0.94687139 | E45: 0.06432117 | G45: =IFERROR('Data Transformation'!M43," ") -> 38 | L45: =$G46 -> 39 | M45: =IF(L45=" "," ",(IF($L45>0,INDEX('Bin Analysis'!$C$3:$S$10110,MATCH($L45,'Bin Analysis'!$L$3:$L$10110,0),MATCH(M$5,'Bin Analysis'!$C$2:$S$2,0))," "))) -> 20 | N45: =IF($L45=" "," ",(IF($M45=FALSE," ",(IF($M45>0,INDEX('Bin Analysis'!$C$3:$S$10110,MATCH($L45,'Bin Analysis'!$L$3:$L$10110,0),MATCH(N$5,'Bin Analysis'!$C$2:$S$2,0))," "))))) -> 0.052631579 | O45: =IF($L45=" "," ",(IF($M45=FALSE," ",(IF($M45>0,INDEX('Bin Analysis'!$C$3:$S$10110,MATCH($L45,'Bin Analysis'!$L$3:$L$10110,0),MATCH(O$5,'Bin Analysis'!$C$2:$S$2,0))," "))))) -> 0.89473684 | P45: =IF($L45=" "," ",(IF($M45=FALSE," ",(IF($M45>0,INDEX('Bin Analysis'!$C$3:$S$10110,MATCH($L45,'Bin Analysis'!$L$3:$L$10110,0),MATCH(P$5,'Bin Analysis'!$C$2:$S$2,0))," "))))) -> 0.4 | Q45: =IF($L45=" "," ",(IF($M45=FALSE," ",(IF($M45>0,INDEX('Bin Analysis'!$C$3:$S$10110,MATCH($L45,'Bin Analysis'!$L$3:$L$10110,0),MATCH(Q$5,'Bin Analysis'!$C$2:$S$2,0))," "))))) -> 0.34782609 | R45: =IF($L45=" "," ",(IF($M45=FALSE," ",(IF($M45>0,INDEX('Bin Analysis'!$C$3:$S$10110,MATCH($L45,'Bin Analysis'!$L$3:$L$10110,0),MATCH(R$5,'Bin Analysis'!$C$2:$S$2,0))," "))))) -> 0 | S45: =IF($L45=" "," ",(IF($M45=FALSE," ",(IF($M45>0,INDEX('Bin Analysis'!$C$3:$S$10110,MATCH($L45,'Bin Analysis'!$L$3:$L$10110,0),MATCH(S$5,'Bin Analysis'!$C$2:$S$2,0))," "))))) -> no | T45: =Assignments!K44 -> 0.98506165 | U45: =Assignments!L44 -> 0.1244189 | V45: =Assignments!V44 -> Neutral
A46: R | B46: 3 | C46: A | D46: 0.96033091 | E46: 0.03243353 | G46: =IFERROR('Data Transformation'!M44," ") -> 39 | L46: =$G47 -> 40 | M46: =IF(L46=" "," ",(IF($L46>0,INDEX('Bin Analysis'!$C$3:$S$10110,MATCH($L46,'Bin Analysis'!$L$3:$L$10110,0),MATCH(M$5,'Bin Analysis'!$C$2:$S$2,0))," "))) -> 20 | N46: =IF($L46=" "," ",(IF($M46=FALSE," ",(IF($M46>0,INDEX('Bin Analysis'!$C$3:$S$10110,MATCH($L46,'Bin Analysis'!$L$3:$L$10110,0),MATCH(N$5,'Bin Analysis'!$C$2:$S$2,0))," "))))) -> 0 | O46: =IF($L46=" "," ",(IF($M46=FALSE," ",(IF($M46>0,INDEX('Bin Analysis'!$C$3:$S$10110,MATCH($L46,'Bin Analysis'!$L$3:$L$10110,0),MATCH(O$5,'Bin Analysis'!$C$2:$S$2,0))," "))))) -> 0.31578947 | P46: =IF($L46=" "," ",(IF($M46=FALSE," ",(IF($M46>0,INDEX('Bin Analysis'!$C$3:$S$10110,MATCH($L46,'Bin Analysis'!$L$3:$L$10110,0),MATCH(P$5,'Bin Analysis'!$C$2:$S$2,0))," "))))) -> 0.7 | Q46: =IF($L46=" "," ",(IF($M46=FALSE," ",(IF($M46>0,INDEX('Bin Analysis'!$C$3:$S$10110,MATCH($L46,'Bin Analysis'!$L$3:$L$10110,0),MATCH(Q$5,'Bin Analysis'!$C$2:$S$2,0))," "))))) -> 0.65217391 | R46: =IF($L46=" "," ",(IF($M46=FALSE," ",(IF($M46>0,INDEX('Bin Analysis'!$C$3:$S$10110,MATCH($L46,'Bin Analysis'!$L$3:$L$10110,0),MATCH(R$5,'Bin Analysis'!$C$2:$S$2,0))," "))))) -> 0.052631579 | S46: =IF($L46=" "," ",(IF($M46=FALSE," ",(IF($M46>0,INDEX('Bin Analysis'!$C$3:$S$10110,MATCH($L46,'Bin Analysis'!$L$3:$L$10110,0),MATCH(S$5,'Bin Analysis'!$C$2:$S$2,0))," "))))) -> no | T46: =Assignments!K45 -> 0.73410545 | U46: =Assignments!L45 -> 0.21673793 | V46: =Assignments!V45 -> Rheostat
A47: R | B47: 3 | C47: D | D47: 0.9706322 | E47: 0.0641225 | G47: =IFERROR('Data Transformation'!M45," ") -> 40 | L47: =$G48 -> 41 | M47: =IF(L47=" "," ",(IF($L47>0,INDEX('Bin Analysis'!$C$3:$S$10110,MATCH($L47,'Bin Analysis'!$L$3:$L$10110,0),MATCH(M$5,'Bin Analysis'!$C$2:$S$2,0))," "))) -> 19 | N47: =IF($L47=" "," ",(IF($M47=FALSE," ",(IF($M47>0,INDEX('Bin Analysis'!$C$3:$S$10110,MATCH($L47,'Bin Analysis'!$L$3:$L$10110,0),MATCH(N$5,'Bin Analysis'!$C$2:$S$2,0))," "))))) -> 0 | O47: =IF($L47=" "," ",(IF($M47=FALSE," ",(IF($M47>0,INDEX('Bin Analysis'!$C$3:$S$10110,MATCH($L47,'Bin Analysis'!$L$3:$L$10110,0),MATCH(O$5,'Bin Analysis'!$C$2:$S$2,0))," "))))) -> 0.5 | P47: =IF($L47=" "," ",(IF($M47=FALSE," ",(IF($M47>0,INDEX('Bin Analysis'!$C$3:$S$10110,MATCH($L47,'Bin Analysis'!$L$3:$L$10110,0),MATCH(P$5,'Bin Analysis'!$C$2:$S$2,0))," "))))) -> 0.7 | Q47: =IF($L47=" "," ",(IF($M47=FALSE," ",(IF($M47>0,INDEX('Bin Analysis'!$C$3:$S$10110,MATCH($L47,'Bin Analysis'!$L$3:$L$10110,0),MATCH(Q$5,'Bin Analysis'!$C$2:$S$2,0))," "))))) -> 0.65217391 | R47: =IF($L47=" "," ",(IF($M47=FALSE," ",(IF($M47>0,INDEX('Bin Analysis'!$C$3:$S$10110,MATCH($L47,'Bin Analysis'!$L$3:$L$10110,0),MATCH(R$5,'Bin Analysis'!$C$2:$S$2,0))," "))))) -> 0.16666667 | S47: =IF($L47=" "," ",(IF($M47=FALSE," ",(IF($M47>0,INDEX('Bin Analysis'!$C$3:$S$10110,MATCH($L47,'Bin Analysis'!$L$3:$L$10110,0),MATCH(S$5,'Bin Analysis'!$C$2:$S$2,0))," "))))) -> no | T47: =Assignments!K46 -> 0.73232291 | U47: =Assignments!L46 -> 0.30880282 | V47: =Assignments!V46 -> Rheostat
A48: R | B48: 3 | C48: S | D48: 0.97793646 | E48: 0.027281 | G48: =IFERROR('Data Transformation'!M46," ") -> 41 | L48: =$G49 -> 42 | M48: =IF(L48=" "," ",(IF($L48>0,INDEX('Bin Analysis'!$C$3:$S$10110,MATCH($L48,'Bin Analysis'!$L$3:$L$10110,0),MATCH(M$5,'Bin Analysis'!$C$2:$S$2,0))," "))) -> 19 | N48: =IF($L48=" "," ",(IF($M48=FALSE," ",(IF($M48>0,INDEX('Bin Analysis'!$C$3:$S$10110,MATCH($L48,'Bin Analysis'!$L$3:$L$10110,0),MATCH(N$5,'Bin Analysis'!$C$2:$S$2,0))," "))))) -> 0 | O48: =IF($L48=" "," ",(IF($M48=FALSE," ",(IF($M48>0,INDEX('Bin Analysis'!$C$3:$S$10110,MATCH($L48,'Bin Analysis'!$L$3:$L$10110,0),MATCH(O$5,'Bin Analysis'!$C$2:$S$2,0))," "))))) -> 0.38888889 | P48: =IF($L48=" "," ",(IF($M48=FALSE," ",(IF($M48>0,INDEX('Bin Analysis'!$C$3:$S$10110,MATCH($L48,'Bin Analysis'!$L$3:$L$10110,0),MATCH(P$5,'Bin Analysis'!$C$2:$S$2,0))," "))))) -> 0.7 | Q48: =IF($L48=" "," ",(IF($M48=FALSE," ",(IF($M48>0,INDEX('Bin Analysis'!$C$3:$S$10110,MATCH($L48,'Bin Analysis'!$L$3:$L$10110,0),MATCH(Q$5,'Bin Analysis'!$C$2:$S$2,0))," "))))) -> 0.65217391 | R48: =IF($L48=" "," ",(IF($M48=FALSE," ",(IF($M48>0,INDEX('Bin Analysis'!$C$3:$S$10110,MATCH($L48,'Bin Analysis'!$L$3:$L$10110,0),MATCH(R$5,'Bin Analysis'!$C$2:$S$2,0))," "))))) -> 0.055555556 | S48: =IF($L48=" "," ",(IF($M48=FALSE," ",(IF($M48>0,INDEX('Bin Analysis'!$C$3:$S$10110,MATCH($L48,'Bin Analysis'!$L$3:$L$10110,0),MATCH(S$5,'Bin Analysis'!$C$2:$S$2,0))," "))))) -> no | T48: =Assignments!K47 -> 0.74602337 | U48: =Assignments!L47 -> 0.26357997 | V48: =Assignments!V47 -> Rheostat
A49: R | B49: 3 | C49: G | D49: 0.98513415 | E49: 0.03097075 | G49: =IFERROR('Data Transformation'!M47," ") -> 42 | L49: =$G50 -> 43 | M49: =IF(L49=" "," ",(IF($L49>0,INDEX('Bin Analysis'!$C$3:$S$10110,MATCH($L49,'Bin Analysis'!$L$3:$L$10110,0),MATCH(M$5,'Bin Analysis'!$C$2:$S$2,0))," "))) -> 11 | N49: =IF($L49=" "," ",(IF($M49=FALSE," ",(IF($M49>0,INDEX('Bin Analysis'!$C$3:$S$10110,MATCH($L49,'Bin Analysis'!$L$3:$L$10110,0),MATCH(N$5,'Bin Analysis'!$C$2:$S$2,0))," "))))) -> 0 | O49: =IF($L49=" "," ",(IF($M49=FALSE," ",(IF($M49>0,INDEX('Bin Analysis'!$C$3:$S$10110,MATCH($L49,'Bin Analysis'!$L$3:$L$10110,0),MATCH(O$5,'Bin Analysis'!$C$2:$S$2,0))," "))))) -> 1 | P49: =IF($L49=" "," ",(IF($M49=FALSE," ",(IF($M49>0,INDEX('Bin Analysis'!$C$3:$S$10110,MATCH($L49,'Bin Analysis'!$L$3:$L$10110,0),MATCH(P$5,'Bin Analysis'!$C$2:$S$2,0))," "))))) -> 0.2 | Q49: =IF($L49=" "," ",(IF($M49=FALSE," ",(IF($M49>0,INDEX('Bin Analysis'!$C$3:$S$10110,MATCH($L49,'Bin Analysis'!$L$3:$L$10110,0),MATCH(Q$5,'Bin Analysis'!$C$2:$S$2,0))," "))))) -> 0.13043478 | R49: =IF($L49=" "," ",(IF($M49=FALSE," ",(IF($M49>0,INDEX('Bin Analysis'!$C$3:$S$10110,MATCH($L49,'Bin Analysis'!$L$3:$L$10110,0),MATCH(R$5,'Bin Analysis'!$C$2:$S$2,0))," "))))) -> 0 | S49: =IF($L49=" "," ",(IF($M49=FALSE," ",(IF($M49>0,INDEX('Bin Analysis'!$C$3:$S$10110,MATCH($L49,'Bin Analysis'!$L$3:$L$10110,0),MATCH(S$5,'Bin Analysis'!$C$2:$S$2,0))," "))))) -> yes | T49: =Assignments!K48 -> 1.006196 | U49: =Assignments!L48 -> 0.050860706 | V49: =Assignments!V48 -> Neutral
A50: R | B50: 3 | C50: K | D50: 0.98613736 | E50: 0.04813011 | G50: =IFERROR('Data Transformation'!M48," ") -> 43 | L50: =$G51 -> 44 | M50: =IF(L50=" "," ",(IF($L50>0,INDEX('Bin Analysis'!$C$3:$S$10110,MATCH($L50,'Bin Analysis'!$L$3:$L$10110,0),MATCH(M$5,'Bin Analysis'!$C$2:$S$2,0))," "))) -> 19 | N50: =IF($L50=" "," ",(IF($M50=FALSE," ",(IF($M50>0,INDEX('Bin Analysis'!$C$3:$S$10110,MATCH($L50,'Bin Analysis'!$L$3:$L$10110,0),MATCH(N$5,'Bin Analysis'!$C$2:$S$2,0))," "))))) -> 0 | O50: =IF($L50=" "," ",(IF($M50=FALSE," ",(IF($M50>0,INDEX('Bin Analysis'!$C$3:$S$10110,MATCH($L50,'Bin Analysis'!$L$3:$L$10110,0),MATCH(O$5,'Bin Analysis'!$C$2:$S$2,0))," "))))) -> 0.94444444 | P50: =IF($L50=" "," ",(IF($M50=FALSE," ",(IF($M50>0,INDEX('Bin Analysis'!$C$3:$S$10110,MATCH($L50,'Bin Analysis'!$L$3:$L$10110,0),MATCH(P$5,'Bin Analysis'!$C$2:$S$2,0))," "))))) -> 0.4 | Q50: =IF($L50=" "," ",(IF($M50=FALSE," ",(IF($M50>0,INDEX('Bin Analysis'!$C$3:$S$10110,MATCH($L50,'Bin Analysis'!$L$3:$L$10110,0),MATCH(Q$5,'Bin Analysis'!$C$2:$S$2,0))," "))))) -> 0.26086957 | R50: =IF($L50=" "," ",(IF($M50=FALSE," ",(IF($M50>0,INDEX('Bin Analysis'!$C$3:$S$10110,MATCH($L50,'Bin Analysis'!$L$3:$L$10110,0),MATCH(R$5,'Bin Analysis'!$C$2:$S$2,0))," "))))) -> 0.055555556 | S50: =IF($L50=" "," ",(IF($M50=FALSE," ",(IF($M50>0,INDEX('Bin Analysis'!$C$3:$S$10110,MATCH($L50,'Bin Analysis'!$L$3:$L$10110,0),MATCH(S$5,'Bin Analysis'!$C$2:$S$2,0))," "))))) -> no | T50: =Assignments!K49 -> 0.95942832 | U50: =Assignments!L49 -> 0.17633791 | V50: =Assignments!V49 -> Neutral
A51: R | B51: 3 | C51: V | D51: 0.99658563 | E51: 0.03273007 | G51: =IFERROR('Data Transformation'!M49," ") -> 44 | L51: =$G52 -> 45 | M51: =IF(L51=" "," ",(IF($L51>0,INDEX('Bin Analysis'!$C$3:$S$10110,MATCH($L51,'Bin Analysis'!$L$3:$L$10110,0),MATCH(M$5,'Bin Analysis'!$C$2:$S$2,0))," "))) -> 17 | N51: =IF($L51=" "," ",(IF($M51=FALSE," ",(IF($M51>0,INDEX('Bin Analysis'!$C$3:$S$10110,MATCH($L51,'Bin Analysis'!$L$3:$L$10110,0),MATCH(N$5,'Bin Analysis'!$C$2:$S$2,0))," "))))) -> 0 | O51: =IF($L51=" "," ",(IF($M51=FALSE," ",(IF($M51>0,INDEX('Bin Analysis'!$C$3:$S$10110,MATCH($L51,'Bin Analysis'!$L$3:$L$10110,0),MATCH(O$5,'Bin Analysis'!$C$2:$S$2,0))," "))))) -> 0.9375 | P51: =IF($L51=" "," ",(IF($M51=FALSE," ",(IF($M51>0,INDEX('Bin Analysis'!$C$3:$S$10110,MATCH($L51,'Bin Analysis'!$L$3:$L$10110,0),MATCH(P$5,'Bin Analysis'!$C$2:$S$2,0))," "))))) -> 0.3 | Q51: =IF($L51=" "," ",(IF($M51=FALSE," ",(IF($M51>0,INDEX('Bin Analysis'!$C$3:$S$10110,MATCH($L51,'Bin Analysis'!$L$3:$L$10110,0),MATCH(Q$5,'Bin Analysis'!$C$2:$S$2,0))," "))))) -> 0.26086957 | R51: =IF($L51=" "," ",(IF($M51=FALSE," ",(IF($M51>0,INDEX('Bin Analysis'!$C$3:$S$10110,MATCH($L51,'Bin Analysis'!$L$3:$L$10110,0),MATCH(R$5,'Bin Analysis'!$C$2:$S$2,0))," "))))) -> 0 | S51: =IF($L51=" "," ",(IF($M51=FALSE," ",(IF($M51>0,INDEX('Bin Analysis'!$C$3:$S$10110,MATCH($L51,'Bin Analysis'!$L$3:$L$10110,0),MATCH(S$5,'Bin Analysis'!$C$2:$S$2,0))," "))))) -> no | T51: =Assignments!K50 -> 0.96004157 | U51: =Assignments!L50 -> 0.069058634 | V51: =Assignments!V50 -> Neutral
A52: R | B52: 3 | C52: Y | D52: 0.99785071 | E52: 0.05380253 | G52: =IFERROR('Data Transformation'!M50," ") -> 45 | L52: =$G53 -> 46 | M52: =IF(L52=" "," ",(IF($L52>0,INDEX('Bin Analysis'!$C$3:$S$10110,MATCH($L52,'Bin Analysis'!$L$3:$L$10110,0),MATCH(M$5,'Bin Analysis'!$C$2:$S$2,0))," "))) -> 19 | N52: =IF($L52=" "," ",(IF($M52=FALSE," ",(IF($M52>0,INDEX('Bin Analysis'!$C$3:$S$10110,MATCH($L52,'Bin Analysis'!$L$3:$L$10110,0),MATCH(N$5,'Bin Analysis'!$C$2:$S$2,0))," "))))) -> 0 | O52: =IF($L52=" "," ",(IF($M52=FALSE," ",(IF($M52>0,INDEX('Bin Analysis'!$C$3:$S$10110,MATCH($L52,'Bin Analysis'!$L$3:$L$10110,0),MATCH(O$5,'Bin Analysis'!$C$2:$S$2,0))," "))))) -> 0.055555556 | P52: =IF($L52=" "," ",(IF($M52=FALSE," ",(IF($M52>0,INDEX('Bin Analysis'!$C$3:$S$10110,MATCH($L52,'Bin Analysis'!$L$3:$L$10110,0),MATCH(P$5,'Bin Analysis'!$C$2:$S$2,0))," "))))) -> 0.5 | Q52: =IF($L52=" "," ",(IF($M52=FALSE," ",(IF($M52>0,INDEX('Bin Analysis'!$C$3:$S$10110,MATCH($L52,'Bin Analysis'!$L$3:$L$10110,0),MATCH(Q$5,'Bin Analysis'!$C$2:$S$2,0))," "))))) -> 0.39130435 | R52: =IF($L52=" "," ",(IF($M52=FALSE," ",(IF($M52>0,INDEX('Bin Analysis'!$C$3:$S$10110,MATCH($L52,'Bin Analysis'!$L$3:$L$10110,0),MATCH(R$5,'Bin Analysis'!$C$2:$S$2,0))," "))))) -> 0.72222222 | S52: =IF($L52=" "," ",(IF($M52=FALSE," ",(IF($M52>0,INDEX('Bin Analysis'!$C$3:$S$10110,MATCH($L52,'Bin Analysis'!$L$3:$L$10110,0),MATCH(S$5,'Bin Analysis'!$C$2:$S$2,0))," "))))) -> no | T52: =Assignments!K51 -> 0.30816435 | U52: =Assignments!L51 -> 0.20391912 | V52: =Assignments!V51 -> Toggle
... A144: T | B144: 9 | C144: E | D144: 0.29767594 | E144: 0.05714789 | G144: =IFERROR('Data Transformation'!M142," ") -> 137 | L144: =$G145 -> 138 | M144: =IF(L144=" "," ",(IF($L144>0,INDEX('Bin Analysis'!$C$3:$S$10110,MATCH($L144,'Bin Analysis'!$L$3:$L$10110,0),MATCH(M$5,'Bin Analysis'!$C$2:$S$2,0))," "))) -> 20 | N144: =IF($L144=" "," ",(IF($M144=FALSE," ",(IF($M144>0,INDEX('Bin Analysis'!$C$3:$S$10110,MATCH($L144,'Bin Analysis'!$L$3:$L$10110,0),MATCH(N$5,'Bin Analysis'!$C$2:$S$2,0))," "))))) -> 0 | O144: =IF($L144=" "," ",(IF($M144=FALSE," ",(IF($M144>0,INDEX('Bin Analysis'!$C$3:$S$10110,MATCH($L144,'Bin Analysis'!$L$3:$L$10110,0),MATCH(O$5,'Bin Analysis'!$C$2:$S$2,0))," "))))) -> 0.42105263 | P144: =IF($L144=" "," ",(IF($M144=FALSE," ",(IF($M144>0,INDEX('Bin Analysis'!$C$3:$S$10110,MATCH($L144,'Bin Analysis'!$L$3:$L$10110,0),MATCH(P$5,'Bin Analysis'!$C$2:$S$2,0))," "))))) -> 0.6 | Q144: =IF($L144=" "," ",(IF($M144=FALSE," ",(IF($M144>0,INDEX('Bin Analysis'!$C$3:$S$10110,MATCH($L144,'Bin Analysis'!$L$3:$L$10110,0),MATCH(Q$5,'Bin Analysis'!$C$2:$S$2,0))," "))))) -> 0.56521739 | R144: =IF($L144=" "," ",(IF($M144=FALSE," ",(IF($M144>0,INDEX('Bin Analysis'!$C$3:$S$10110,MATCH($L144,'Bin Analysis'!$L$3:$L$10110,0),MATCH(R$5,'Bin Analysis'!$C$2:$S$2,0))," "))))) -> 0.052631579 | S144: =IF($L144=" "," ",(IF($M144=FALSE," ",(IF($M144>0,INDEX('Bin Analysis'!$C$3:$S$10110,MATCH($L144,'Bin Analysis'!$L$3:$L$10110,0),MATCH(S$5,'Bin Analysis'!$C$2:$S$2,0))," "))))) -> no | T144: =Assignments!K143 -> 0.81280982 | U144: =Assignments!L143 -> 0.20295017 | V144: =Assignments!V143 -> Rheostat
A145: T | B145: 9 | C145: G | D145: 0.32024004 | E145: 0.0567718 | G145: =IFERROR('Data Transformation'!M143," ") -> 138 | L145: =$G146 -> 139 | M145: =IF(L145=" "," ",(IF($L145>0,INDEX('Bin Analysis'!$C$3:$S$10110,MATCH($L145,'Bin Analysis'!$L$3:$L$10110,0),MATCH(M$5,'Bin Analysis'!$C$2:$S$2,0))," "))) -> 14 | N145: =IF($L145=" "," ",(IF($M145=FALSE," ",(IF($M145>0,INDEX('Bin Analysis'!$C$3:$S$10110,MATCH($L145,'Bin Analysis'!$L$3:$L$10110,0),MATCH(N$5,'Bin Analysis'!$C$2:$S$2,0))," "))))) -> 0 | O145: =IF($L145=" "," ",(IF($M145=FALSE," ",(IF($M145>0,INDEX('Bin Analysis'!$C$3:$S$10110,MATCH($L145,'Bin Analysis'!$L$3:$L$10110,0),MATCH(O$5,'Bin Analysis'!$C$2:$S$2,0))," "))))) -> 0.38461538 | P145: =IF($L145=" "," ",(IF($M145=FALSE," ",(IF($M145>0,INDEX('Bin Analysis'!$C$3:$S$10110,MATCH($L145,'Bin Analysis'!$L$3:$L$10110,0),MATCH(P$5,'Bin Analysis'!$C$2:$S$2,0))," "))))) -> 0.5 | Q145: =IF($L145=" "," ",(IF($M145=FALSE," ",(IF($M145>0,INDEX('Bin Analysis'!$C$3:$S$10110,MATCH($L145,'Bin Analysis'!$L$3:$L$10110,0),MATCH(Q$5,'Bin Analysis'!$C$2:$S$2,0))," "))))) -> 0.43478261 | R145: =IF($L145=" "," ",(IF($M145=FALSE," ",(IF($M145>0,INDEX('Bin Analysis'!$C$3:$S$10110,MATCH($L145,'Bin Analysis'!$L$3:$L$10110,0),MATCH(R$5,'Bin Analysis'!$C$2:$S$2,0))," "))))) -> 0.38461538 | S145: =IF($L145=" "," ",(IF($M145=FALSE," ",(IF($M145>0,INDEX('Bin Analysis'!$C$3:$S$10110,MATCH($L145,'Bin Analysis'!$L$3:$L$10110,0),MATCH(S$5,'Bin Analysis'!$C$2:$S$2,0))," "))))) -> no | T145: =Assignments!K144 -> 0.56872967 | U145: =Assignments!L144 -> 0.40937575 | V145: =Assignments!V144 -> Adverse | W145: The histogram is ambiguous, leave it as currently assigned
A146: T | B146: 9 | C146: P | D146: 0.43145043 | E146: 0.0897103 | G146: =IFERROR('Data Transformation'!M144," ") -> 139 | L146: =$G147 -> 140 | M146: =IF(L146=" "," ",(IF($L146>0,INDEX('Bin Analysis'!$C$3:$S$10110,MATCH($L146,'Bin Analysis'!$L$3:$L$10110,0),MATCH(M$5,'Bin Analysis'!$C$2:$S$2,0))," "))) -> 13 | N146: =IF($L146=" "," ",(IF($M146=FALSE," ",(IF($M146>0,INDEX('Bin Analysis'!$C$3:$S$10110,MATCH($L146,'Bin Analysis'!$L$3:$L$10110,0),MATCH(N$5,'Bin Analysis'!$C$2:$S$2,0))," "))))) -> 0 | O146: =IF($L146=" "," ",(IF($M146=FALSE," ",(IF($M146>0,INDEX('Bin Analysis'!$C$3:$S$10110,MATCH($L146,'Bin Analysis'!$L$3:$L$10110,0),MATCH(O$5,'Bin Analysis'!$C$2:$S$2,0))," "))))) -> 0.083333333 | P146: =IF($L146=" "," ",(IF($M146=FALSE," ",(IF($M146>0,INDEX('Bin Analysis'!$C$3:$S$10110,MATCH($L146,'Bin Analysis'!$L$3:$L$10110,0),MATCH(P$5,'Bin Analysis'!$C$2:$S$2,0))," "))))) -> 0.7 | Q146: =IF($L146=" "," ",(IF($M146=FALSE," ",(IF($M146>0,INDEX('Bin Analysis'!$C$3:$S$10110,MATCH($L146,'Bin Analysis'!$L$3:$L$10110,0),MATCH(Q$5,'Bin Analysis'!$C$2:$S$2,0))," "))))) -> 0.65217391 | R146: =IF($L146=" "," ",(IF($M146=FALSE," ",(IF($M146>0,INDEX('Bin Analysis'!$C$3:$S$10110,MATCH($L146,'Bin Analysis'!$L$3:$L$10110,0),MATCH(R$5,'Bin Analysis'!$C$2:$S$2,0))," "))))) -> 0.16666667 | S146: =IF($L146=" "," ",(IF($M146=FALSE," ",(IF($M146>0,INDEX('Bin Analysis'!$C$3:$S$10110,MATCH($L146,'Bin Analysis'!$L$3:$L$10110,0),MATCH(S$5,'Bin Analysis'!$C$2:$S$2,0))," "))))) -> no | T146: =Assignments!K145 -> 0.62637825 | U146: =Assignments!L145 -> 0.26880637 | V146: =Assignments!V145 -> Rheostat
A147: T | B147: 9 | C147: H | D147: 0.52393617 | E147: 0.08882052 | G147: =IFERROR('Data Transformation'!M145," ") -> 140 | L147: =$G148 -> 141 | M147: =IF(L147=" "," ",(IF($L147>0,INDEX('Bin Analysis'!$C$3:$S$10110,MATCH($L147,'Bin Analysis'!$L$3:$L$10110,0),MATCH(M$5,'Bin Analysis'!$C$2:$S$2,0))," "))) -> 18 | N147: =IF($L147=" "," ",(IF($M147=FALSE," ",(IF($M147>0,INDEX('Bin Analysis'!$C$3:$S$10110,MATCH($L147,'Bin Analysis'!$L$3:$L$10110,0),MATCH(N$5,'Bin Analysis'!$C$2:$S$2,0))," "))))) -> 0 | O147: =IF($L147=" "," ",(IF($M147=FALSE," ",(IF($M147>0,INDEX('Bin Analysis'!$C$3:$S$10110,MATCH($L147,'Bin Analysis'!$L$3:$L$10110,0),MATCH(O$5,'Bin Analysis'!$C$2:$S$2,0))," "))))) -> 0.88235294 | P147: =IF($L147=" "," ",(IF($M147=FALSE," ",(IF($M147>0,INDEX('Bin Analysis'!$C$3:$S$10110,MATCH($L147,'Bin Analysis'!$L$3:$L$10110,0),MATCH(P$5,'Bin Analysis'!$C$2:$S$2,0))," "))))) -> 0.4 | Q147: =IF($L147=" "," ",(IF($M147=FALSE," ",(IF($M147>0,INDEX('Bin Analysis'!$C$3:$S$10110,MATCH($L147,'Bin Analysis'!$L$3:$L$10110,0),MATCH(Q$5,'Bin Analysis'!$C$2:$S$2,0))," "))))) -> 0.26086957 | R147: =IF($L147=" "," ",(IF($M147=FALSE," ",(IF($M147>0,INDEX('Bin Analysis'!$C$3:$S$10110,MATCH($L147,'Bin Analysis'!$L$3:$L$10110,0),MATCH(R$5,'Bin Analysis'!$C$2:$S$2,0))," "))))) -> 0.058823529 | S147: =IF($L147=" "," ",(IF($M147=FALSE," ",(IF($M147>0,INDEX('Bin Analysis'!$C$3:$S$10110,MATCH($L147,'Bin Analysis'!$L$3:$L$10110,0),MATCH(S$5,'Bin Analysis'!$C$2:$S$2,0))," "))))) -> no | T147: =Assignments!K146 -> 0.95266917 | U147: =Assignments!L146 -> 0.21916762 | V147: =Assignments!V146 -> Neutral
A148: T | B148: 9 | C148: M | D148: 0.5860886 | E148: 0.10237665 | G148: =IFERROR('Data Transformation'!M146," ") -> 141 | L148: =$G149 -> 142 | M148: =IF(L148=" "," ",(IF($L148>0,INDEX('Bin Analysis'!$C$3:$S$10110,MATCH($L148,'Bin Analysis'!$L$3:$L$10110,0),MATCH(M$5,'Bin Analysis'!$C$2:$S$2,0))," "))) -> 18 | N148: =IF($L148=" "," ",(IF($M148=FALSE," ",(IF($M148>0,INDEX('Bin Analysis'!$C$3:$S$10110,MATCH($L148,'Bin Analysis'!$L$3:$L$10110,0),MATCH(N$5,'Bin Analysis'!$C$2:$S$2,0))," "))))) -> 0 | O148: =IF($L148=" "," ",(IF($M148=FALSE," ",(IF($M148>0,INDEX('Bin Analysis'!$C$3:$S$10110,MATCH($L148,'Bin Analysis'!$L$3:$L$10110,0),MATCH(O$5,'Bin Analysis'!$C$2:$S$2,0))," "))))) -> 0 | P148: =IF($L148=" "," ",(IF($M148=FALSE," ",(IF($M148>0,INDEX('Bin Analysis'!$C$3:$S$10110,MATCH($L148,'Bin Analysis'!$L$3:$L$10110,0),MATCH(P$5,'Bin Analysis'!$C$2:$S$2,0))," "))))) -> 0.2 | Q148: =IF($L148=" "," ",(IF($M148=FALSE," ",(IF($M148>0,INDEX('Bin Analysis'!$C$3:$S$10110,MATCH($L148,'Bin Analysis'!$L$3:$L$10110,0),MATCH(Q$5,'Bin Analysis'!$C$2:$S$2,0))," "))))) -> 0.086956522 | R148: =IF($L148=" "," ",(IF($M148=FALSE," ",(IF($M148>0,INDEX('Bin Analysis'!$C$3:$S$10110,MATCH($L148,'Bin Analysis'!$L$3:$L$10110,0),MATCH(R$5,'Bin Analysis'!$C$2:$S$2,0))," "))))) -> 1 | S148: =IF($L148=" "," ",(IF($M148=FALSE," ",(IF($M148>0,INDEX('Bin Analysis'!$C$3:$S$10110,MATCH($L148,'Bin Analysis'!$L$3:$L$10110,0),MATCH(S$5,'Bin Analysis'!$C$2:$S$2,0))," "))))) -> yes | T148: =Assignments!K147 -> 0.13087292 | U148: =Assignments!L147 -> 0.047999369 | V148: =Assignments!V147 -> Toggle
A149: T | B149: 9 | C149: W | D149: 0.68527457 | E149: 0.08804373 | G149: =IFERROR('Data Transformation'!M147," ") -> 142 | L149: =$G150 -> 143 | M149: =IF(L149=" "," ",(IF($L149>0,INDEX('Bin Analysis'!$C$3:$S$10110,MATCH($L149,'Bin Analysis'!$L$3:$L$10110,0),MATCH(M$5,'Bin Analysis'!$C$2:$S$2,0))," "))) -> 20 | N149: =IF($L149=" "," ",(IF($M149=FALSE," ",(IF($M149>0,INDEX('Bin Analysis'!$C$3:$S$10110,MATCH($L149,'Bin Analysis'!$L$3:$L$10110,0),MATCH(N$5,'Bin Analysis'!$C$2:$S$2,0))," "))))) -> 0 | O149: =IF($L149=" "," ",(IF($M149=FALSE," ",(IF($M149>0,INDEX('Bin Analysis'!$C$3:$S$10110,MATCH($L149,'Bin Analysis'!$L$3:$L$10110,0),MATCH(O$5,'Bin Analysis'!$C$2:$S$2,0))," "))))) -> 0.31578947 | P149: =IF($L149=" "," ",(IF($M149=FALSE," ",(IF($M149>0,INDEX('Bin Analysis'!$C$3:$S$10110,MATCH($L149,'Bin Analysis'!$L$3:$L$10110,0),MATCH(P$5,'Bin Analysis'!$C$2:$S$2,0))," "))))) -> 0.7 | Q149: =IF($L149=" "," ",(IF($M149=FALSE," ",(IF($M149>0,INDEX('Bin Analysis'!$C$3:$S$10110,MATCH($L149,'Bin Analysis'!$L$3:$L$10110,0),MATCH(Q$5,'Bin Analysis'!$C$2:$S$2,0))," "))))) -> 0.65217391 | R149: =IF($L149=" "," ",(IF($M149=FALSE," ",(IF($M149>0,INDEX('Bin Analysis'!$C$3:$S$10110,MATCH($L149,'Bin Analysis'!$L$3:$L$10110,0),MATCH(R$5,'Bin Analysis'!$C$2:$S$2,0))," "))))) -> 0.052631579 | S149: =IF($L149=" "," ",(IF($M149=FALSE," ",(IF($M149>0,INDEX('Bin Analysis'!$C$3:$S$10110,MATCH($L149,'Bin Analysis'!$L$3:$L$10110,0),MATCH(S$5,'Bin Analysis'!$C$2:$S$2,0))," "))))) -> no | T149: =Assignments!K148 -> 0.68003165 | U149: =Assignments!L148 -> 0.24457195 | V149: =Assignments!V148 -> Rheostat
A150: T | B150: 9 | C150: S | D150: 0.72375303 | E150: 0.03758439 | G150: =IFERROR('Data Transformation'!M148," ") -> 143 | L150: =$G151 -> 144 | M150: =IF(L150=" "," ",(IF($L150>0,INDEX('Bin Analysis'!$C$3:$S$10110,MATCH($L150,'Bin Analysis'!$L$3:$L$10110,0),MATCH(M$5,'Bin Analysis'!$C$2:$S$2,0))," "))) -> 17 | N150: =IF($L150=" "," ",(IF($M150=FALSE," ",(IF($M150>0,INDEX('Bin Analysis'!$C$3:$S$10110,MATCH($L150,'Bin Analysis'!$L$3:$L$10110,0),MATCH(N$5,'Bin Analysis'!$C$2:$S$2,0))," "))))) -> 0 | O150: =IF($L150=" "," ",(IF($M150=FALSE," ",(IF($M150>0,INDEX('Bin Analysis'!$C$3:$S$10110,MATCH($L150,'Bin Analysis'!$L$3:$L$10110,0),MATCH(O$5,'Bin Analysis'!$C$2:$S$2,0))," "))))) -> 0 | P150: =IF($L150=" "," ",(IF($M150=FALSE," ",(IF($M150>0,INDEX('Bin Analysis'!$C$3:$S$10110,MATCH($L150,'Bin Analysis'!$L$3:$L$10110,0),MATCH(P$5,'Bin Analysis'!$C$2:$S$2,0))," "))))) -> 0.6 | Q150: =IF($L150=" "," ",(IF($M150=FALSE," ",(IF($M150>0,INDEX('Bin Analysis'!$C$3:$S$10110,MATCH($L150,'Bin Analysis'!$L$3:$L$10110,0),MATCH(Q$5,'Bin Analysis'!$C$2:$S$2,0))," "))))) -> 0.56521739 | R150: =IF($L150=" "," ",(IF($M150=FALSE," ",(IF($M150>0,INDEX('Bin Analysis'!$C$3:$S$10110,MATCH($L150,'Bin Analysis'!$L$3:$L$10110,0),MATCH(R$5,'Bin Analysis'!$C$2:$S$2,0))," "))))) -> 0.75 | S150: =IF($L150=" "," ",(IF($M150=FALSE," ",(IF($M150>0,INDEX('Bin Analysis'!$C$3:$S$10110,MATCH($L150,'Bin Analysis'!$L$3:$L$10110,0),MATCH(S$5,'Bin Analysis'!$C$2:$S$2,0))," "))))) -> no | T150: =Assignments!K149 -> 0.27732637 | U150: =Assignments!L149 -> 0.2726981 | V150: =Assignments!V149 -> Toggle
A151: T | B151: 9 | C151: N | D151: 0.7313908 | E151: 0.06671388 | G151: =IFERROR('Data Transformation'!M149," ") -> 144 | L151: =$G152 -> 145 | M151: =IF(L151=" "," ",(IF($L151>0,INDEX('Bin Analysis'!$C$3:$S$10110,MATCH($L151,'Bin Analysis'!$L$3:$L$10110,0),MATCH(M$5,'Bin Analysis'!$C$2:$S$2,0))," "))) -> 16 | N151: =IF($L151=" "," ",(IF($M151=FALSE," ",(IF($M151>0,INDEX('Bin Analysis'!$C$3:$S$10110,MATCH($L151,'Bin Analysis'!$L$3:$L$10110,0),MATCH(N$5,'Bin Analysis'!$C$2:$S$2,0))," "))))) -> 0 | O151: =IF($L151=" "," ",(IF($M151=FALSE," ",(IF($M151>0,INDEX('Bin Analysis'!$C$3:$S$10110,MATCH($L151,'Bin Analysis'!$L$3:$L$10110,0),MATCH(O$5,'Bin Analysis'!$C$2:$S$2,0))," "))))) -> 0.066666667 | P151: =IF($L151=" "," ",(IF($M151=FALSE," ",(IF($M151>0,INDEX('Bin Analysis'!$C$3:$S$10110,MATCH($L151,'Bin Analysis'!$L$3:$L$10110,0),MATCH(P$5,'Bin Analysis'!$C$2:$S$2,0))," "))))) -> 0.6 | Q151: =IF($L151=" "," ",(IF($M151=FALSE," ",(IF($M151>0,INDEX('Bin Analysis'!$C$3:$S$10110,MATCH($L151,'Bin Analysis'!$L$3:$L$10110,0),MATCH(Q$5,'Bin Analysis'!$C$2:$S$2,0))," "))))) -> 0.56521739 | R151: =IF($L151=" "," ",(IF($M151=FALSE," ",(IF($M151>0,INDEX('Bin Analysis'!$C$3:$S$10110,MATCH($L151,'Bin Analysis'!$L$3:$L$10110,0),MATCH(R$5,'Bin Analysis'!$C$2:$S$2,0))," "))))) -> 0.46666667 | S151: =IF($L151=" "," ",(IF($M151=FALSE," ",(IF($M151>0,INDEX('Bin Analysis'!$C$3:$S$10110,MATCH($L151,'Bin Analysis'!$L$3:$L$10110,0),MATCH(S$5,'Bin Analysis'!$C$2:$S$2,0))," "))))) -> no | T151: =Assignments!K150 -> 0.41285766 | U151: =Assignments!L150 -> 0.25155861 | V151: =Assignments!V150 -> Rheostat
A152: T | B152: 9 | C152: A | D152: 0.79800988 | E152: 0.04795832 | G152: =IFERROR('Data Transformation'!M150," ") -> 145 | L152: =$G153 -> 146 | M152: =IF(L152=" "," ",(IF($L152>0,INDEX('Bin Analysis'!$C$3:$S$10110,MATCH($L152,'Bin Analysis'!$L$3:$L$10110,0),MATCH(M$5,'Bin Analysis'!$C$2:$S$2,0))," "))) -> 13 | N152: =IF($L152=" "," ",(IF($M152=FALSE," ",(IF($M152>0,INDEX('Bin Analysis'!$C$3:$S$10110,MATCH($L152,'Bin Analysis'!$L$3:$L$10110,0),MATCH(N$5,'Bin Analysis'!$C$2:$S$2,0))," "))))) -> 0 | O152: =IF($L152=" "," ",(IF($M152=FALSE," ",(IF($M152>0,INDEX('Bin Analysis'!$C$3:$S$10110,MATCH($L152,'Bin Analysis'!$L$3:$L$10110,0),MATCH(O$5,'Bin Analysis'!$C$2:$S$2,0))," "))))) -> 0.5 | P152: =IF($L152=" "," ",(IF($M152=FALSE," ",(IF($M152>0,INDEX('Bin Analysis'!$C$3:$S$10110,MATCH($L152,'Bin Analysis'!$L$3:$L$10110,0),MATCH(P$5,'Bin Analysis'!$C$2:$S$2,0))," "))))) -> 0.4 | Q152: =IF($L152=" "," ",(IF($M152=FALSE," ",(IF($M152>0,INDEX('Bin Analysis'!$C$3:$S$10110,MATCH($L152,'Bin Analysis'!$L$3:$L$10110,0),MATCH(Q$5,'Bin Analysis'!$C$2:$S$2,0))," "))))) -> 0.30434783 | R152: =IF($L152=" "," ",(IF($M152=FALSE," ",(IF($M152>0,INDEX('Bin Analysis'!$C$3:$S$10110,MATCH($L152,'Bin Analysis'!$L$3:$L$10110,0),MATCH(R$5,'Bin Analysis'!$C$2:$S$2,0))," "))))) -> 0.083333333 | S152: =IF($L152=" "," ",(IF($M152=FALSE," ",(IF($M152>0,INDEX('Bin Analysis'!$C$3:$S$10110,MATCH($L152,'Bin Analysis'!$L$3:$L$10110,0),MATCH(S$5,'Bin Analysis'!$C$2:$S$2,0))," "))))) -> no | T152: =Assignments!K151 -> 0.8401765 | U152: =Assignments!L151 -> 0.21883097 | V152: =Assignments!V151 -> Moderate
A153: T | B153: 9 | C153: I | D153: 0.81406446 | E153: 0.10609378 | G153: =IFERROR('Data Transformation'!M151," ") -> 146 | L153: =$G154 -> 147 | M153: =IF(L153=" "," ",(IF($L153>0,INDEX('Bin Analysis'!$C$3:$S$10110,MATCH($L153,'Bin Analysis'!$L$3:$L$10110,0),MATCH(M$5,'Bin Analysis'!$C$2:$S$2,0))," "))) -> 16 | N153: =IF($L153=" "," ",(IF($M153=FALSE," ",(IF($M153>0,INDEX('Bin Analysis'!$C$3:$S$10110,MATCH($L153,'Bin Analysis'!$L$3:$L$10110,0),MATCH(N$5,'Bin Analysis'!$C$2:$S$2,0))," "))))) -> 0 | O153: =IF($L153=" "," ",(IF($M153=FALSE," ",(IF($M153>0,INDEX('Bin Analysis'!$C$3:$S$10110,MATCH($L153,'Bin Analysis'!$L$3:$L$10110,0),MATCH(O$5,'Bin Analysis'!$C$2:$S$2,0))," "))))) -> 0.13333333 | P153: =IF($L153=" "," ",(IF($M153=FALSE," ",(IF($M153>0,INDEX('Bin Analysis'!$C$3:$S$10110,MATCH($L153,'Bin Analysis'!$L$3:$L$10110,0),MATCH(P$5,'Bin Analysis'!$C$2:$S$2,0))," "))))) -> 0.4 | Q153: =IF($L153=" "," ",(IF($M153=FALSE," ",(IF($M153>0,INDEX('Bin Analysis'!$C$3:$S$10110,MATCH($L153,'Bin Analysis'!$L$3:$L$10110,0),MATCH(Q$5,'Bin Analysis'!$C$2:$S$2,0))," "))))) -> 0.30434783 | R153: =IF($L153=" "," ",(IF($M153=FALSE," ",(IF($M153>0,INDEX('Bin Analysis'!$C$3:$S$10110,MATCH($L153,'Bin Analysis'!$L$3:$L$10110,0),MATCH(R$5,'Bin Analysis'!$C$2:$S$2,0))," "))))) -> 0.8 | S153: =IF($L153=" "," ",(IF($M153=FALSE," ",(IF($M153>0,INDEX('Bin Analysis'!$C$3:$S$10110,MATCH($L153,'Bin Analysis'!$L$3:$L$10110,0),MATCH(S$5,'Bin Analysis'!$C$2:$S$2,0))," "))))) -> no | T153: =Assignments!K152 -> 0.26088157 | U153: =Assignments!L152 -> 0.3143176 | V153: =Assignments!V152 -> Toggle
A154: T | B154: 9 | C154: R | D154: 0.82242578 | E154: 0.05617166 | G154: =IFERROR('Data Transformation'!M152," ") -> 147 | L154: =$G155 -> 148 | M154: =IF(L154=" "," ",(IF($L154>0,INDEX('Bin Analysis'!$C$3:$S$10110,MATCH($L154,'Bin Analysis'!$L$3:$L$10110,0),MATCH(M$5,'Bin Analysis'!$C$2:$S$2,0))," "))) -> 13 | N154: =IF($L154=" "," ",(IF($M154=FALSE," ",(IF($M154>0,INDEX('Bin Analysis'!$C$3:$S$10110,MATCH($L154,'Bin Analysis'!$L$3:$L$10110,0),MATCH(N$5,'Bin Analysis'!$C$2:$S$2,0))," "))))) -> 0 | O154: =IF($L154=" "," ",(IF($M154=FALSE," ",(IF($M154>0,INDEX('Bin Analysis'!$C$3:$S$10110,MATCH($L154,'Bin Analysis'!$L$3:$L$10110,0),MATCH(O$5,'Bin Analysis'!$C$2:$S$2,0))," "))))) -> 0.083333333 | P154: =IF($L154=" "," ",(IF($M154=FALSE," ",(IF($M154>0,INDEX('Bin Analysis'!$C$3:$S$10110,MATCH($L154,'Bin Analysis'!$L$3:$L$10110,0),MATCH(P$5,'Bin Analysis'!$C$2:$S$2,0))," "))))) -> 0.5 | Q154: =IF($L154=" "," ",(IF($M154=FALSE," ",(IF($M154>0,INDEX('Bin Analysis'!$C$3:$S$10110,MATCH($L154,'Bin Analysis'!$L$3:$L$10110,0),MATCH(Q$5,'Bin Analysis'!$C$2:$S$2,0))," "))))) -> 0.39130435 | R154: =IF($L154=" "," ",(IF($M154=FALSE," ",(IF($M154>0,INDEX('Bin Analysis'!$C$3:$S$10110,MATCH($L154,'Bin Analysis'!$L$3:$L$10110,0),MATCH(R$5,'Bin Analysis'!$C$2:$S$2,0))," "))))) -> 0.58333333 | S154: =IF($L154=" "," ",(IF($M154=FALSE," ",(IF($M154>0,INDEX('Bin Analysis'!$C$3:$S$10110,MATCH($L154,'Bin Analysis'!$L$3:$L$10110,0),MATCH(S$5,'Bin Analysis'!$C$2:$S$2,0))," "))))) -> no | T154: =Assignments!K153 -> 0.394105 | U154: =Assignments!L153 -> 0.35156378 | V154: =Assignments!V153 -> Adverse
A155: T | B155: 9 | C155: Y | D155: 0.96262127 | E155: 0.04679085 | G155: =IFERROR('Data Transformation'!M153," ") -> 148 | L155: =$G156 -> 149 | M155: =IF(L155=" "," ",(IF($L155>0,INDEX('Bin Analysis'!$C$3:$S$10110,MATCH($L155,'Bin Analysis'!$L$3:$L$10110,0),MATCH(M$5,'Bin Analysis'!$C$2:$S$2,0))," "))) -> 11 | N155: =IF($L155=" "," ",(IF($M155=FALSE," ",(IF($M155>0,INDEX('Bin Analysis'!$C$3:$S$10110,MATCH($L155,'Bin Analysis'!$L$3:$L$10110,0),MATCH(N$5,'Bin Analysis'!$C$2:$S$2,0))," "))))) -> 0 | O155: =IF($L155=" "," ",(IF($M155=FALSE," ",(IF($M155>0,INDEX('Bin Analysis'!$C$3:$S$10110,MATCH($L155,'Bin Analysis'!$L$3:$L$10110,0),MATCH(O$5,'Bin Analysis'!$C$2:$S$2,0))," "))))) -> 0 | P155: =IF($L155=" "," ",(IF($M155=FALSE," ",(IF($M155>0,INDEX('Bin Analysis'!$C$3:$S$10110,MATCH($L155,'Bin Analysis'!$L$3:$L$10110,0),MATCH(P$5,'Bin Analysis'!$C$2:$S$2,0))," "))))) -> 0.2 | Q155: =IF($L155=" "," ",(IF($M155=FALSE," ",(IF($M155>0,INDEX('Bin Analysis'!$C$3:$S$10110,MATCH($L155,'Bin Analysis'!$L$3:$L$10110,0),MATCH(Q$5,'Bin Analysis'!$C$2:$S$2,0))," "))))) -> 0.086956522 | R155: =IF($L155=" "," ",(IF($M155=FALSE," ",(IF($M155>0,INDEX('Bin Analysis'!$C$3:$S$10110,MATCH($L155,'Bin Analysis'!$L$3:$L$10110,0),MATCH(R$5,'Bin Analysis'!$C$2:$S$2,0))," "))))) -> 1 | S155: =IF($L155=" "," ",(IF($M155=FALSE," ",(IF($M155>0,INDEX('Bin Analysis'!$C$3:$S$10110,MATCH($L155,'Bin Analysis'!$L$3:$L$10110,0),MATCH(S$5,'Bin Analysis'!$C$2:$S$2,0))," "))))) -> yes | T155: =Assignments!K154 -> 0.11560887 | U155: =Assignments!L154 -> 0.040667292 | V155: =Assignments!V154 -> Toggle
A156: T | B156: 9 | C156: C | D156: 0.97358158 | E156: 0.04504273 | G156: =IFERROR('Data Transformation'!M154," ") -> 149 | L156: =$G157 -> 150 | M156: =IF(L156=" "," ",(IF($L156>0,INDEX('Bin Analysis'!$C$3:$S$10110,MATCH($L156,'Bin Analysis'!$L$3:$L$10110,0),MATCH(M$5,'Bin Analysis'!$C$2:$S$2,0))," "))) -> 15 | N156: =IF($L156=" "," ",(IF($M156=FALSE," ",(IF($M156>0,INDEX('Bin Analysis'!$C$3:$S$10110,MATCH($L156,'Bin Analysis'!$L$3:$L$10110,0),MATCH(N$5,'Bin Analysis'!$C$2:$S$2,0))," "))))) -> 0 | O156: =IF($L156=" "," ",(IF($M156=FALSE," ",(IF($M156>0,INDEX('Bin Analysis'!$C$3:$S$10110,MATCH($L156,'Bin Analysis'!$L$3:$L$10110,0),MATCH(O$5,'Bin Analysis'!$C$2:$S$2,0))," "))))) -> 0 | P156: =IF($L156=" "," ",(IF($M156=FALSE," ",(IF($M156>0,INDEX('Bin Analysis'!$C$3:$S$10110,MATCH($L156,'Bin Analysis'!$L$3:$L$10110,0),MATCH(P$5,'Bin Analysis'!$C$2:$S$2,0))," "))))) -> 0.3 | Q156: =IF($L156=" "," ",(IF($M156=FALSE," ",(IF($M156>0,INDEX('Bin Analysis'!$C$3:$S$10110,MATCH($L156,'Bin Analysis'!$L$3:$L$10110,0),MATCH(Q$5,'Bin Analysis'!$C$2:$S$2,0))," "))))) -> 0.2173913 | R156: =IF($L156=" "," ",(IF($M156=FALSE," ",(IF($M156>0,INDEX('Bin Analysis'!$C$3:$S$10110,MATCH($L156,'Bin Analysis'!$L$3:$L$10110,0),MATCH(R$5,'Bin Analysis'!$C$2:$S$2,0))," "))))) -> 0.92857143 | S156: =IF($L156=" "," ",(IF($M156=FALSE," ",(IF($M156>0,INDEX('Bin Analysis'!$C$3:$S$10110,MATCH($L156,'Bin Analysis'!$L$3:$L$10110,0),MATCH(S$5,'Bin Analysis'!$C$2:$S$2,0))," "))))) -> no | T156: =Assignments!K155 -> 0.15651255 | U156: =Assignments!L155 -> 0.12391698 | V156: =Assignments!V155 -> Toggle
A157: T | B157: 9 | C157: V | D157: 0.98030807 | E157: 0.03526997 | G157: =IFERROR('Data Transformation'!M155," ") -> 150 | L157: =$G158 -> 151 | M157: =IF(L157=" "," ",(IF($L157>0,INDEX('Bin Analysis'!$C$3:$S$10110,MATCH($L157,'Bin Analysis'!$L$3:$L$10110,0),MATCH(M$5,'Bin Analysis'!$C$2:$S$2,0))," "))) -> 19 | N157: =IF($L157=" "," ",(IF($M157=FALSE," ",(IF($M157>0,INDEX('Bin Analysis'!$C$3:$S$10110,MATCH($L157,'Bin Analysis'!$L$3:$L$10110,0),MATCH(N$5,'Bin Analysis'!$C$2:$S$2,0))," "))))) -> 0 | O157: =IF($L157=" "," ",(IF($M157=FALSE," ",(IF($M157>0,INDEX('Bin Analysis'!$C$3:$S$10110,MATCH($L157,'Bin Analysis'!$L$3:$L$10110,0),MATCH(O$5,'Bin Analysis'!$C$2:$S$2,0))," "))))) -> 0 | P157: =IF($L157=" "," ",(IF($M157=FALSE," ",(IF($M157>0,INDEX('Bin Analysis'!$C$3:$S$10110,MATCH($L157,'Bin Analysis'!$L$3:$L$10110,0),MATCH(P$5,'Bin Analysis'!$C$2:$S$2,0))," "))))) -> 0.5 | Q157: =IF($L157=" "," ",(IF($M157=FALSE," ",(IF($M157>0,INDEX('Bin Analysis'!$C$3:$S$10110,MATCH($L157,'Bin Analysis'!$L$3:$L$10110,0),MATCH(Q$5,'Bin Analysis'!$C$2:$S$2,0))," "))))) -> 0.47826087 | R157: =IF($L157=" "," ",(IF($M157=FALSE," ",(IF($M157>0,INDEX('Bin Analysis'!$C$3:$S$10110,MATCH($L157,'Bin Analysis'!$L$3:$L$10110,0),MATCH(R$5,'Bin Analysis'!$C$2:$S$2,0))," "))))) -> 0.72222222 | S157: =IF($L157=" "," ",(IF($M157=FALSE," ",(IF($M157>0,INDEX('Bin Analysis'!$C$3:$S$10110,MATCH($L157,'Bin Analysis'!$L$3:$L$10110,0),MATCH(S$5,'Bin Analysis'!$C$2:$S$2,0))," "))))) -> no | T157: =Assignments!K156 -> 0.25681913 | U157: =Assignments!L156 -> 0.30711396 | V157: =Assignments!V156 -> Toggle
... A355: M | B355: 25 | C355: F | D355: 0.60665745 | E355: 0.09059758 | G355: =IFERROR('Data Transformation'!M353," ") | L355: =$G356 | M355: =IF(L355=" "," ",(IF($L355>0,INDEX('Bin Analysis'!$C$3:$S$10110,MATCH($L355,'Bin Analysis'!$L$3:$L$10110,0),MATCH(M$5,'Bin Analysis'!$C$2:$S$2,0))," "))) | N355: =IF($L355=" "," ",(IF($M355=FALSE," ",(IF($M355>0,INDEX('Bin Analysis'!$C$3:$S$10110,MATCH($L355,'Bin Analysis'!$L$3:$L$10110,0),MATCH(N$5,'Bin Analysis'!$C$2:$S$2,0))," "))))) | O355: =IF($L355=" "," ",(IF($M355=FALSE," ",(IF($M355>0,INDEX('Bin Analysis'!$C$3:$S$10110,MATCH($L355,'Bin Analysis'!$L$3:$L$10110,0),MATCH(O$5,'Bin Analysis'!$C$2:$S$2,0))," "))))) | P355: =IF($L355=" "," ",(IF($M355=FALSE," ",(IF($M355>0,INDEX('Bin Analysis'!$C$3:$S$10110,MATCH($L355,'Bin Analysis'!$L$3:$L$10110,0),MATCH(P$5,'Bin Analysis'!$C$2:$S$2,0))," "))))) | Q355: =IF($L355=" "," ",(IF($M355=FALSE," ",(IF($M355>0,INDEX('Bin Analysis'!$C$3:$S$10110,MATCH($L355,'Bin Analysis'!$L$3:$L$10110,0),MATCH(Q$5,'Bin Analysis'!$C$2:$S$2,0))," "))))) | R355: =IF($L355=" "," ",(IF($M355=FALSE," ",(IF($M355>0,INDEX('Bin Analysis'!$C$3:$S$10110,MATCH($L355,'Bin Analysis'!$L$3:$L$10110,0),MATCH(R$5,'Bin Analysis'!$C$2:$S$2,0))," "))))) | S355: =IF($L355=" "," ",(IF($M355=FALSE," ",(IF($M355>0,INDEX('Bin Analysis'!$C$3:$S$10110,MATCH($L355,'Bin Analysis'!$L$3:$L$10110,0),MATCH(S$5,'Bin Analysis'!$C$2:$S$2,0))," "))))) | T355: =Assignments!K354 | U355: =Assignments!L354 | V355: =Assignments!V354
A356: M | B356: 25 | C356: L | D356: 0.79866808 | E356: 0.04944552 | G356: =IFERROR('Data Transformation'!M354," ") | L356: =$G357 | M356: =IF(L356=" "," ",(IF($L356>0,INDEX('Bin Analysis'!$C$3:$S$10110,MATCH($L356,'Bin Analysis'!$L$3:$L$10110,0),MATCH(M$5,'Bin Analysis'!$C$2:$S$2,0))," "))) | N356: =IF($L356=" "," ",(IF($M356=FALSE," ",(IF($M356>0,INDEX('Bin Analysis'!$C$3:$S$10110,MATCH($L356,'Bin Analysis'!$L$3:$L$10110,0),MATCH(N$5,'Bin Analysis'!$C$2:$S$2,0))," "))))) | O356: =IF($L356=" "," ",(IF($M356=FALSE," ",(IF($M356>0,INDEX('Bin Analysis'!$C$3:$S$10110,MATCH($L356,'Bin Analysis'!$L$3:$L$10110,0),MATCH(O$5,'Bin Analysis'!$C$2:$S$2,0))," "))))) | P356: =IF($L356=" "," ",(IF($M356=FALSE," ",(IF($M356>0,INDEX('Bin Analysis'!$C$3:$S$10110,MATCH($L356,'Bin Analysis'!$L$3:$L$10110,0),MATCH(P$5,'Bin Analysis'!$C$2:$S$2,0))," "))))) | Q356: =IF($L356=" "," ",(IF($M356=FALSE," ",(IF($M356>0,INDEX('Bin Analysis'!$C$3:$S$10110,MATCH($L356,'Bin Analysis'!$L$3:$L$10110,0),MATCH(Q$5,'Bin Analysis'!$C$2:$S$2,0))," "))))) | R356: =IF($L356=" "," ",(IF($M356=FALSE," ",(IF($M356>0,INDEX('Bin Analysis'!$C$3:$S$10110,MATCH($L356,'Bin Analysis'!$L$3:$L$10110,0),MATCH(R$5,'Bin Analysis'!$C$2:$S$2,0))," "))))) | S356: =IF($L356=" "," ",(IF($M356=FALSE," ",(IF($M356>0,INDEX('Bin Analysis'!$C$3:$S$10110,MATCH($L356,'Bin Analysis'!$L$3:$L$10110,0),MATCH(S$5,'Bin Analysis'!$C$2:$S$2,0))," "))))) | T356: =Assignments!K355 | U356: =Assignments!L355
A357: M | B357: 25 | C357: R | D357: 0.84642594 | E357: 0.0842067 | G357: =IFERROR('Data Transformation'!M355," ")
A358: M | B358: 25 | C358: S | D358: 0.90925995 | E358: 0.08146389
A359: M | B359: 25 | C359: Y | D359: 0.92688661 | E359: 0.04599812
A360: M | B360: 25 | C360: V | D360: 0.96755332 | E360: 0.07184432
A361: M | B361: 25 | C361: K | D361: 0.97024258 | E361: 0.0699854
A362: M | B362: 25 | C362: I | D362: 0.98299185 | E362: 0.0434258
A363: M | B363: 25 | C363: C | D363: 1.0388219 | E363: 0.07237483
A364: M | B364: 25 | C364: A | D364: 1.088108 | E364: 0.09710411
A365: T | B365: 26 | C365: G | D365: 0.59334004 | E365: 0.04262121
A366: T | B366: 26 | C366: K | D366: 0.72401884 | E366: 0.04747055
A367: T | B367: 26 | C367: S | D367: 0.72513954 | E367: 0.04160993
A368: T | B368: 26 | C368: Y | D368: 0.74263657 | E368: 0.06128469
A369: T | B369: 26 | C369: R | D369: 0.79039038 | E369: 0.05025303
... A4938: K | B4938: 315 | C4938: L | D4938: 1.3571461 | E4938: 0.04852604

Sheet Analysis working notes
A1: https://www.nature.com/articles/s41467-024-50566-9
A2: These data are from the Call lab paper Supp Fig 13
A3: The Supplement legend describes them as "Sequence-function map of normalized combined drug-escape fitness scores after applying the filters outlined in Extended Data Fig. 12"
A4: We interpret this as "Supp Fig 12", since the paper does not have Extended Data figures
A6: The "dead" value of 0.19 used here is the average + std deviation of the stop codons
A7: The max value of 1.5 was taken from the range used in the Call lab paper
A9: The WT value reported for the original data is 1 +-0.02
A10: When RheoScale was performed with the reported WT values, no positons were neutral.
A11: This reported error seems really small, given the other analyses in the Call paper. For RheoScale analyses, we chose instead to use the calculator default for the neutral error, which is 2-x the histogram bin width
A12: This results in a neutral bin width 0.26, which is comparable to the other activity assay and resulted in a reasonable number of neutral positions

Sheet Data Transformation
B1: Data | J1: Position Statistics | Q1: Bin determination | T1: Drop down menu options
B2: Position | C2: Data | D2: Error | E2: Log Data | F2: Error of Log Data | G2: Data to be analyzed | H2: Error to be analyzed | I2: Position to be counted | O2: Threshold
A3: WT | C3: =IF(ISNUMBER('Input and Summary Results'!D5),'Input and Summary Results'!D5,FALSE) -> 1 | D3: =IF(ISNUMBER('Input and Summary Results'!E5),'Input and Summary Results'!E5,FALSE) -> FALSE | E3: =LOG10(C3) -> 0 | F3: =0.434*D4/C4 -> 0 | G3: =IF('Input and Summary Results'!$J$4="yes",'Data Transformation'!E3,'Data Transformation'!C3) -> 1 | H3: =IF('Input and Summary Results'!$J$4="yes",'Data Transformation'!F3,'Data Transformation'!D3) -> FALSE | J3: Unique Distinct Positions | M3: Positions ordered | N3: Total# of Mutants | O3: # of variants | Q3: Minimum | R3: =MIN(G4:G8425) -> -0.2114974 | T3: log scale?
A4: WT | B4: ='Input and Summary Results'!G$8 -> 1 | C4: =IF(B4=0,FALSE,'Input and Summary Results'!$D$5) -> 1 | D4: =IF(B4=0,FALSE,'Input and Summary Results'!$E$5) -> 0 | E4: =IF(C4=FALSE,FALSE,LOG10(C4)) -> 0 | F4: =IF(D4=FALSE, FALSE,0.434*D4/C4) -> 0 | G4: =IF(B4=" ",FALSE,(IF('Input and Summary Results'!$J$4="yes",'Data Transformation'!E4,'Data Transformation'!C4))) -> 1 | H4: =IF(B4=" ",FALSE,(IF('Input and Summary Results'!$J$4="yes",'Data Transformation'!F4,'Data Transformation'!D4))) -> 0 | I4: =IF(G4=FALSE,"",B4) -> 1 | J4: all | M4: =J4 -> all | N4: =(COUNTIF(I425:I8425,">0"))+1 -> 4933 | O4: =IF(N4>4,N4,FALSE) -> 4933 | Q4: Maximum | R4: =IF('Input and Summary Results'!J4="yes",MAX(E425:E8425),MAX(C425:C8425)) -> 1.4334565 | T4: yes
A5: WT | B5: ='Input and Summary Results'!$G9 -> 2 | C5: =IF(B5=0,FALSE,'Input and Summary Results'!$D$5) -> 1 | D5: =IF(B5=0,FALSE,'Input and Summary Results'!$E$5) -> 0 | E5: =IF(C5=FALSE,FALSE,LOG10(C5)) -> 0 | F5: =IF(D5=FALSE, FALSE,0.434*D5/C5) -> 0 | G5: =IF(B5=" ",FALSE,(IF('Input and Summary Results'!$J$4="yes",'Data Transformation'!E5,'Data Transformation'!C5))) -> 1 | H5: =IF(B5=" ",FALSE,(IF('Input and Summary Results'!$J$4="yes",'Data Transformation'!F5,'Data Transformation'!D5))) -> 0 | I5: =IF(G5=FALSE,"",B5) -> 2 | J5: =LOOKUP(2,1/(COUNTIF($J$4:J4,'Input and Summary Results'!$B$7:$B$8007)=0),'Input and Summary Results'!$B$7:$B$8007) -> 0 | K5: =IFERROR(J5," ") -> 0 | M5: sum of positions | N5: =SUM(N6:N426) -> 5247 | O5: =IF(N5>4,N5,FALSE) -> 5247 | Q5: Wild Type | R5: =$G$3 -> 1 | T5: no
A6: WT | B6: ='Input and Summary Results'!$G10 -> 3 | C6: =IF(B6=0,FALSE,'Input and Summary Results'!$D$5) -> 1 | D6: =IF(B6=0,FALSE,'Input and Summary Results'!$E$5) -> 0 | E6: =IF(C6=FALSE,FALSE,LOG10(C6)) -> 0 | F6: =IF(D6=FALSE, FALSE,0.434*D6/C6) -> 0 | G6: =IF(B6=" ",FALSE,(IF('Input and Summary Results'!$J$4="yes",'Data Transformation'!E6,'Data Transformation'!C6))) -> 1 | H6: =IF(B6=" ",FALSE,(IF('Input and Summary Results'!$J$4="yes",'Data Transformation'!F6,'Data Transformation'!D6))) -> 0 | I6: =IF(G6=FALSE,"",B6) -> 3 | J6: =LOOKUP(2,1/(COUNTIF($J$4:J5,'Input and Summary Results'!$B$7:$B$8007)=0),'Input and Summary Results'!$B$7:$B$8007) -> 315 | K6: =IFERROR(J6," ") -> 315 | L6: 1 | M6: =SMALL($K$6:$K$426,L6) -> 1 | N6: =COUNTIF($I$4:$I$8425,M6) -> 18 | O6: =IF(N6>4,N6,FALSE) -> 18 | Q6: Dead | R6: =IF('Input and Summary Results'!J4="yes",LOG('Input and Summary Results'!J17,10),'Input and Summary Results'!J17) -> 0.19
A7: WT | B7: ='Input and Summary Results'!$G11 -> 4 | C7: =IF(B7=0,FALSE,'Input and Summary Results'!$D$5) -> 1 | D7: =IF(B7=0,FALSE,'Input and Summary Results'!$E$5) -> 0 | E7: =IF(C7=FALSE,FALSE,LOG10(C7)) -> 0 | F7: =IF(D7=FALSE, FALSE,0.434*D7/C7) -> 0 | G7: =IF(B7=" ",FALSE,(IF('Input and Summary Results'!$J$4="yes",'Data Transformation'!E7,'Data Transformation'!C7))) -> 1 | H7: =IF(B7=" ",FALSE,(IF('Input and Summary Results'!$J$4="yes",'Data Transformation'!F7,'Data Transformation'!D7))) -> 0 | I7: =IF(G7=FALSE,"",B7) -> 4 | J7: =LOOKUP(2,1/(COUNTIF($J$4:J6,'Input and Summary Results'!$B$7:$B$8007)=0),'Input and Summary Results'!$B$7:$B$8007) -> 314 | K7: =IFERROR(J7," ") -> 314 | L7: =L6+1 -> 2 | M7: =SMALL($K$6:$K$426,L7) -> 2 | N7: =COUNTIF($I$4:$I$8425,M7) -> 18 | O7: =IF(N7>4,N7,FALSE) -> 18 | T7: non fxnal value
A8: WT | B8: ='Input and Summary Results'!$G12 -> 5 | C8: =IF(B8=0,FALSE,'Input and Summary Results'!$D$5) -> 1 | D8: =IF(B8=0,FALSE,'Input and Summary Results'!$E$5) -> 0 | E8: =IF(C8=FALSE,FALSE,LOG10(C8)) -> 0 | F8: =IF(D8=FALSE, FALSE,0.434*D8/C8) -> 0 | G8: =IF(B8=" ",FALSE,(IF('Input and Summary Results'!$J$4="yes",'Data Transformation'!E8,'Data Transformation'!C8))) -> 1 | H8: =IF(B8=" ",FALSE,(IF('Input and Summary Results'!$J$4="yes",'Data Transformation'!F8,'Data Transformation'!D8))) -> 0 | I8: =IF(G8=FALSE,"",B8) -> 5 | J8: =LOOKUP(2,1/(COUNTIF($J$4:J7,'Input and Summary Results'!$B$7:$B$8007)=0),'Input and Summary Results'!$B$7:$B$8007) -> 313 | K8: =IFERROR(J8," ") -> 313 | L8: =L7+1 -> 3 | M8: =SMALL($K$6:$K$426,L8) -> 3 | N8: =COUNTIF($I$4:$I$8425,M8) -> 19 | O8: =IF(N8>4,N8,FALSE) -> 19 | Q8: Max/Min for calculations | T8: minimum | U8: =IF('Input and Summary Results'!J4="yes",10^R9,R9) -> 0.19
A9: WT | B9: ='Input and Summary Results'!$G13 -> 6 | C9: =IF(B9=0,FALSE,'Input and Summary Results'!$D$5) -> 1 | D9: =IF(B9=0,FALSE,'Input and Summary Results'!$E$5) -> 0 | E9: =IF(C9=FALSE,FALSE,LOG10(C9)) -> 0 | F9: =IF(D9=FALSE, FALSE,0.434*D9/C9) -> 0 | G9: =IF(B9=" ",FALSE,(IF('Input and Summary Results'!$J$4="yes",'Data Transformation'!E9,'Data Transformation'!C9))) -> 1 | H9: =IF(B9=" ",FALSE,(IF('Input and Summary Results'!$J$4="yes",'Data Transformation'!F9,'Data Transformation'!D9))) -> 0 | I9: =IF(G9=FALSE,"",B9) -> 6 | J9: =LOOKUP(2,1/(COUNTIF($J$4:J8,'Input and Summary Results'!$B$7:$B$8007)=0),'Input and Summary Results'!$B$7:$B$8007) -> 312 | K9: =IFERROR(J9," ") -> 312 | L9: =L8+1 -> 4 | M9: =SMALL($K$6:$K$426,L9) -> 4 | N9: =COUNTIF($I$4:$I$8425,M9) -> 17 | O9: =IF(N9>4,N9,FALSE) -> 17 | Q9: Minimum | R9: =IF('Input and Summary Results'!J11="",'Data Transformation'!R3,IF('Input and Summary Results'!$J$4="yes",LOG('Input and Summary Results'!J11,10),'Input and Summary Results'!J11)) -> 0.19 | T9: maximum | U9: =IF('Input and Summary Results'!J4="yes",10^R10,R10) -> 1.5
A10: WT | B10: ='Input and Summary Results'!$G14 -> 7 | C10: =IF(B10=0,FALSE,'Input and Summary Results'!$D$5) -> 1 | D10: =IF(B10=0,FALSE,'Input and Summary Results'!$E$5) -> 0 | E10: =IF(C10=FALSE,FALSE,LOG10(C10)) -> 0 | F10: =IF(D10=FALSE, FALSE,0.434*D10/C10) -> 0 | G10: =IF(B10=" ",FALSE,(IF('Input and Summary Results'!$J$4="yes",'Data Transformation'!E10,'Data Transformation'!C10))) -> 1 | H10: =IF(B10=" ",FALSE,(IF('Input and Summary Results'!$J$4="yes",'Data Transformation'!F10,'Data Transformation'!D10))) -> 0 | I10: =IF(G10=FALSE,"",B10) -> 7 | J10: =LOOKUP(2,1/(COUNTIF($J$4:J9,'Input and Summary Results'!$B$7:$B$8007)=0),'Input and Summary Results'!$B$7:$B$8007) -> 311 | K10: =IFERROR(J10," ") -> 311 | L10: =L9+1 -> 5 | M10: =SMALL($K$6:$K$426,L10) -> 5 | N10: =COUNTIF($I$4:$I$8425,M10) -> 19 | O10: =IF(N10>4,N10,FALSE) -> 19 | Q10: Maximum | R10: =IF('Input and Summary Results'!J12="",'Data Transformation'!R4,IF('Input and Summary Results'!$J$4="yes",LOG('Input and Summary Results'!J12,10),'Input and Summary Results'!J12)) -> 1.5
A11: WT | B11: ='Input and Summary Results'!$G15 -> 8 | C11: =IF(B11=0,FALSE,'Input and Summary Results'!$D$5) -> 1 | D11: =IF(B11=0,FALSE,'Input and Summary Results'!$E$5) -> 0 | E11: =IF(C11=FALSE,FALSE,LOG10(C11)) -> 0 | F11: =IF(D11=FALSE, FALSE,0.434*D11/C11) -> 0 | G11: =IF(B11=" ",FALSE,(IF('Input and Summary Results'!$J$4="yes",'Data Transformation'!E11,'Data Transformation'!C11))) -> 1 | H11: =IF(B11=" ",FALSE,(IF('Input and Summary Results'!$J$4="yes",'Data Transformation'!F11,'Data Transformation'!D11))) -> 0 | I11: =IF(G11=FALSE,"",B11) -> 8 | J11: =LOOKUP(2,1/(COUNTIF($J$4:J10,'Input and Summary Results'!$B$7:$B$8007)=0),'Input and Summary Results'!$B$7:$B$8007) -> 310 | K11: =IFERROR(J11," ") -> 310 | L11: =L10+1 -> 6 | M11: =SMALL($K$6:$K$426,L11) -> 6 | N11: =COUNTIF($I$4:$I$8425,M11) -> 17 | O11: =IF(N11>4,N11,FALSE) -> 17 | T11: Top WT boundary | U11: ='Data Transformation'!$G$3+0.5*'Data Transformation'!$U$25 -> 1.131
A12: WT | B12: ='Input and Summary Results'!$G16 -> 9 | C12: =IF(B12=0,FALSE,'Input and Summary Results'!$D$5) -> 1 | D12: =IF(B12=0,FALSE,'Input and Summary Results'!$E$5) -> 0 | E12: =IF(C12=FALSE,FALSE,LOG10(C12)) -> 0 | F12: =IF(D12=FALSE, FALSE,0.434*D12/C12) -> 0 | G12: =IF(B12=" ",FALSE,(IF('Input and Summary Results'!$J$4="yes",'Data Transformation'!E12,'Data Transformation'!C12))) -> 1 | H12: =IF(B12=" ",FALSE,(IF('Input and Summary Results'!$J$4="yes",'Data Transformation'!F12,'Data Transformation'!D12))) -> 0 | I12: =IF(G12=FALSE,"",B12) -> 9 | J12: =LOOKUP(2,1/(COUNTIF($J$4:J11,'Input and Summary Results'!$B$7:$B$8007)=0),'Input and Summary Results'!$B$7:$B$8007) -> 309 | K12: =IFERROR(J12," ") -> 309 | L12: =L11+1 -> 7 | M12: =SMALL($K$6:$K$426,L12) -> 7 | N12: =COUNTIF($I$4:$I$8425,M12) -> 19 | O12: =IF(N12>4,N12,FALSE) -> 19 | T12: Bottom WT boundary | U12: =U11-W25 -> 0.869
A13: WT | B13: ='Input and Summary Results'!$G17 -> 10 | C13: =IF(B13=0,FALSE,'Input and Summary Results'!$D$5) -> 1 | D13: =IF(B13=0,FALSE,'Input and Summary Results'!$E$5) -> 0 | E13: =IF(C13=FALSE,FALSE,LOG10(C13)) -> 0 | F13: =IF(D13=FALSE, FALSE,0.434*D13/C13) -> 0 | G13: =IF(B13=" ",FALSE,(IF('Input and Summary Results'!$J$4="yes",'Data Transformation'!E13,'Data Transformation'!C13))) -> 1 | H13: =IF(B13=" ",FALSE,(IF('Input and Summary Results'!$J$4="yes",'Data Transformation'!F13,'Data Transformation'!D13))) -> 0 | I13: =IF(G13=FALSE,"",B13) -> 10 | J13: =LOOKUP(2,1/(COUNTIF($J$4:J12,'Input and Summary Results'!$B$7:$B$8007)=0),'Input and Summary Results'!$B$7:$B$8007) -> 308 | K13: =IFERROR(J13," ") -> 308 | L13: =L12+1 -> 8 | M13: =SMALL($K$6:$K$426,L13) -> 8 | N13: =COUNTIF($I$4:$I$8425,M13) -> 18 | O13: =IF(N13>4,N13,FALSE) -> 18
A14: WT | B14: ='Input and Summary Results'!$G18 -> 11 | C14: =IF(B14=0,FALSE,'Input and Summary Results'!$D$5) -> 1 | D14: =IF(B14=0,FALSE,'Input and Summary Results'!$E$5) -> 0 | E14: =IF(C14=FALSE,FALSE,LOG10(C14)) -> 0 | F14: =IF(D14=FALSE, FALSE,0.434*D14/C14) -> 0 | G14: =IF(B14=" ",FALSE,(IF('Input and Summary Results'!$J$4="yes",'Data Transformation'!E14,'Data Transformation'!C14))) -> 1 | H14: =IF(B14=" ",FALSE,(IF('Input and Summary Results'!$J$4="yes",'Data Transformation'!F14,'Data Transformation'!D14))) -> 0 | I14: =IF(G14=FALSE,"",B14) -> 11 | J14: =LOOKUP(2,1/(COUNTIF($J$4:J13,'Input and Summary Results'!$B$7:$B$8007)=0),'Input and Summary Results'!$B$7:$B$8007) -> 307 | K14: =IFERROR(J14," ") -> 307 | L14: =L13+1 -> 9 | M14: =SMALL($K$6:$K$426,L14) -> 9 | N14: =COUNTIF($I$4:$I$8425,M14) -> 17 | O14: =IF(N14>4,N14,FALSE) -> 17
A15: WT | B15: ='Input and Summary Results'!$G19 -> 12 | C15: =IF(B15=0,FALSE,'Input and Summary Results'!$D$5) -> 1 | D15: =IF(B15=0,FALSE,'Input and Summary Results'!$E$5) -> 0 | E15: =IF(C15=FALSE,FALSE,LOG10(C15)) -> 0 | F15: =IF(D15=FALSE, FALSE,0.434*D15/C15) -> 0 | G15: =IF(B15=" ",FALSE,(IF('Input and Summary Results'!$J$4="yes",'Data Transformation'!E15,'Data Transformation'!C15))) -> 1 | H15: =IF(B15=" ",FALSE,(IF('Input and Summary Results'!$J$4="yes",'Data Transformation'!F15,'Data Transformation'!D15))) -> 0 | I15: =IF(G15=FALSE,"",B15) -> 12 | J15: =LOOKUP(2,1/(COUNTIF($J$4:J14,'Input and Summary Results'!$B$7:$B$8007)=0),'Input and Summary Results'!$B$7:$B$8007) -> 306 | K15: =IFERROR(J15," ") -> 306 | L15: =L14+1 -> 10 | M15: =SMALL($K$6:$K$426,L15) -> 10 | N15: =COUNTIF($I$4:$I$8425,M15) -> 14 | O15: =IF(N15>4,N15,FALSE) -> 14 | Q15: Mean Error for calculations | R15: =IF('Input and Summary Results'!J19="",_xlfn.AGGREGATE(1,6,H4,H425:H6424),(IF('Input and Summary Results'!J4="yes",'Input and Summary Results'!J19*0.434/C3,'Input and Summary Results'!J19))) -> 0.059995972 | T15: Error override to be used for neutral bins | U15: =IF('Input and Summary Results'!J4="yes",'Input and Summary Results'!J19*0.434/C3,'Input and Summary Results'!J19) -> 0
A16: WT | B16: ='Input and Summary Results'!$G20 -> 13 | C16: =IF(B16=0,FALSE,'Input and Summary Results'!$D$5) -> 1 | D16: =IF(B16=0,FALSE,'Input and Summary Results'!$E$5) -> 0 | E16: =IF(C16=FALSE,FALSE,LOG10(C16)) -> 0 | F16: =IF(D16=FALSE, FALSE,0.434*D16/C16) -> 0 | G16: =IF(B16=" ",FALSE,(IF('Input and Summary Results'!$J$4="yes",'Data Transformation'!E16,'Data Transformation'!C16))) -> 1 | H16: =IF(B16=" ",FALSE,(IF('Input and Summary Results'!$J$4="yes",'Data Transformation'!F16,'Data Transformation'!D16))) -> 0 | I16: =IF(G16=FALSE,"",B16) -> 13 | J16: =LOOKUP(2,1/(COUNTIF($J$4:J15,'Input and Summary Results'!$B$7:$B$8007)=0),'Input and Summary Results'!$B$7:$B$8007) -> 305 | K16: =IFERROR(J16," ") -> 305 | L16: =L15+1 -> 11 | M16: =SMALL($K$6:$K$426,L16) -> 11 | N16: =COUNTIF($I$4:$I$8425,M16) -> 16 | O16: =IF(N16>4,N16,FALSE) -> 16 | Q16: 2 sigma error | R16: =R15*2 -> 0.11999194
A17: WT | B17: ='Input and Summary Results'!$G21 -> 14 | C17: =IF(B17=0,FALSE,'Input and Summary Results'!$D$5) -> 1 | D17: =IF(B17=0,FALSE,'Input and Summary Results'!$E$5) -> 0 | E17: =IF(C17=FALSE,FALSE,LOG10(C17)) -> 0 | F17: =IF(D17=FALSE, FALSE,0.434*D17/C17) -> 0 | G17: =IF(B17=" ",FALSE,(IF('Input and Summary Results'!$J$4="yes",'Data Transformation'!E17,'Data Transformation'!C17))) -> 1 | H17: =IF(B17=" ",FALSE,(IF('Input and Summary Results'!$J$4="yes",'Data Transformation'!F17,'Data Transformation'!D17))) -> 0 | I17: =IF(G17=FALSE,"",B17) -> 14 | J17: =LOOKUP(2,1/(COUNTIF($J$4:J16,'Input and Summary Results'!$B$7:$B$8007)=0),'Input and Summary Results'!$B$7:$B$8007) -> 304 | K17: =IFERROR(J17," ") -> 304 | L17: =L16+1 -> 12 | M17: =SMALL($K$6:$K$426,L17) -> 12 | N17: =COUNTIF($I$4:$I$8425,M17) -> 7 | O17: =IF(N17>4,N17,FALSE) -> 7
A18: WT | B18: ='Input and Summary Results'!$G22 -> 15 | C18: =IF(B18=0,FALSE,'Input and Summary Results'!$D$5) -> 1 | D18: =IF(B18=0,FALSE,'Input and Summary Results'!$E$5) -> 0 | E18: =IF(C18=FALSE,FALSE,LOG10(C18)) -> 0 | F18: =IF(D18=FALSE, FALSE,0.434*D18/C18) -> 0 | G18: =IF(B18=" ",FALSE,(IF('Input and Summary Results'!$J$4="yes",'Data Transformation'!E18,'Data Transformation'!C18))) -> 1 | H18: =IF(B18=" ",FALSE,(IF('Input and Summary Results'!$J$4="yes",'Data Transformation'!F18,'Data Transformation'!D18))) -> 0 | I18: =IF(G18=FALSE,"",B18) -> 15 | J18: =LOOKUP(2,1/(COUNTIF($J$4:J17,'Input and Summary Results'!$B$7:$B$8007)=0),'Input and Summary Results'!$B$7:$B$8007) -> 303 | K18: =IFERROR(J18," ") -> 303 | L18: =L17+1 -> 13 | M18: =SMALL($K$6:$K$426,L18) -> 13 | N18: =COUNTIF($I$4:$I$8425,M18) -> 7 | O18: =IF(N18>4,N18,FALSE) -> 7 | Q18: # of bins
A19: WT | B19: ='Input and Summary Results'!$G23 -> 16 | C19: =IF(B19=0,FALSE,'Input and Summary Results'!$D$5) -> 1 | D19: =IF(B19=0,FALSE,'Input and Summary Results'!$E$5) -> 0 | E19: =IF(C19=FALSE,FALSE,LOG10(C19)) -> 0 | F19: =IF(D19=FALSE, FALSE,0.434*D19/C19) -> 0 | G19: =IF(B19=" ",FALSE,(IF('Input and Summary Results'!$J$4="yes",'Data Transformation'!E19,'Data Transformation'!C19))) -> 1 | H19: =IF(B19=" ",FALSE,(IF('Input and Summary Results'!$J$4="yes",'Data Transformation'!F19,'Data Transformation'!D19))) -> 0 | I19: =IF(G19=FALSE,"",B19) -> 16 | J19: =LOOKUP(2,1/(COUNTIF($J$4:J18,'Input and Summary Results'!$B$7:$B$8007)=0),'Input and Summary Results'!$B$7:$B$8007) -> 302 | K19: =IFERROR(J19," ") -> 302 | L19: =L18+1 -> 14 | M19: =SMALL($K$6:$K$426,L19) -> 14 | N19: =COUNTIF($I$4:$I$8425,M19) -> 10 | O19: =IF(N19>4,N19,FALSE) -> 10 | Q19: Error based | R19: =(R10-R9)/R16 -> 10.9174
A20: WT | B20: ='Input and Summary Results'!$G24 -> 17 | C20: =IF(B20=0,FALSE,'Input and Summary Results'!$D$5) -> 1 | D20: =IF(B20=0,FALSE,'Input and Summary Results'!$E$5) -> 0 | E20: =IF(C20=FALSE,FALSE,LOG10(C20)) -> 0 | F20: =IF(D20=FALSE, FALSE,0.434*D20/C20) -> 0 | G20: =IF(B20=" ",FALSE,(IF('Input and Summary Results'!$J$4="yes",'Data Transformation'!E20,'Data Transformation'!C20))) -> 1 | H20: =IF(B20=" ",FALSE,(IF('Input and Summary Results'!$J$4="yes",'Data Transformation'!F20,'Data Transformation'!D20))) -> 0 | I20: =IF(G20=FALSE,"",B20) -> 17 | J20: =LOOKUP(2,1/(COUNTIF($J$4:J19,'Input and Summary Results'!$B$7:$B$8007)=0),'Input and Summary Results'!$B$7:$B$8007) -> 301 | K20: =IFERROR(J20," ") -> 301 | L20: =L19+1 -> 15 | M20: =SMALL($K$6:$K$426,L20) -> 15 | N20: =COUNTIF($I$4:$I$8425,M20) -> 12 | O20: =IF(N20>4,N20,FALSE) -> 12 | Q20: Mean | R20: =AVERAGE(O6:O427) -> 16.741214
A21: WT | B21: ='Input and Summary Results'!$G25 -> 18 | C21: =IF(B21=0,FALSE,'Input and Summary Results'!$D$5) -> 1 | D21: =IF(B21=0,FALSE,'Input and Summary Results'!$E$5) -> 0 | E21: =IF(C21=FALSE,FALSE,LOG10(C21)) -> 0 | F21: =IF(D21=FALSE, FALSE,0.434*D21/C21) -> 0 | G21: =IF(B21=" ",FALSE,(IF('Input and Summary Results'!$J$4="yes",'Data Transformation'!E21,'Data Transformation'!C21))) -> 1 | H21: =IF(B21=" ",FALSE,(IF('Input and Summary Results'!$J$4="yes",'Data Transformation'!F21,'Data Transformation'!D21))) -> 0 | I21: =IF(G21=FALSE,"",B21) -> 18 | J21: =LOOKUP(2,1/(COUNTIF($J$4:J20,'Input and Summary Results'!$B$7:$B$8007)=0),'Input and Summary Results'!$B$7:$B$8007) -> 300 | K21: =IFERROR(J21," ") -> 300 | L21: =L20+1 -> 16 | M21: =SMALL($K$6:$K$426,L21) -> 16 | N21: =COUNTIF($I$4:$I$8425,M21) -> 7 | O21: =IF(N21>4,N21,FALSE) -> 7 | Q21: Median | R21: =MEDIAN(O6:O427) -> 18
A22: WT | B22: ='Input and Summary Results'!$G26 -> 19 | C22: =IF(B22=0,FALSE,'Input and Summary Results'!$D$5) -> 1 | D22: =IF(B22=0,FALSE,'Input and Summary Results'!$E$5) -> 0 | E22: =IF(C22=FALSE,FALSE,LOG10(C22)) -> 0 | F22: =IF(D22=FALSE, FALSE,0.434*D22/C22) -> 0 | G22: =IF(B22=" ",FALSE,(IF('Input and Summary Results'!$J$4="yes",'Data Transformation'!E22,'Data Transformation'!C22))) -> 1 | H22: =IF(B22=" ",FALSE,(IF('Input and Summary Results'!$J$4="yes",'Data Transformation'!F22,'Data Transformation'!D22))) -> 0 | I22: =IF(G22=FALSE,"",B22) -> 19 | J22: =LOOKUP(2,1/(COUNTIF($J$4:J21,'Input and Summary Results'!$B$7:$B$8007)=0),'Input and Summary Results'!$B$7:$B$8007) -> 299 | K22: =IFERROR(J22," ") -> 299 | L22: =L21+1 -> 17 | M22: =SMALL($K$6:$K$426,L22) -> 17 | N22: =COUNTIF($I$4:$I$8425,M22) -> 11 | O22: =IF(N22>4,N22,FALSE) -> 11
A23: WT | B23: ='Input and Summary Results'!$G27 -> 20 | C23: =IF(B23=0,FALSE,'Input and Summary Results'!$D$5) -> 1 | D23: =IF(B23=0,FALSE,'Input and Summary Results'!$E$5) -> 0 | E23: =IF(C23=FALSE,FALSE,LOG10(C23)) -> 0 | F23: =IF(D23=FALSE, FALSE,0.434*D23/C23) -> 0 | G23: =IF(B23=" ",FALSE,(IF('Input and Summary Results'!$J$4="yes",'Data Transformation'!E23,'Data Transformation'!C23))) -> 1 | H23: =IF(B23=" ",FALSE,(IF('Input and Summary Results'!$J$4="yes",'Data Transformation'!F23,'Data Transformation'!D23))) -> 0 | I23: =IF(G23=FALSE,"",B23) -> 20 | J23: =LOOKUP(2,1/(COUNTIF($J$4:J22,'Input and Summary Results'!$B$7:$B$8007)=0),'Input and Summary Results'!$B$7:$B$8007) -> 298 | K23: =IFERROR(J23," ") -> 298 | L23: =L22+1 -> 18 | M23: =SMALL($K$6:$K$426,L23) -> 18 | N23: =COUNTIF($I$4:$I$8425,M23) -> 17 | O23: =IF(N23>4,N23,FALSE) -> 17 | Q23: Bin Recommendation | R23: =ROUNDDOWN(MIN(R19:R21),0) -> 10
A24: WT | B24: ='Input and Summary Results'!$G28 -> 21 | C24: =IF(B24=0,FALSE,'Input and Summary Results'!$D$5) -> 1 | D24: =IF(B24=0,FALSE,'Input and Summary Results'!$E$5) -> 0 | E24: =IF(C24=FALSE,FALSE,LOG10(C24)) -> 0 | F24: =IF(D24=FALSE, FALSE,0.434*D24/C24) -> 0 | G24: =IF(B24=" ",FALSE,(IF('Input and Summary Results'!$J$4="yes",'Data Transformation'!E24,'Data Transformation'!C24))) -> 1 | H24: =IF(B24=" ",FALSE,(IF('Input and Summary Results'!$J$4="yes",'Data Transformation'!F24,'Data Transformation'!D24))) -> 0 | I24: =IF(G24=FALSE,"",B24) -> 21 | J24: =LOOKUP(2,1/(COUNTIF($J$4:J23,'Input and Summary Results'!$B$7:$B$8007)=0),'Input and Summary Results'!$B$7:$B$8007) -> 297 | K24: =IFERROR(J24," ") -> 297 | L24: =L23+1 -> 19 | M24: =SMALL($K$6:$K$426,L24) -> 19 | N24: =COUNTIF($I$4:$I$8425,M24) -> 20 | O24: =IF(N24>4,N24,FALSE) -> 20 | Q24: Bin override | R24: =IF('Input and Summary Results'!J23>0,(ROUNDDOWN('Input and Summary Results'!J23,0)),'Data Transformation'!R23) -> 10
A25: WT | B25: ='Input and Summary Results'!$G29 -> 22 | C25: =IF(B25=0,FALSE,'Input and Summary Results'!$D$5) -> 1 | D25: =IF(B25=0,FALSE,'Input and Summary Results'!$E$5) -> 0 | E25: =IF(C25=FALSE,FALSE,LOG10(C25)) -> 0 | F25: =IF(D25=FALSE, FALSE,0.434*D25/C25) -> 0 | G25: =IF(B25=" ",FALSE,(IF('Input and Summary Results'!$J$4="yes",'Data Transformation'!E25,'Data Transformation'!C25))) -> 1 | H25: =IF(B25=" ",FALSE,(IF('Input and Summary Results'!$J$4="yes",'Data Transformation'!F25,'Data Transformation'!D25))) -> 0 | I25: =IF(G25=FALSE,"",B25) -> 22 | J25: =LOOKUP(2,1/(COUNTIF($J$4:J24,'Input and Summary Results'!$B$7:$B$8007)=0),'Input and Summary Results'!$B$7:$B$8007) -> 296 | K25: =IFERROR(J25," ") -> 296 | L25: =L24+1 -> 20 | M25: =SMALL($K$6:$K$426,L25) -> 20 | N25: =COUNTIF($I$4:$I$8425,M25) -> 20 | O25: =IF(N25>4,N25,FALSE) -> 20 | Q25: Bin size | R25: =(R10-R9)/R24 -> 0.131 | T25: Neutral bin size | U25: =IF(ISNUMBER('Input and Summary Results'!J27),'Input and Summary Results'!J27,'Data Transformation'!W25) -> 0.262 | V25: Neutral bin if no override | W25: =IF(ISNUMBER('Input and Summary Results'!J19),'Data Transformation'!U15*4,IF(ISNUMBER('Input and Summary Results'!E5),'Data Transformation'!H3*4,'Data Transformation'!U26)) -> 0.262
A26: WT | B26: ='Input and Summary Results'!$G30 -> 23 | C26: =IF(B26=0,FALSE,'Input and Summary Results'!$D$5) -> 1 | D26: =IF(B26=0,FALSE,'Input and Summary Results'!$E$5) -> 0 | E26: =IF(C26=FALSE,FALSE,LOG10(C26)) -> 0 | F26: =IF(D26=FALSE, FALSE,0.434*D26/C26) -> 0 | G26: =IF(B26=" ",FALSE,(IF('Input and Summary Results'!$J$4="yes",'Data Transformation'!E26,'Data Transformation'!C26))) -> 1 | H26: =IF(B26=" ",FALSE,(IF('Input and Summary Results'!$J$4="yes",'Data Transformation'!F26,'Data Transformation'!D26))) -> 0 | I26: =IF(G26=FALSE,"",B26) -> 23 | J26: =LOOKUP(2,1/(COUNTIF($J$4:J25,'Input and Summary Results'!$B$7:$B$8007)=0),'Input and Summary Results'!$B$7:$B$8007) -> 295 | K26: =IFERROR(J26," ") -> 295 | L26: =L25+1 -> 21 | M26: =SMALL($K$6:$K$426,L26) -> 21 | N26: =COUNTIF($I$4:$I$8425,M26) -> 19 | O26: =IF(N26>4,N26,FALSE) -> 19 | Q26: Bin size (not logged) | R26: =10^R25 -> 1.3520726 | T26: Times 2 bin size | U26: =R25*2 -> 0.262
A27: WT | B27: ='Input and Summary Results'!$G31 -> 24 | C27: =IF(B27=0,FALSE,'Input and Summary Results'!$D$5) -> 1 | D27: =IF(B27=0,FALSE,'Input and Summary Results'!$E$5) -> 0 | E27: =IF(C27=FALSE,FALSE,LOG10(C27)) -> 0 | F27: =IF(D27=FALSE, FALSE,0.434*D27/C27) -> 0 | G27: =IF(B27=" ",FALSE,(IF('Input and Summary Results'!$J$4="yes",'Data Transformation'!E27,'Data Transformation'!C27))) -> 1 | H27: =IF(B27=" ",FALSE,(IF('Input and Summary Results'!$J$4="yes",'Data Transformation'!F27,'Data Transformation'!D27))) -> 0 | I27: =IF(G27=FALSE,"",B27) -> 24 | J27: =LOOKUP(2,1/(COUNTIF($J$4:J26,'Input and Summary Results'!$B$7:$B$8007)=0),'Input and Summary Results'!$B$7:$B$8007) -> 294 | K27: =IFERROR(J27," ") -> 294 | L27: =L26+1 -> 22 | M27: =SMALL($K$6:$K$426,L27) -> 22 | N27: =COUNTIF($I$4:$I$8425,M27) -> 19 | O27: =IF(N27>4,N27,FALSE) -> 19
A28: WT | B28: ='Input and Summary Results'!$G32 -> 25 | C28: =IF(B28=0,FALSE,'Input and Summary Results'!$D$5) -> 1 | D28: =IF(B28=0,FALSE,'Input and Summary Results'!$E$5) -> 0 | E28: =IF(C28=FALSE,FALSE,LOG10(C28)) -> 0 | F28: =IF(D28=FALSE, FALSE,0.434*D28/C28) -> 0 | G28: =IF(B28=" ",FALSE,(IF('Input and Summary Results'!$J$4="yes",'Data Transformation'!E28,'Data Transformation'!C28))) -> 1 | H28: =IF(B28=" ",FALSE,(IF('Input and Summary Results'!$J$4="yes",'Data Transformation'!F28,'Data Transformation'!D28))) -> 0 | I28: =IF(G28=FALSE,"",B28) -> 25 | J28: =LOOKUP(2,1/(COUNTIF($J$4:J27,'Input and Summary Results'!$B$7:$B$8007)=0),'Input and Summary Results'!$B$7:$B$8007) -> 293 | K28: =IFERROR(J28," ") -> 293 | L28: =L27+1 -> 23 | M28: =SMALL($K$6:$K$426,L28) -> 23 | N28: =COUNTIF($I$4:$I$8425,M28) -> 17 | O28: =IF(N28>4,N28,FALSE) -> 17 | Q28: Rheostat assignment | R28: =IF(ISNUMBER('Input and Summary Results'!J36),'Input and Summary Results'!J36,'Input and Summary Results'!J37) -> 0.5
A29: WT | B29: ='Input and Summary Results'!$G33 -> 26 | C29: =IF(B29=0,FALSE,'Input and Summary Results'!$D$5) -> 1 | D29: =IF(B29=0,FALSE,'Input and Summary Results'!$E$5) -> 0 | E29: =IF(C29=FALSE,FALSE,LOG10(C29)) -> 0 | F29: =IF(D29=FALSE, FALSE,0.434*D29/C29) -> 0 | G29: =IF(B29=" ",FALSE,(IF('Input and Summary Results'!$J$4="yes",'Data Transformation'!E29,'Data Transformation'!C29))) -> 1 | H29: =IF(B29=" ",FALSE,(IF('Input and Summary Results'!$J$4="yes",'Data Transformation'!F29,'Data Transformation'!D29))) -> 0 | I29: =IF(G29=FALSE,"",B29) -> 26 | J29: =LOOKUP(2,1/(COUNTIF($J$4:J28,'Input and Summary Results'!$B$7:$B$8007)=0),'Input and Summary Results'!$B$7:$B$8007) -> 292 | K29: =IFERROR(J29," ") -> 292 | L29: =L28+1 -> 24 | M29: =SMALL($K$6:$K$426,L29) -> 24 | N29: =COUNTIF($I$4:$I$8425,M29) -> 13 | O29: =IF(N29>4,N29,FALSE) -> 13 | Q29: Neutral assignment | R29: =IF(ISNUMBER('Input and Summary Results'!J33),'Input and Summary Results'!J33,'Input and Summary Results'!J34) -> 0.7
A30: WT | B30: ='Input and Summary Results'!$G34 -> 27 | C30: =IF(B30=0,FALSE,'Input and Summary Results'!$D$5) -> 1 | D30: =IF(B30=0,FALSE,'Input and Summary Results'!$E$5) -> 0 | E30: =IF(C30=FALSE,FALSE,LOG10(C30)) -> 0 | F30: =IF(D30=FALSE, FALSE,0.434*D30/C30) -> 0 | G30: =IF(B30=" ",FALSE,(IF('Input and Summary Results'!$J$4="yes",'Data Transformation'!E30,'Data Transformation'!C30))) -> 1 | H30: =IF(B30=" ",FALSE,(IF('Input and Summary Results'!$J$4="yes",'Data Transformation'!F30,'Data Transformation'!D30))) -> 0 | I30: =IF(G30=FALSE,"",B30) -> 27 | J30: =LOOKUP(2,1/(COUNTIF($J$4:J29,'Input and Summary Results'!$B$7:$B$8007)=0),'Input and Summary Results'!$B$7:$B$8007) -> 291 | K30: =IFERROR(J30," ") -> 291 | L30: =L29+1 -> 25 | M30: =SMALL($K$6:$K$426,L30) -> 25 | N30: =COUNTIF($I$4:$I$8425,M30) -> 12 | O30: =IF(N30>4,N30,FALSE) -> 12 | Q30: Toggle assignment | R30: =IF(ISNUMBER('Input and Summary Results'!J39),'Input and Summary Results'!J39,'Input and Summary Results'!J40) -> 0.64
A31: WT | B31: ='Input and Summary Results'!$G35 -> 28 | C31: =IF(B31=0,FALSE,'Input and Summary Results'!$D$5) -> 1 | D31: =IF(B31=0,FALSE,'Input and Summary Results'!$E$5) -> 0 | E31: =IF(C31=FALSE,FALSE,LOG10(C31)) -> 0 | F31: =IF(D31=FALSE, FALSE,0.434*D31/C31) -> 0 | G31: =IF(B31=" ",FALSE,(IF('Input and Summary Results'!$J$4="yes",'Data Transformation'!E31,'Data Transformation'!C31))) -> 1 | H31: =IF(B31=" ",FALSE,(IF('Input and Summary Results'!$J$4="yes",'Data Transformation'!F31,'Data Transformation'!D31))) -> 0 | I31: =IF(G31=FALSE,"",B31) -> 28 | J31: =LOOKUP(2,1/(COUNTIF($J$4:J30,'Input and Summary Results'!$B$7:$B$8007)=0),'Input and Summary Results'!$B$7:$B$8007) -> 290 | K31: =IFERROR(J31," ") -> 290 | L31: =L30+1 -> 26 | M31: =SMALL($K$6:$K$426,L31) -> 26 | N31: =COUNTIF($I$4:$I$8425,M31) -> 12 | O31: =IF(N31>4,N31,FALSE) -> 12 | Q31: Enhancing assignment | R31: =IF(ISNUMBER('Input and Summary Results'!J30),'Input and Summary Results'!J30,'Input and Summary Results'!J31) -> 0.8
A32: WT | B32: ='Input and Summary Results'!$G36 -> 29 | C32: =IF(B32=0,FALSE,'Input and Summary Results'!$D$5) -> 1 | D32: =IF(B32=0,FALSE,'Input and Summary Results'!$E$5) -> 0 | E32: =IF(C32=FALSE,FALSE,LOG10(C32)) -> 0 | F32: =IF(D32=FALSE, FALSE,0.434*D32/C32) -> 0 | G32: =IF(B32=" ",FALSE,(IF('Input and Summary Results'!$J$4="yes",'Data Transformation'!E32,'Data Transformation'!C32))) -> 1 | H32: =IF(B32=" ",FALSE,(IF('Input and Summary Results'!$J$4="yes",'Data Transformation'!F32,'Data Transformation'!D32))) -> 0 | I32: =IF(G32=FALSE,"",B32) -> 29 | J32: =LOOKUP(2,1/(COUNTIF($J$4:J31,'Input and Summary Results'!$B$7:$B$8007)=0),'Input and Summary Results'!$B$7:$B$8007) -> 289 | K32: =IFERROR(J32," ") -> 289 | L32: =L31+1 -> 27 | M32: =SMALL($K$6:$K$426,L32) -> 27 | N32: =COUNTIF($I$4:$I$8425,M32) -> 11 | O32: =IF(N32>4,N32,FALSE) -> 11
A33: WT | B33: ='Input and Summary Results'!$G37 -> 30 | C33: =IF(B33=0,FALSE,'Input and Summary Results'!$D$5) -> 1 | D33: =IF(B33=0,FALSE,'Input and Summary Results'!$E$5) -> 0 | E33: =IF(C33=FALSE,FALSE,LOG10(C33)) -> 0 | F33: =IF(D33=FALSE, FALSE,0.434*D33/C33) -> 0 | G33: =IF(B33=" ",FALSE,(IF('Input and Summary Results'!$J$4="yes",'Data Transformation'!E33,'Data Transformation'!C33))) -> 1 | H33: =IF(B33=" ",FALSE,(IF('Input and Summary Results'!$J$4="yes",'Data Transformation'!F33,'Data Transformation'!D33))) -> 0 | I33: =IF(G33=FALSE,"",B33) -> 30 | J33: =LOOKUP(2,1/(COUNTIF($J$4:J32,'Input and Summary Results'!$B$7:$B$8007)=0),'Input and Summary Results'!$B$7:$B$8007) -> 288 | K33: =IFERROR(J33," ") -> 288 | L33: =L32+1 -> 28 | M33: =SMALL($K$6:$K$426,L33) -> 28 | N33: =COUNTIF($I$4:$I$8425,M33) -> 16 | O33: =IF(N33>4,N33,FALSE) -> 16
A34: WT | B34: ='Input and Summary Results'!$G38 -> 31 | C34: =IF(B34=0,FALSE,'Input and Summary Results'!$D$5) -> 1 | D34: =IF(B34=0,FALSE,'Input and Summary Results'!$E$5) -> 0 | E34: =IF(C34=FALSE,FALSE,LOG10(C34)) -> 0 | F34: =IF(D34=FALSE, FALSE,0.434*D34/C34) -> 0 | G34: =IF(B34=" ",FALSE,(IF('Input and Summary Results'!$J$4="yes",'Data Transformation'!E34,'Data Transformation'!C34))) -> 1 | H34: =IF(B34=" ",FALSE,(IF('Input and Summary Results'!$J$4="yes",'Data Transformation'!F34,'Data Transformation'!D34))) -> 0 | I34: =IF(G34=FALSE,"",B34) -> 31 | J34: =LOOKUP(2,1/(COUNTIF($J$4:J33,'Input and Summary Results'!$B$7:$B$8007)=0),'Input and Summary Results'!$B$7:$B$8007) -> 287 | K34: =IFERROR(J34," ") -> 287 | L34: =L33+1 -> 29 | M34: =SMALL($K$6:$K$426,L34) -> 29 | N34: =COUNTIF($I$4:$I$8425,M34) -> 13 | O34: =IF(N34>4,N34,FALSE) -> 13
A35: WT | B35: ='Input and Summary Results'!$G39 -> 32 | C35: =IF(B35=0,FALSE,'Input and Summary Results'!$D$5) -> 1 | D35: =IF(B35=0,FALSE,'Input and Summary Results'!$E$5) -> 0 | E35: =IF(C35=FALSE,FALSE,LOG10(C35)) -> 0 | F35: =IF(D35=FALSE, FALSE,0.434*D35/C35) -> 0 | G35: =IF(B35=" ",FALSE,(IF('Input and Summary Results'!$J$4="yes",'Data Transformation'!E35,'Data Transformation'!C35))) -> 1 | H35: =IF(B35=" ",FALSE,(IF('Input and Summary Results'!$J$4="yes",'Data Transformation'!F35,'Data Transformation'!D35))) -> 0 | I35: =IF(G35=FALSE,"",B35) -> 32 | J35: =LOOKUP(2,1/(COUNTIF($J$4:J34,'Input and Summary Results'!$B$7:$B$8007)=0),'Input and Summary Results'!$B$7:$B$8007) -> 286 | K35: =IFERROR(J35," ") -> 286 | L35: =L34+1 -> 30 | M35: =SMALL($K$6:$K$426,L35) -> 30 | N35: =COUNTIF($I$4:$I$8425,M35) -> 18 | O35: =IF(N35>4,N35,FALSE) -> 18
A36: WT | B36: ='Input and Summary Results'!$G40 -> 33 | C36: =IF(B36=0,FALSE,'Input and Summary Results'!$D$5) -> 1 | D36: =IF(B36=0,FALSE,'Input and Summary Results'!$E$5) -> 0 | E36: =IF(C36=FALSE,FALSE,LOG10(C36)) -> 0 | F36: =IF(D36=FALSE, FALSE,0.434*D36/C36) -> 0 | G36: =IF(B36=" ",FALSE,(IF('Input and Summary Results'!$J$4="yes",'Data Transformation'!E36,'Data Transformation'!C36))) -> 1 | H36: =IF(B36=" ",FALSE,(IF('Input and Summary Results'!$J$4="yes",'Data Transformation'!F36,'Data Transformation'!D36))) -> 0 | I36: =IF(G36=FALSE,"",B36) -> 33 | J36: =LOOKUP(2,1/(COUNTIF($J$4:J35,'Input and Summary Results'!$B$7:$B$8007)=0),'Input and Summary Results'!$B$7:$B$8007) -> 285 | K36: =IFERROR(J36," ") -> 285 | L36: =L35+1 -> 31 | M36: =SMALL($K$6:$K$426,L36) -> 31 | N36: =COUNTIF($I$4:$I$8425,M36) -> 13 | O36: =IF(N36>4,N36,FALSE) -> 13
A37: WT | B37: ='Input and Summary Results'!$G41 -> 34 | C37: =IF(B37=0,FALSE,'Input and Summary Results'!$D$5) -> 1 | D37: =IF(B37=0,FALSE,'Input and Summary Results'!$E$5) -> 0 | E37: =IF(C37=FALSE,FALSE,LOG10(C37)) -> 0 | F37: =IF(D37=FALSE, FALSE,0.434*D37/C37) -> 0 | G37: =IF(B37=" ",FALSE,(IF('Input and Summary Results'!$J$4="yes",'Data Transformation'!E37,'Data Transformation'!C37))) -> 1 | H37: =IF(B37=" ",FALSE,(IF('Input and Summary Results'!$J$4="yes",'Data Transformation'!F37,'Data Transformation'!D37))) -> 0 | I37: =IF(G37=FALSE,"",B37) -> 34 | J37: =LOOKUP(2,1/(COUNTIF($J$4:J36,'Input and Summary Results'!$B$7:$B$8007)=0),'Input and Summary Results'!$B$7:$B$8007) -> 284 | K37: =IFERROR(J37," ") -> 284 | L37: =L36+1 -> 32 | M37: =SMALL($K$6:$K$426,L37) -> 32 | N37: =COUNTIF($I$4:$I$8425,M37) -> 18 | O37: =IF(N37>4,N37,FALSE) -> 18
A38: WT | B38: ='Input and Summary Results'!$G42 -> 35 | C38: =IF(B38=0,FALSE,'Input and Summary Results'!$D$5) -> 1 | D38: =IF(B38=0,FALSE,'Input and Summary Results'!$E$5) -> 0 | E38: =IF(C38=FALSE,FALSE,LOG10(C38)) -> 0 | F38: =IF(D38=FALSE, FALSE,0.434*D38/C38) -> 0 | G38: =IF(B38=" ",FALSE,(IF('Input and Summary Results'!$J$4="yes",'Data Transformation'!E38,'Data Transformation'!C38))) -> 1 | H38: =IF(B38=" ",FALSE,(IF('Input and Summary Results'!$J$4="yes",'Data Transformation'!F38,'Data Transformation'!D38))) -> 0 | I38: =IF(G38=FALSE,"",B38) -> 35 | J38: =LOOKUP(2,1/(COUNTIF($J$4:J37,'Input and Summary Results'!$B$7:$B$8007)=0),'Input and Summary Results'!$B$7:$B$8007) -> 283 | K38: =IFERROR(J38," ") -> 283 | L38: =L37+1 -> 33 | M38: =SMALL($K$6:$K$426,L38) -> 33 | N38: =COUNTIF($I$4:$I$8425,M38) -> 9 | O38: =IF(N38>4,N38,FALSE) -> 9
A39: WT | B39: ='Input and Summary Results'!$G43 -> 36 | C39: =IF(B39=0,FALSE,'Input and Summary Results'!$D$5) -> 1 | D39: =IF(B39=0,FALSE,'Input and Summary Results'!$E$5) -> 0 | E39: =IF(C39=FALSE,FALSE,LOG10(C39)) -> 0 | F39: =IF(D39=FALSE, FALSE,0.434*D39/C39) -> 0 | G39: =IF(B39=" ",FALSE,(IF('Input and Summary Results'!$J$4="yes",'Data Transformation'!E39,'Data Transformation'!C39))) -> 1 | H39: =IF(B39=" ",FALSE,(IF('Input and Summary Results'!$J$4="yes",'Data Transformation'!F39,'Data Transformation'!D39))) -> 0 | I39: =IF(G39=FALSE,"",B39) -> 36 | J39: =LOOKUP(2,1/(COUNTIF($J$4:J38,'Input and Summary Results'!$B$7:$B$8007)=0),'Input and Summary Results'!$B$7:$B$8007) -> 282 | K39: =IFERROR(J39," ") -> 282 | L39: =L38+1 -> 34 | M39: =SMALL($K$6:$K$426,L39) -> 34 | N39: =COUNTIF($I$4:$I$8425,M39) -> 3 | O39: =IF(N39>4,N39,FALSE) -> FALSE
A40: WT | B40: ='Input and Summary Results'!$G44 -> 37 | C40: =IF(B40=0,FALSE,'Input and Summary Results'!$D$5) -> 1 | D40: =IF(B40=0,FALSE,'Input and Summary Results'!$E$5) -> 0 | E40: =IF(C40=FALSE,FALSE,LOG10(C40)) -> 0 | F40: =IF(D40=FALSE, FALSE,0.434*D40/C40) -> 0 | G40: =IF(B40=" ",FALSE,(IF('Input and Summary Results'!$J$4="yes",'Data Transformation'!E40,'Data Transformation'!C40))) -> 1 | H40: =IF(B40=" ",FALSE,(IF('Input and Summary Results'!$J$4="yes",'Data Transformation'!F40,'Data Transformation'!D40))) -> 0 | I40: =IF(G40=FALSE,"",B40) -> 37 | J40: =LOOKUP(2,1/(COUNTIF($J$4:J39,'Input and Summary Results'!$B$7:$B$8007)=0),'Input and Summary Results'!$B$7:$B$8007) -> 281 | K40: =IFERROR(J40," ") -> 281 | L40: =L39+1 -> 35 | M40: =SMALL($K$6:$K$426,L40) -> 35 | N40: =COUNTIF($I$4:$I$8425,M40) -> 18 | O40: =IF(N40>4,N40,FALSE) -> 18
A41: WT | B41: ='Input and Summary Results'!$G45 -> 38 | C41: =IF(B41=0,FALSE,'Input and Summary Results'!$D$5) -> 1 | D41: =IF(B41=0,FALSE,'Input and Summary Results'!$E$5) -> 0 | E41: =IF(C41=FALSE,FALSE,LOG10(C41)) -> 0 | F41: =IF(D41=FALSE, FALSE,0.434*D41/C41) -> 0 | G41: =IF(B41=" ",FALSE,(IF('Input and Summary Results'!$J$4="yes",'Data Transformation'!E41,'Data Transformation'!C41))) -> 1 | H41: =IF(B41=" ",FALSE,(IF('Input and Summary Results'!$J$4="yes",'Data Transformation'!F41,'Data Transformation'!D41))) -> 0 | I41: =IF(G41=FALSE,"",B41) -> 38 | J41: =LOOKUP(2,1/(COUNTIF($J$4:J40,'Input and Summary Results'!$B$7:$B$8007)=0),'Input and Summary Results'!$B$7:$B$8007) -> 280 | K41: =IFERROR(J41," ") -> 280 | L41: =L40+1 -> 36 | M41: =SMALL($K$6:$K$426,L41) -> 36 | N41: =COUNTIF($I$4:$I$8425,M41) -> 20 | O41: =IF(N41>4,N41,FALSE) -> 20
A42: WT | B42: ='Input and Summary Results'!$G46 -> 39 | C42: =IF(B42=0,FALSE,'Input and Summary Results'!$D$5) -> 1 | D42: =IF(B42=0,FALSE,'Input and Summary Results'!$E$5) -> 0 | E42: =IF(C42=FALSE,FALSE,LOG10(C42)) -> 0 | F42: =IF(D42=FALSE, FALSE,0.434*D42/C42) -> 0 | G42: =IF(B42=" ",FALSE,(IF('Input and Summary Results'!$J$4="yes",'Data Transformation'!E42,'Data Transformation'!C42))) -> 1 | H42: =IF(B42=" ",FALSE,(IF('Input and Summary Results'!$J$4="yes",'Data Transformation'!F42,'Data Transformation'!D42))) -> 0 | I42: =IF(G42=FALSE,"",B42) -> 39 | J42: =LOOKUP(2,1/(COUNTIF($J$4:J41,'Input and Summary Results'!$B$7:$B$8007)=0),'Input and Summary Results'!$B$7:$B$8007) -> 279 | K42: =IFERROR(J42," ") -> 279 | L42: =L41+1 -> 37 | M42: =SMALL($K$6:$K$426,L42) -> 37 | N42: =COUNTIF($I$4:$I$8425,M42) -> 20 | O42: =IF(N42>4,N42,FALSE) -> 20
A43: WT | B43: ='Input and Summary Results'!$G47 -> 40 | C43: =IF(B43=0,FALSE,'Input and Summary Results'!$D$5) -> 1 | D43: =IF(B43=0,FALSE,'Input and Summary Results'!$E$5) -> 0 | E43: =IF(C43=FALSE,FALSE,LOG10(C43)) -> 0 | F43: =IF(D43=FALSE, FALSE,0.434*D43/C43) -> 0 | G43: =IF(B43=" ",FALSE,(IF('Input and Summary Results'!$J$4="yes",'Data Transformation'!E43,'Data Transformation'!C43))) -> 1 | H43: =IF(B43=" ",FALSE,(IF('Input and Summary Results'!$J$4="yes",'Data Transformation'!F43,'Data Transformation'!D43))) -> 0 | I43: =IF(G43=FALSE,"",B43) -> 40 | J43: =LOOKUP(2,1/(COUNTIF($J$4:J42,'Input and Summary Results'!$B$7:$B$8007)=0),'Input and Summary Results'!$B$7:$B$8007) -> 278 | K43: =IFERROR(J43," ") -> 278 | L43: =L42+1 -> 38 | M43: =SMALL($K$6:$K$426,L43) -> 38 | N43: =COUNTIF($I$4:$I$8425,M43) -> 20 | O43: =IF(N43>4,N43,FALSE) -> 20
... A352: WT | B352: ='Input and Summary Results'!$G356 | C352: =IF(B352=0,FALSE,'Input and Summary Results'!$D$5) -> 1 | D352: =IF(B352=0,FALSE,'Input and Summary Results'!$E$5) -> 0 | E352: =IF(C352=FALSE,FALSE,LOG10(C352)) -> 0 | F352: =IF(D352=FALSE, FALSE,0.434*D352/C352) -> 0 | G352: =IF(B352=" ",FALSE,(IF('Input and Summary Results'!$J$4="yes",'Data Transformation'!E352,'Data Transformation'!C352))) -> FALSE | H352: =IF(B352=" ",FALSE,(IF('Input and Summary Results'!$J$4="yes",'Data Transformation'!F352,'Data Transformation'!D352))) -> FALSE | I352: =IF(G352=FALSE,"",B352) | J352: =LOOKUP(2,1/(COUNTIF($J$4:J351,'Input and Summary Results'!$B$7:$B$8007)=0),'Input and Summary Results'!$B$7:$B$8007) -> #N/A | K352: =IFERROR(J352," ") | L352: =L351+1 -> 347 | M352: =SMALL($K$6:$K$426,L352) -> #NUM! | N352: =COUNTIF($I$4:$I$8425,M352) -> 0 | O352: =IF(N352>4,N352,FALSE) -> FALSE
I353: =IF(G353=FALSE,"",B353) | J353: =LOOKUP(2,1/(COUNTIF($J$4:J352,'Input and Summary Results'!$B$7:$B$8007)=0),'Input and Summary Results'!$B$7:$B$8007) -> #N/A | K353: =IFERROR(J353," ") | L353: =L352+1 -> 348 | M353: =SMALL($K$6:$K$426,L353) -> #NUM! | N353: =COUNTIF($I$4:$I$8425,M353) -> 0 | O353: =IF(N353>4,N353,FALSE) -> FALSE
I354: =IF(G354=FALSE,"",B354) | J354: =LOOKUP(2,1/(COUNTIF($J$4:J353,'Input and Summary Results'!$B$7:$B$8007)=0),'Input and Summary Results'!$B$7:$B$8007) -> #N/A | K354: =IFERROR(J354," ") | L354: =L353+1 -> 349 | M354: =SMALL($K$6:$K$426,L354) -> #NUM! | N354: =COUNTIF($I$4:$I$8425,M354) -> 0 | O354: =IF(N354>4,N354,FALSE) -> FALSE
I355: =IF(G355=FALSE,"",B355) | J355: =LOOKUP(2,1/(COUNTIF($J$4:J354,'Input and Summary Results'!$B$7:$B$8007)=0),'Input and Summary Results'!$B$7:$B$8007) -> #N/A | K355: =IFERROR(J355," ") | L355: =L354+1 -> 350 | M355: =SMALL($K$6:$K$426,L355) -> #NUM! | N355: =COUNTIF($I$4:$I$8425,M355) -> 0 | O355: =IF(N355>4,N355,FALSE) -> FALSE
I356: =IF(G356=FALSE,"",B356)
I357: =IF(G357=FALSE,"",B357)
I358: =IF(G358=FALSE,"",B358)
I359: =IF(G359=FALSE,"",B359)
I360: =IF(G360=FALSE,"",B360)
I361: =IF(G361=FALSE,"",B361)
I362: =IF(G362=FALSE,"",B362)
I363: =IF(G363=FALSE,"",B363)
I364: =IF(G364=FALSE,"",B364)
I365: =IF(G365=FALSE,"",B365)
I366: =IF(G366=FALSE,"",B366)
I367: =IF(G367=FALSE,"",B367)
... I424: =IF(G424=FALSE,"",B424)
B425: =IF('Input and Summary Results'!D7=0,FALSE,'Input and Summary Results'!$B7) -> 1 | C425: =IF(OR(B425=0,'Input and Summary Results'!D7=0,'Input and Summary Results'!D7=""),FALSE,'Input and Summary Results'!$D7) -> 0.63034 | D425: =IF(OR(B425=0,'Input and Summary Results'!E7=0),FALSE,'Input and Summary Results'!$E7) -> 0.08376377 | E425: =IF(C425=FALSE,FALSE,LOG10(C425)) -> -0.20042513 | F425: =IF(D425=FALSE, FALSE,0.434*D425/C425) -> 0.057672805 | G425: =IF('Input and Summary Results'!$J$4="yes",IF(C425=FALSE,FALSE,IF('Data Transformation'!E425<$R$10,E425,$R$10)),IF(C425=FALSE,FALSE,IF(C425<$R$10,C425,$R$10))) -> 0.63034 | H425: =IF('Input and Summary Results'!$J$4="yes",'Data Transformation'!F425,'Data Transformation'!D425) -> 0.08376377 | I425: =IF(G425=FALSE,"",B425) -> 1
B426: =IF('Input and Summary Results'!D8=0,FALSE,'Input and Summary Results'!$B8) -> 1 | C426: =IF(OR(B426=0,'Input and Summary Results'!D8=0,'Input and Summary Results'!D8=""),FALSE,'Input and Summary Results'!$D8) -> 0.68393146 | D426: =IF(OR(B426=0,'Input and Summary Results'!E8=0),FALSE,'Input and Summary Results'!$E8) -> 0.04148169 | E426: =IF(C426=FALSE,FALSE,LOG10(C426)) -> -0.16498742 | F426: =IF(D426=FALSE, FALSE,0.434*D426/C426) -> 0.026322891 | G426: =IF('Input and Summary Results'!$J$4="yes",IF(C426=FALSE,FALSE,IF('Data Transformation'!E426<$R$10,E426,$R$10)),IF(C426=FALSE,FALSE,IF(C426<$R$10,C426,$R$10))) -> 0.68393146 | H426: =IF('Input and Summary Results'!$J$4="yes",'Data Transformation'!F426,'Data Transformation'!D426) -> 0.04148169 | I426: =IF(G426=FALSE,"",B426) -> 1
B427: =IF('Input and Summary Results'!D9=0,FALSE,'Input and Summary Results'!$B9) -> 1 | C427: =IF(OR(B427=0,'Input and Summary Results'!D9=0,'Input and Summary Results'!D9=""),FALSE,'Input and Summary Results'!$D9) -> 0.68619103 | D427: =IF(OR(B427=0,'Input and Summary Results'!E9=0),FALSE,'Input and Summary Results'!$E9) -> 0.04493149 | E427: =IF(C427=FALSE,FALSE,LOG10(C427)) -> -0.16355496 | F427: =IF(D427=FALSE, FALSE,0.434*D427/C427) -> 0.028418131 | G427: =IF('Input and Summary Results'!$J$4="yes",IF(C427=FALSE,FALSE,IF('Data Transformation'!E427<$R$10,E427,$R$10)),IF(C427=FALSE,FALSE,IF(C427<$R$10,C427,$R$10))) -> 0.68619103 | H427: =IF('Input and Summary Results'!$J$4="yes",'Data Transformation'!F427,'Data Transformation'!D427) -> 0.04493149 | I427: =IF(G427=FALSE,"",B427) -> 1
B428: =IF('Input and Summary Results'!D10=0,FALSE,'Input and Summary Results'!$B10) -> 1 | C428: =IF(OR(B428=0,'Input and Summary Results'!D10=0,'Input and Summary Results'!D10=""),FALSE,'Input and Summary Results'!$D10) -> 0.69724918 | D428: =IF(OR(B428=0,'Input and Summary Results'!E10=0),FALSE,'Input and Summary Results'!$E10) -> 0.02762239 | E428: =IF(C428=FALSE,FALSE,LOG10(C428)) -> -0.15661199 | F428: =IF(D428=FALSE, FALSE,0.434*D428/C428) -> 0.017193448 | G428: =IF('Input and Summary Results'!$J$4="yes",IF(C428=FALSE,FALSE,IF('Data Transformation'!E428<$R$10,E428,$R$10)),IF(C428=FALSE,FALSE,IF(C428<$R$10,C428,$R$10))) -> 0.69724918 | H428: =IF('Input and Summary Results'!$J$4="yes",'Data Transformation'!F428,'Data Transformation'!D428) -> 0.02762239 | I428: =IF(G428=FALSE,"",B428) -> 1
B429: =IF('Input and Summary Results'!D11=0,FALSE,'Input and Summary Results'!$B11) -> 1 | C429: =IF(OR(B429=0,'Input and Summary Results'!D11=0,'Input and Summary Results'!D11=""),FALSE,'Input and Summary Results'!$D11) -> 0.74720693 | D429: =IF(OR(B429=0,'Input and Summary Results'!E11=0),FALSE,'Input and Summary Results'!$E11) -> 0.04182689 | E429: =IF(C429=FALSE,FALSE,LOG10(C429)) -> -0.12655911 | F429: =IF(D429=FALSE, FALSE,0.434*D429/C429) -> 0.024294301 | G429: =IF('Input and Summary Results'!$J$4="yes",IF(C429=FALSE,FALSE,IF('Data Transformation'!E429<$R$10,E429,$R$10)),IF(C429=FALSE,FALSE,IF(C429<$R$10,C429,$R$10))) -> 0.74720693 | H429: =IF('Input and Summary Results'!$J$4="yes",'Data Transformation'!F429,'Data Transformation'!D429) -> 0.04182689 | I429: =IF(G429=FALSE,"",B429) -> 1
B430: =IF('Input and Summary Results'!D12=0,FALSE,'Input and Summary Results'!$B12) -> 1 | C430: =IF(OR(B430=0,'Input and Summary Results'!D12=0,'Input and Summary Results'!D12=""),FALSE,'Input and Summary Results'!$D12) -> 0.77691926 | D430: =IF(OR(B430=0,'Input and Summary Results'!E12=0),FALSE,'Input and Summary Results'!$E12) -> 0.05232975 | E430: =IF(C430=FALSE,FALSE,LOG10(C430)) -> -0.10962411 | F430: =IF(D430=FALSE, FALSE,0.434*D430/C430) -> 0.029232267 | G430: =IF('Input and Summary Results'!$J$4="yes",IF(C430=FALSE,FALSE,IF('Data Transformation'!E430<$R$10,E430,$R$10)),IF(C430=FALSE,FALSE,IF(C430<$R$10,C430,$R$10))) -> 0.77691926 | H430: =IF('Input and Summary Results'!$J$4="yes",'Data Transformation'!F430,'Data Transformation'!D430) -> 0.05232975 | I430: =IF(G430=FALSE,"",B430) -> 1
B431: =IF('Input and Summary Results'!D13=0,FALSE,'Input and Summary Results'!$B13) -> 1 | C431: =IF(OR(B431=0,'Input and Summary Results'!D13=0,'Input and Summary Results'!D13=""),FALSE,'Input and Summary Results'!$D13) -> 0.78511797 | D431: =IF(OR(B431=0,'Input and Summary Results'!E13=0),FALSE,'Input and Summary Results'!$E13) -> 0.04382868 | E431: =IF(C431=FALSE,FALSE,LOG10(C431)) -> -0.10506508 | F431: =IF(D431=FALSE, FALSE,0.434*D431/C431) -> 0.024227757 | G431: =IF('Input and Summary Results'!$J$4="yes",IF(C431=FALSE,FALSE,IF('Data Transformation'!E431<$R$10,E431,$R$10)),IF(C431=FALSE,FALSE,IF(C431<$R$10,C431,$R$10))) -> 0.78511797 | H431: =IF('Input and Summary Results'!$J$4="yes",'Data Transformation'!F431,'Data Transformation'!D431) -> 0.04382868 | I431: =IF(G431=FALSE,"",B431) -> 1
B432: =IF('Input and Summary Results'!D14=0,FALSE,'Input and Summary Results'!$B14) -> 1 | C432: =IF(OR(B432=0,'Input and Summary Results'!D14=0,'Input and Summary Results'!D14=""),FALSE,'Input and Summary Results'!$D14) -> 0.79486416 | D432: =IF(OR(B432=0,'Input and Summary Results'!E14=0),FALSE,'Input and Summary Results'!$E14) -> 0.05948314 | E432: =IF(C432=FALSE,FALSE,LOG10(C432)) -> -0.099707085 | F432: =IF(D432=FALSE, FALSE,0.434*D432/C432) -> 0.032478106 | G432: =IF('Input and Summary Results'!$J$4="yes",IF(C432=FALSE,FALSE,IF('Data Transformation'!E432<$R$10,E432,$R$10)),IF(C432=FALSE,FALSE,IF(C432<$R$10,C432,$R$10))) -> 0.79486416 | H432: =IF('Input and Summary Results'!$J$4="yes",'Data Transformation'!F432,'Data Transformation'!D432) -> 0.05948314 | I432: =IF(G432=FALSE,"",B432) -> 1
B433: =IF('Input and Summary Results'!D15=0,FALSE,'Input and Summary Results'!$B15) -> 1 | C433: =IF(OR(B433=0,'Input and Summary Results'!D15=0,'Input and Summary Results'!D15=""),FALSE,'Input and Summary Results'!$D15) -> 0.81903011 | D433: =IF(OR(B433=0,'Input and Summary Results'!E15=0),FALSE,'Input and Summary Results'!$E15) -> 0.02535047 | E433: =IF(C433=FALSE,FALSE,LOG10(C433)) -> -0.086700132 | F433: =IF(D433=FALSE, FALSE,0.434*D433/C433) -> 0.013433089 | G433: =IF('Input and Summary Results'!$J$4="yes",IF(C433=FALSE,FALSE,IF('Data Transformation'!E433<$R$10,E433,$R$10)),IF(C433=FALSE,FALSE,IF(C433<$R$10,C433,$R$10))) -> 0.81903011 | H433: =IF('Input and Summary Results'!$J$4="yes",'Data Transformation'!F433,'Data Transformation'!D433) -> 0.02535047 | I433: =IF(G433=FALSE,"",B433) -> 1
B434: =IF('Input and Summary Results'!D16=0,FALSE,'Input and Summary Results'!$B16) -> 1 | C434: =IF(OR(B434=0,'Input and Summary Results'!D16=0,'Input and Summary Results'!D16=""),FALSE,'Input and Summary Results'!$D16) -> 0.85267206 | D434: =IF(OR(B434=0,'Input and Summary Results'!E16=0),FALSE,'Input and Summary Results'!$E16) -> 0.03321703 | E434: =IF(C434=FALSE,FALSE,LOG10(C434)) -> -0.069217968 | F434: =IF(D434=FALSE, FALSE,0.434*D434/C434) -> 0.016907076 | G434: =IF('Input and Summary Results'!$J$4="yes",IF(C434=FALSE,FALSE,IF('Data Transformation'!E434<$R$10,E434,$R$10)),IF(C434=FALSE,FALSE,IF(C434<$R$10,C434,$R$10))) -> 0.85267206 | H434: =IF('Input and Summary Results'!$J$4="yes",'Data Transformation'!F434,'Data Transformation'!D434) -> 0.03321703 | I434: =IF(G434=FALSE,"",B434) -> 1
B435: =IF('Input and Summary Results'!D17=0,FALSE,'Input and Summary Results'!$B17) -> 1 | C435: =IF(OR(B435=0,'Input and Summary Results'!D17=0,'Input and Summary Results'!D17=""),FALSE,'Input and Summary Results'!$D17) -> 0.8750614 | D435: =IF(OR(B435=0,'Input and Summary Results'!E17=0),FALSE,'Input and Summary Results'!$E17) -> 0.05374248 | E435: =IF(C435=FALSE,FALSE,LOG10(C435)) -> -0.057961473 | F435: =IF(D435=FALSE, FALSE,0.434*D435/C435) -> 0.0266544 | G435: =IF('Input and Summary Results'!$J$4="yes",IF(C435=FALSE,FALSE,IF('Data Transformation'!E435<$R$10,E435,$R$10)),IF(C435=FALSE,FALSE,IF(C435<$R$10,C435,$R$10))) -> 0.8750614 | H435: =IF('Input and Summary Results'!$J$4="yes",'Data Transformation'!F435,'Data Transformation'!D435) -> 0.05374248 | I435: =IF(G435=FALSE,"",B435) -> 1
B436: =IF('Input and Summary Results'!D18=0,FALSE,'Input and Summary Results'!$B18) -> 1 | C436: =IF(OR(B436=0,'Input and Summary Results'!D18=0,'Input and Summary Results'!D18=""),FALSE,'Input and Summary Results'!$D18) -> 0.87705694 | D436: =IF(OR(B436=0,'Input and Summary Results'!E18=0),FALSE,'Input and Summary Results'!$E18) -> 0.03020404 | E436: =IF(C436=FALSE,FALSE,LOG10(C436)) -> -0.056972211 | F436: =IF(D436=FALSE, FALSE,0.434*D436/C436) -> 0.014946069 | G436: =IF('Input and Summary Results'!$J$4="yes",IF(C436=FALSE,FALSE,IF('Data Transformation'!E436<$R$10,E436,$R$10)),IF(C436=FALSE,FALSE,IF(C436<$R$10,C436,$R$10))) -> 0.87705694 | H436: =IF('Input and Summary Results'!$J$4="yes",'Data Transformation'!F436,'Data Transformation'!D436) -> 0.03020404 | I436: =IF(G436=FALSE,"",B436) -> 1
... B6424: =IF('Input and Summary Results'!D6006=0,FALSE,'Input and Summary Results'!$B6006) -> FALSE | C6424: =IF(OR(B6424=0,'Input and Summary Results'!D6006=0,'Input and Summary Results'!D6006=""),FALSE,'Input and Summary Results'!$D6006) -> FALSE | D6424: =IF(OR(B6424=0,'Input and Summary Results'!E6006=0),FALSE,'Input and Summary Results'!$E6006) -> FALSE | E6424: =IF(C6424=FALSE,FALSE,LOG10(C6424)) -> FALSE | F6424: =IF(D6424=FALSE, FALSE,0.434*D6424/C6424) -> FALSE | G6424: =IF('Input and Summary Results'!$J$4="yes",IF(C6424=FALSE,FALSE,IF('Data Transformation'!E6424<$R$10,E6424,$R$10)),IF(C6424=FALSE,FALSE,IF(C6424<$R$10,C6424,$R$10))) -> FALSE | H6424: =IF('Input and Summary Results'!$J$4="yes",'Data Transformation'!F6424,'Data Transformation'!D6424) -> FALSE | I6424: =IF(G6424=FALSE,"",B6424)

Sheet Weighting
A1: Is the dead protein value larger than wild type? | B1: =IF('Input and Summary Results'!J17>'Input and Summary Results'!D5,"yes","no") -> no
A2: Dead protein values are large
B3: Bins | C3: Bins with max adjusted | D3: Enhancing | E3: WT bin | G3: Dead bin | I3: Bin weight determination | M3: Determining Bin range | P3: Bin Weights
A4: # of bins | B4: ='Data Transformation'!$R$24 -> 10 | D4: freq | E4: freq | F4: binned | G4: freq | H4: binned | I4: up weights | J4: up wt | K4: down dead | L4: all bin weights | M4: freq | N4: binned | O4: extra bins | U4: Bin weighting override | W4: Bin weights for Analysis
A5: minimum | B5: ='Data Transformation'!$R$9 -> 0.19 | C5: =IF(AND('Data Transformation'!$R$10>=Weighting!B5,'Data Transformation'!$R$10<Weighting!B6),B5+0.000001,B5) -> 0.19 | R5: Total number of bins | S5: =IF(B1="yes",COUNTIF(P6:P25,">0"),COUNTIF(P32:P51,">0")) -> 10
B6: =B5+'Data Transformation'!$R$25 -> 0.321 | C6: =IF(AND('Data Transformation'!$R$10>=Weighting!B6,'Data Transformation'!$R$10<Weighting!B7),B6+0.000001,B6) -> 0.321 | D6: =IF(FREQUENCY('Data Transformation'!$U$12,$C6),0,1) -> 1 | E6: =IF(FREQUENCY('Data Transformation'!$R$5,$C6),1,0) -> 0 | F6: =E6-E5 -> 0 | G6: =IF(FREQUENCY('Data Transformation'!$R$6,$C6),1,0) -> 1 | H6: =G6-G5 -> 1 | I6: =IF(E6=1,I5+1,F6) -> 0 | J6: =IF(I6=0,J7+1,I6) -> 7 | K6: =IF(G6=1,1,K7+1) -> 1 | L6: =IF(MIN(J6,K6)>3,3,MIN(J6,K6)) -> 1 | M6: =IF(FREQUENCY('Data Transformation'!$R$10,$C6),1,0) -> 0 | N6: =M6-M5 -> 0 | O6: =O5+1*N5 -> 0 | P6: =IF(O6=0,L6,0) -> 1 | R6: Total weighted bin values | S6: =IF(B1="yes",SUM(P6:P25),SUM(P32:P51)) -> 23 | W6: =IF(U6="",IF($B$1="yes",P6,P32),U6) -> 1
B7: =B6+'Data Transformation'!$R$25 -> 0.452 | C7: =IF(AND('Data Transformation'!$R$10>=Weighting!B7,'Data Transformation'!$R$10<Weighting!B8),B7+0.000001,B7) -> 0.452 | D7: =IF(FREQUENCY('Data Transformation'!$U$12,$C7),0,1) -> 1 | E7: =IF(FREQUENCY('Data Transformation'!$R$5,$C7),1,0) -> 0 | F7: =E7-E6 -> 0 | G7: =IF(FREQUENCY('Data Transformation'!$R$6,$C7),1,0) -> 1 | H7: =G7-G6 -> 0 | I7: =IF(E7=1,I6+1,F7) -> 0 | J7: =IF(I7=0,J8+1,I7) -> 6 | K7: =IF(G7=1,1,K8+1) -> 1 | L7: =IF(MIN(J7,K7)>3,3,MIN(J7,K7)) -> 1 | M7: =IF(FREQUENCY('Data Transformation'!$R$10,$C7),1,0) -> 0 | N7: =M7-M6 -> 0 | O7: =O6+1*N6 -> 0 | P7: =IF(O7=0,L7,0) -> 1 | W7: =IF(U7="",IF($B$1="yes",P7,P33),U7) -> 2
B8: =B7+'Data Transformation'!$R$25 -> 0.583 | C8: =IF(AND('Data Transformation'!$R$10>=Weighting!B8,'Data Transformation'!$R$10<Weighting!B9),B8+0.000001,B8) -> 0.583 | D8: =IF(FREQUENCY('Data Transformation'!$U$12,$C8),0,1) -> 1 | E8: =IF(FREQUENCY('Data Transformation'!$R$5,$C8),1,0) -> 0 | F8: =E8-E7 -> 0 | G8: =IF(FREQUENCY('Data Transformation'!$R$6,$C8),1,0) -> 1 | H8: =G8-G7 -> 0 | I8: =IF(E8=1,I7+1,F8) -> 0 | J8: =IF(I8=0,J9+1,I8) -> 5 | K8: =IF(G8=1,1,K9+1) -> 1 | L8: =IF(MIN(J8,K8)>3,3,MIN(J8,K8)) -> 1 | M8: =IF(FREQUENCY('Data Transformation'!$R$10,$C8),1,0) -> 0 | N8: =M8-M7 -> 0 | O8: =O7+1*N7 -> 0 | P8: =IF(O8=0,L8,0) -> 1 | W8: =IF(U8="",IF($B$1="yes",P8,P34),U8) -> 3
B9: =B8+'Data Transformation'!$R$25 -> 0.714 | C9: =IF(AND('Data Transformation'!$R$10>=Weighting!B9,'Data Transformation'!$R$10<Weighting!B10),B9+0.000001,B9) -> 0.714 | D9: =IF(FREQUENCY('Data Transformation'!$U$12,$C9),0,1) -> 1 | E9: =IF(FREQUENCY('Data Transformation'!$R$5,$C9),1,0) -> 0 | F9: =E9-E8 -> 0 | G9: =IF(FREQUENCY('Data Transformation'!$R$6,$C9),1,0) -> 1 | H9: =G9-G8 -> 0 | I9: =IF(E9=1,I8+1,F9) -> 0 | J9: =IF(I9=0,J10+1,I9) -> 4 | K9: =IF(G9=1,1,K10+1) -> 1 | L9: =IF(MIN(J9,K9)>3,3,MIN(J9,K9)) -> 1 | M9: =IF(FREQUENCY('Data Transformation'!$R$10,$C9),1,0) -> 0 | N9: =M9-M8 -> 0 | O9: =O8+1*N8 -> 0 | P9: =IF(O9=0,L9,0) -> 1 | W9: =IF(U9="",IF($B$1="yes",P9,P35),U9) -> 3
B10: =B9+'Data Transformation'!$R$25 -> 0.845 | C10: =IF(AND('Data Transformation'!$R$10>=Weighting!B10,'Data Transformation'!$R$10<Weighting!B11),B10+0.000001,B10) -> 0.845 | D10: =IF(FREQUENCY('Data Transformation'!$U$12,$C10),0,1) -> 1 | E10: =IF(FREQUENCY('Data Transformation'!$R$5,$C10),1,0) -> 0 | F10: =E10-E9 -> 0 | G10: =IF(FREQUENCY('Data Transformation'!$R$6,$C10),1,0) -> 1 | H10: =G10-G9 -> 0 | I10: =IF(E10=1,I9+1,F10) -> 0 | J10: =IF(I10=0,J11+1,I10) -> 3 | K10: =IF(G10=1,1,K11+1) -> 1 | L10: =IF(MIN(J10,K10)>3,3,MIN(J10,K10)) -> 1 | M10: =IF(FREQUENCY('Data Transformation'!$R$10,$C10),1,0) -> 0 | N10: =M10-M9 -> 0 | O10: =O9+1*N9 -> 0 | P10: =IF(O10=0,L10,0) -> 1 | W10: =IF(U10="",IF($B$1="yes",P10,P36),U10) -> 3
B11: =B10+'Data Transformation'!$R$25 -> 0.976 | C11: =IF(AND('Data Transformation'!$R$10>=Weighting!B11,'Data Transformation'!$R$10<Weighting!B12),B11+0.000001,B11) -> 0.976 | D11: =IF(FREQUENCY('Data Transformation'!$U$12,$C11),0,1) -> 0 | E11: =IF(FREQUENCY('Data Transformation'!$R$5,$C11),1,0) -> 0 | F11: =E11-E10 -> 0 | G11: =IF(FREQUENCY('Data Transformation'!$R$6,$C11),1,0) -> 1 | H11: =G11-G10 -> 0 | I11: =IF(E11=1,I10+1,F11) -> 0 | J11: =IF(I11=0,J12+1,I11) -> 2 | K11: =IF(G11=1,1,K12+1) -> 1 | L11: =IF(MIN(J11,K11)>3,3,MIN(J11,K11)) -> 1 | M11: =IF(FREQUENCY('Data Transformation'!$R$10,$C11),1,0) -> 0 | N11: =M11-M10 -> 0 | O11: =O10+1*N10 -> 0 | P11: =IF(O11=0,L11,0) -> 1 | W11: =IF(U11="",IF($B$1="yes",P11,P37),U11) -> 2
B12: =B11+'Data Transformation'!$R$25 -> 1.107 | C12: =IF(AND('Data Transformation'!$R$10>=Weighting!B12,'Data Transformation'!$R$10<Weighting!B13),B12+0.000001,B12) -> 1.107 | D12: =IF(FREQUENCY('Data Transformation'!$U$12,$C12),0,1) -> 0 | E12: =IF(FREQUENCY('Data Transformation'!$R$5,$C12),1,0) -> 1 | F12: =E12-E11 -> 1 | G12: =IF(FREQUENCY('Data Transformation'!$R$6,$C12),1,0) -> 1 | H12: =G12-G11 -> 0 | I12: =IF(E12=1,I11+1,F12) -> 1 | J12: =IF(I12=0,J13+1,I12) -> 1 | K12: =IF(G12=1,1,K13+1) -> 1 | L12: =IF(MIN(J12,K12)>3,3,MIN(J12,K12)) -> 1 | M12: =IF(FREQUENCY('Data Transformation'!$R$10,$C12),1,0) -> 0 | N12: =M12-M11 -> 0 | O12: =O11+1*N11 -> 0 | P12: =IF(O12=0,L12,0) -> 1 | W12: =IF(U12="",IF($B$1="yes",P12,P38),U12) -> 1
B13: =B12+'Data Transformation'!$R$25 -> 1.238 | C13: =IF(AND('Data Transformation'!$R$10>=Weighting!B13,'Data Transformation'!$R$10<Weighting!B14),B13+0.000001,B13) -> 1.238 | D13: =IF(FREQUENCY('Data Transformation'!$U$12,$C13),0,1) -> 0 | E13: =IF(FREQUENCY('Data Transformation'!$R$5,$C13),1,0) -> 1 | F13: =E13-E12 -> 0 | G13: =IF(FREQUENCY('Data Transformation'!$R$6,$C13),1,0) -> 1 | H13: =G13-G12 -> 0 | I13: =IF(E13=1,I12+1,F13) -> 2 | J13: =IF(I13=0,J14+1,I13) -> 2 | K13: =IF(G13=1,1,K14+1) -> 1 | L13: =IF(MIN(J13,K13)>3,3,MIN(J13,K13)) -> 1 | M13: =IF(FREQUENCY('Data Transformation'!$R$10,$C13),1,0) -> 0 | N13: =M13-M12 -> 0 | O13: =O12+1*N12 -> 0 | P13: =IF(O13=0,L13,0) -> 1 | W13: =IF(U13="",IF($B$1="yes",P13,P39),U13) -> 2
B14: =B13+'Data Transformation'!$R$25 -> 1.369 | C14: =IF(AND('Data Transformation'!$R$10>=Weighting!B14,'Data Transformation'!$R$10<Weighting!B15),B14+0.000001,B14) -> 1.369 | D14: =IF(FREQUENCY('Data Transformation'!$U$12,$C14),0,1) -> 0 | E14: =IF(FREQUENCY('Data Transformation'!$R$5,$C14),1,0) -> 1 | F14: =E14-E13 -> 0 | G14: =IF(FREQUENCY('Data Transformation'!$R$6,$C14),1,0) -> 1 | H14: =G14-G13 -> 0 | I14: =IF(E14=1,I13+1,F14) -> 3 | J14: =IF(I14=0,J15+1,I14) -> 3 | K14: =IF(G14=1,1,K15+1) -> 1 | L14: =IF(MIN(J14,K14)>3,3,MIN(J14,K14)) -> 1 | M14: =IF(FREQUENCY('Data Transformation'!$R$10,$C14),1,0) -> 0 | N14: =M14-M13 -> 0 | O14: =O13+1*N13 -> 0 | P14: =IF(O14=0,L14,0) -> 1 | W14: =IF(U14="",IF($B$1="yes",P14,P40),U14) -> 3
B15: =B14+'Data Transformation'!$R$25 -> 1.5 | C15: =IF(AND('Data Transformation'!$R$10>=Weighting!B15,'Data Transformation'!$R$10<Weighting!B16),B15+0.000001,B15) -> 1.500001 | D15: =IF(FREQUENCY('Data Transformation'!$U$12,$C15),0,1) -> 0 | E15: =IF(FREQUENCY('Data Transformation'!$R$5,$C15),1,0) -> 1 | F15: =E15-E14 -> 0 | G15: =IF(FREQUENCY('Data Transformation'!$R$6,$C15),1,0) -> 1 | H15: =G15-G14 -> 0 | I15: =IF(E15=1,I14+1,F15) -> 4 | J15: =IF(I15=0,J22+1,I15) -> 4 | K15: =IF(G15=1,1,K16+1) -> 1 | L15: =IF(MIN(J15,K15)>3,3,MIN(J15,K15)) -> 1 | M15: =IF(FREQUENCY('Data Transformation'!$R$10,$C15),1,0) -> 1 | N15: =M15-M14 -> 1 | O15: =O14+1*N14 -> 0 | P15: =IF(O15=0,L15,0) -> 1 | W15: =IF(U15="",IF($B$1="yes",P15,P41),U15) -> 3
B16: =B15+'Data Transformation'!$R$25 -> 1.631 | C16: =IF(AND('Data Transformation'!$R$10>=Weighting!B16,'Data Transformation'!$R$10<Weighting!B17),B16+0.000001,B16) -> 1.631 | D16: =IF(FREQUENCY('Data Transformation'!$U$12,$C16),0,1) -> 0 | E16: =IF(FREQUENCY('Data Transformation'!$R$5,$C16),1,0) -> 1 | F16: =E16-E15 -> 0 | G16: =IF(FREQUENCY('Data Transformation'!$R$6,$C16),1,0) -> 1 | H16: =G16-G15 -> 0 | I16: =IF(E16=1,I15+1,F16) -> 5 | J16: =IF(I16=0,J23+1,I16) -> 5 | K16: =IF(G16=1,1,K17+1) -> 1 | L16: =IF(MIN(J16,K16)>3,3,MIN(J16,K16)) -> 1 | M16: =IF(FREQUENCY('Data Transformation'!$R$10,$C16),1,0) -> 1 | N16: =M16-M15 -> 0 | O16: =O15+1*N15 -> 1 | P16: =IF(O16=0,L16,0) -> 0 | W16: =IF(U16="",IF($B$1="yes",P16,P42),U16) -> 0
B17: =B16+'Data Transformation'!$R$25 -> 1.762 | C17: =IF(AND('Data Transformation'!$R$10>=Weighting!B17,'Data Transformation'!$R$10<Weighting!B18),B17+0.000001,B17) -> 1.762 | D17: =IF(FREQUENCY('Data Transformation'!$U$12,$C17),0,1) -> 0 | E17: =IF(FREQUENCY('Data Transformation'!$R$5,$C17),1,0) -> 1 | F17: =E17-E16 -> 0 | G17: =IF(FREQUENCY('Data Transformation'!$R$6,$C17),1,0) -> 1 | H17: =G17-G16 -> 0 | I17: =IF(E17=1,I16+1,F17) -> 6 | J17: =IF(I17=0,J24+1,I17) -> 6 | K17: =IF(G17=1,1,K18+1) -> 1 | L17: =IF(MIN(J17,K17)>3,3,MIN(J17,K17)) -> 1 | M17: =IF(FREQUENCY('Data Transformation'!$R$10,$C17),1,0) -> 1 | N17: =M17-M16 -> 0 | O17: =O16+1*N16 -> 1 | P17: =IF(O17=0,L17,0) -> 0 | W17: =IF(U17="",IF($B$1="yes",P17,P43),U17) -> 0
B18: =B17+'Data Transformation'!$R$25 -> 1.893 | C18: =IF(AND('Data Transformation'!$R$10>=Weighting!B18,'Data Transformation'!$R$10<Weighting!B19),B18+0.000001,B18) -> 1.893 | D18: =IF(FREQUENCY('Data Transformation'!$U$12,$C18),0,1) -> 0 | E18: =IF(FREQUENCY('Data Transformation'!$R$5,$C18),1,0) -> 1 | F18: =E18-E17 -> 0 | G18: =IF(FREQUENCY('Data Transformation'!$R$6,$C18),1,0) -> 1 | H18: =G18-G17 -> 0 | I18: =IF(E18=1,I17+1,F18) -> 7 | J18: =IF(I18=0,J25+1,I18) -> 7 | K18: =IF(G18=1,1,K19+1) -> 1 | L18: =IF(MIN(J18,K18)>3,3,MIN(J18,K18)) -> 1 | M18: =IF(FREQUENCY('Data Transformation'!$R$10,$C18),1,0) -> 1 | N18: =M18-M17 -> 0 | O18: =O17+1*N17 -> 1 | P18: =IF(O18=0,L18,0) -> 0 | W18: =IF(U18="",IF($B$1="yes",P18,P44),U18) -> 0
B19: =B18+'Data Transformation'!$R$25 -> 2.024 | C19: =IF(AND('Data Transformation'!$R$10>=Weighting!B19,'Data Transformation'!$R$10<Weighting!B20),B19+0.000001,B19) -> 2.024 | D19: =IF(FREQUENCY('Data Transformation'!$U$12,$C19),0,1) -> 0 | E19: =IF(FREQUENCY('Data Transformation'!$R$5,$C19),1,0) -> 1 | F19: =E19-E18 -> 0 | G19: =IF(FREQUENCY('Data Transformation'!$R$6,$C19),1,0) -> 1 | H19: =G19-G18 -> 0 | I19: =IF(E19=1,I18+1,F19) -> 8 | J19: =IF(I19=0,J26+1,I19) -> 8 | K19: =IF(G19=1,1,K20+1) -> 1 | L19: =IF(MIN(J19,K19)>3,3,MIN(J19,K19)) -> 1 | M19: =IF(FREQUENCY('Data Transformation'!$R$10,$C19),1,0) -> 1 | N19: =M19-M18 -> 0 | O19: =O18+1*N18 -> 1 | P19: =IF(O19=0,L19,0) -> 0 | W19: =IF(U19="",IF($B$1="yes",P19,P45),U19) -> 0
B20: =B19+'Data Transformation'!$R$25 -> 2.155 | C20: =IF(AND('Data Transformation'!$R$10>=Weighting!B20,'Data Transformation'!$R$10<Weighting!B21),B20+0.000001,B20) -> 2.155 | D20: =IF(FREQUENCY('Data Transformation'!$U$12,$C20),0,1) -> 0 | E20: =IF(FREQUENCY('Data Transformation'!$R$5,$C20),1,0) -> 1 | F20: =E20-E19 -> 0 | G20: =IF(FREQUENCY('Data Transformation'!$R$6,$C20),1,0) -> 1 | H20: =G20-G19 -> 0 | I20: =IF(E20=1,I19+1,F20) -> 9 | J20: =IF(I20=0,J27+1,I20) -> 9 | K20: =IF(G20=1,1,K21+1) -> 1 | L20: =IF(MIN(J20,K20)>3,3,MIN(J20,K20)) -> 1 | M20: =IF(FREQUENCY('Data Transformation'!$R$10,$C20),1,0) -> 1 | N20: =M20-M19 -> 0 | O20: =O19+1*N19 -> 1 | P20: =IF(O20=0,L20,0) -> 0 | W20: =IF(U20="",IF($B$1="yes",P20,P46),U20) -> 0
B21: =B20+'Data Transformation'!$R$25 -> 2.286 | C21: =IF(AND('Data Transformation'!$R$10>=Weighting!B21,'Data Transformation'!$R$10<Weighting!B22),B21+0.000001,B21) -> 2.286 | D21: =IF(FREQUENCY('Data Transformation'!$U$12,$C21),0,1) -> 0 | E21: =IF(FREQUENCY('Data Transformation'!$R$5,$C21),1,0) -> 1 | F21: =E21-E20 -> 0 | G21: =IF(FREQUENCY('Data Transformation'!$R$6,$C21),1,0) -> 1 | H21: =G21-G20 -> 0 | I21: =IF(E21=1,I20+1,F21) -> 10 | J21: =IF(I21=0,J28+1,I21) -> 10 | K21: =IF(G21=1,1,K22+1) -> 1 | L21: =IF(MIN(J21,K21)>3,3,MIN(J21,K21)) -> 1 | M21: =IF(FREQUENCY('Data Transformation'!$R$10,$C21),1,0) -> 1 | N21: =M21-M20 -> 0 | O21: =O20+1*N20 -> 1 | P21: =IF(O21=0,L21,0) -> 0 | W21: =IF(U21="",IF($B$1="yes",P21,P47),U21) -> 0
B22: =B21+'Data Transformation'!$R$25 -> 2.417 | C22: =IF(AND('Data Transformation'!$R$10>=Weighting!B22,'Data Transformation'!$R$10<Weighting!B23),B22+0.000001,B22) -> 2.417 | D22: =IF(FREQUENCY('Data Transformation'!$U$12,$C22),0,1) -> 0 | E22: =IF(FREQUENCY('Data Transformation'!$R$5,$C22),1,0) -> 1 | F22: =E22-E21 -> 0 | G22: =IF(FREQUENCY('Data Transformation'!$R$6,$C22),1,0) -> 1 | H22: =G22-G21 -> 0 | I22: =IF(E22=1,I21+1,F22) -> 11 | J22: =IF(I22=0,J29+1,I22) -> 11 | K22: =IF(G22=1,1,K23+1) -> 1 | L22: =IF(MIN(J22,K22)>3,3,MIN(J22,K22)) -> 1 | M22: =IF(FREQUENCY('Data Transformation'!$R$10,$C22),1,0) -> 1 | N22: =M22-M21 -> 0 | O22: =O21+1*N21 -> 1 | P22: =IF(O22=0,L22,0) -> 0 | W22: =IF(U22="",IF($B$1="yes",P22,P48),U22) -> 0
B23: =B22+'Data Transformation'!$R$25 -> 2.548 | C23: =IF(AND('Data Transformation'!$R$10>=Weighting!B23,'Data Transformation'!$R$10<Weighting!B24),B23+0.000001,B23) -> 2.548 | D23: =IF(FREQUENCY('Data Transformation'!$U$12,$C23),0,1) -> 0 | E23: =IF(FREQUENCY('Data Transformation'!$R$5,$C23),1,0) -> 1 | F23: =E23-E22 -> 0 | G23: =IF(FREQUENCY('Data Transformation'!$R$6,$C23),1,0) -> 1 | H23: =G23-G22 -> 0 | I23: =IF(E23=1,I22+1,F23) -> 12 | J23: =IF(I23=0,J30+1,I23) -> 12 | K23: =IF(G23=1,1,K24+1) -> 1 | L23: =IF(MIN(J23,K23)>3,3,MIN(J23,K23)) -> 1 | M23: =IF(FREQUENCY('Data Transformation'!$R$10,$C23),1,0) -> 1 | N23: =M23-M22 -> 0 | O23: =O22+1*N22 -> 1 | P23: =IF(O23=0,L23,0) -> 0 | W23: =IF(U23="",IF($B$1="yes",P23,P49),U23) -> 0
B24: =B23+'Data Transformation'!$R$25 -> 2.679 | C24: =IF(AND('Data Transformation'!$R$10>=Weighting!B24,'Data Transformation'!$R$10<Weighting!B25),B24+0.000001,B24) -> 2.679 | D24: =IF(FREQUENCY('Data Transformation'!$U$12,$C24),0,1) -> 0 | E24: =IF(FREQUENCY('Data Transformation'!$R$5,$C24),1,0) -> 1 | F24: =E24-E23 -> 0 | G24: =IF(FREQUENCY('Data Transformation'!$R$6,$C24),1,0) -> 1 | H24: =G24-G23 -> 0 | I24: =IF(E24=1,I23+1,F24) -> 13 | J24: =IF(I24=0,J31+1,I24) -> 13 | K24: =IF(G24=1,1,K25+1) -> 1 | L24: =IF(MIN(J24,K24)>3,3,MIN(J24,K24)) -> 1 | M24: =IF(FREQUENCY('Data Transformation'!$R$10,$C24),1,0) -> 1 | N24: =M24-M23 -> 0 | O24: =O23+1*N23 -> 1 | P24: =IF(O24=0,L24,0) -> 0 | W24: =IF(U24="",IF($B$1="yes",P24,P50),U24) -> 0
B25: =B24+'Data Transformation'!$R$25 -> 2.81 | C25: =IF(AND('Data Transformation'!$R$10>=Weighting!B25,'Data Transformation'!$R$10<Weighting!B26),B25+0.000001,B25) -> 2.81 | D25: =IF(FREQUENCY('Data Transformation'!$U$12,$C25),0,1) -> 0 | E25: =IF(FREQUENCY('Data Transformation'!$R$5,$C25),1,0) -> 1 | F25: =E25-E24 -> 0 | G25: =IF(FREQUENCY('Data Transformation'!$R$6,$C25),1,0) -> 1 | H25: =G25-G24 -> 0 | I25: =IF(E25=1,I24+1,F25) -> 14 | J25: =IF(I25=0,#REF!+1,I25) -> 14 | K25: =IF(G25=1,1,K26+1) -> 1 | L25: =IF(MIN(J25,K25)>3,3,MIN(J25,K25)) -> 1 | M25: =IF(FREQUENCY('Data Transformation'!$R$10,$C25),1,0) -> 1 | N25: =M25-M24 -> 0 | O25: =O24+1*N24 -> 1 | P25: =IF(O25=0,L25,0) -> 0 | W25: =IF(U25="",IF($B$1="yes",P25,P51),U25) -> 0
B26: =B25+'Data Transformation'!$R$25 -> 2.941 | C26: =IF(AND('Data Transformation'!$R$10>=Weighting!B26,'Data Transformation'!$R$10<Weighting!B27),B26+0.000001,B26) -> 2.941
A28: Dead protein values are small
D29: Enhancing | E29: WT bin | G29: Dead bin | I29: Bin weight determination | M29: Determining Bin range | P29: Bin Weights
A30: # of bins | B30: ='Data Transformation'!$R$24 -> 10 | D30: freq | E30: freq | F30: binned | G30: freq | H30: binned | I30: up weights | J30: down weights | K30: down wt | L30: all bin weights | M30: freq | N30: binned | O30: extra bins
A31: minimum | B31: =C5 -> 0.19
B32: =C6 -> 0.321 | D32: =IF(FREQUENCY('Data Transformation'!$U$11,$B32),1,0) -> 0 | E32: =IF(FREQUENCY('Data Transformation'!$R$5,$B32),1,0) -> 0 | F32: =E32-E31 -> 0 | G32: =IF(FREQUENCY('Data Transformation'!$R$6,$B32),1,0) -> 1 | H32: =G32-G31 -> 1 | I32: =IF(G32=1,I31+1,H32) -> 1 | J32: =IF(E32=1,1,J33+1) -> 7 | K32: =IF(J31=1,K31+1,J32) -> 7 | L32: =IF(MIN(K32,I32)>3,3,MIN(K32,I32)) -> 1 | M32: =IF(FREQUENCY('Data Transformation'!$R$10,$B32),1,0) -> 0 | N32: =M32-M31 -> 0 | O32: =O31+1*N31 -> 0 | P32: =IF(O32=0,L32,0) -> 1
B33: =C7 -> 0.452 | D33: =IF(FREQUENCY('Data Transformation'!$U$11,$B33),1,0) -> 0 | E33: =IF(FREQUENCY('Data Transformation'!$R$5,$B33),1,0) -> 0 | F33: =E33-E32 -> 0 | G33: =IF(FREQUENCY('Data Transformation'!$R$6,$B33),1,0) -> 1 | H33: =G33-G32 -> 0 | I33: =IF(G33=1,I32+1,H33) -> 2 | J33: =IF(E33=1,1,J34+1) -> 6 | K33: =IF(J32=1,K32+1,J33) -> 6 | L33: =IF(MIN(K33,I33)>3,3,MIN(K33,I33)) -> 2 | M33: =IF(FREQUENCY('Data Transformation'!$R$10,$B33),1,0) -> 0 | N33: =M33-M32 -> 0 | O33: =O32+1*N32 -> 0 | P33: =IF(O33=0,L33,0) -> 2
B34: =C8 -> 0.583 | D34: =IF(FREQUENCY('Data Transformation'!$U$11,$B34),1,0) -> 0 | E34: =IF(FREQUENCY('Data Transformation'!$R$5,$B34),1,0) -> 0 | F34: =E34-E33 -> 0 | G34: =IF(FREQUENCY('Data Transformation'!$R$6,$B34),1,0) -> 1 | H34: =G34-G33 -> 0 | I34: =IF(G34=1,I33+1,H34) -> 3 | J34: =IF(E34=1,1,J35+1) -> 5 | K34: =IF(J33=1,K33+1,J34) -> 5 | L34: =IF(MIN(K34,I34)>3,3,MIN(K34,I34)) -> 3 | M34: =IF(FREQUENCY('Data Transformation'!$R$10,$B34),1,0) -> 0 | N34: =M34-M33 -> 0 | O34: =O33+1*N33 -> 0 | P34: =IF(O34=0,L34,0) -> 3
B35: =C9 -> 0.714 | D35: =IF(FREQUENCY('Data Transformation'!$U$11,$B35),1,0) -> 0 | E35: =IF(FREQUENCY('Data Transformation'!$R$5,$B35),1,0) -> 0 | F35: =E35-E34 -> 0 | G35: =IF(FREQUENCY('Data Transformation'!$R$6,$B35),1,0) -> 1 | H35: =G35-G34 -> 0 | I35: =IF(G35=1,I34+1,H35) -> 4 | J35: =IF(E35=1,1,J36+1) -> 4 | K35: =IF(J34=1,K34+1,J35) -> 4 | L35: =IF(MIN(K35,I35)>3,3,MIN(K35,I35)) -> 3 | M35: =IF(FREQUENCY('Data Transformation'!$R$10,$B35),1,0) -> 0 | N35: =M35-M34 -> 0 | O35: =O34+1*N34 -> 0 | P35: =IF(O35=0,L35,0) -> 3
B36: =C10 -> 0.845 | D36: =IF(FREQUENCY('Data Transformation'!$U$11,$B36),1,0) -> 0 | E36: =IF(FREQUENCY('Data Transformation'!$R$5,$B36),1,0) -> 0 | F36: =E36-E35 -> 0 | G36: =IF(FREQUENCY('Data Transformation'!$R$6,$B36),1,0) -> 1 | H36: =G36-G35 -> 0 | I36: =IF(G36=1,I35+1,H36) -> 5 | J36: =IF(E36=1,1,J37+1) -> 3 | K36: =IF(J35=1,K35+1,J36) -> 3 | L36: =IF(MIN(K36,I36)>3,3,MIN(K36,I36)) -> 3 | M36: =IF(FREQUENCY('Data Transformation'!$R$10,$B36),1,0) -> 0 | N36: =M36-M35 -> 0 | O36: =O35+1*N35 -> 0 | P36: =IF(O36=0,L36,0) -> 3
B37: =C11 -> 0.976 | D37: =IF(FREQUENCY('Data Transformation'!$U$11,$B37),1,0) -> 0 | E37: =IF(FREQUENCY('Data Transformation'!$R$5,$B37),1,0) -> 0 | F37: =E37-E36 -> 0 | G37: =IF(FREQUENCY('Data Transformation'!$R$6,$B37),1,0) -> 1 | H37: =G37-G36 -> 0 | I37: =IF(G37=1,I36+1,H37) -> 6 | J37: =IF(E37=1,1,J38+1) -> 2 | K37: =IF(J36=1,K36+1,J37) -> 2 | L37: =IF(MIN(K37,I37)>3,3,MIN(K37,I37)) -> 2 | M37: =IF(FREQUENCY('Data Transformation'!$R$10,$B37),1,0) -> 0 | N37: =M37-M36 -> 0 | O37: =O36+1*N36 -> 0 | P37: =IF(O37=0,L37,0) -> 2
B38: =C12 -> 1.107 | D38: =IF(FREQUENCY('Data Transformation'!$U$11,$B38),1,0) -> 0 | E38: =IF(FREQUENCY('Data Transformation'!$R$5,$B38),1,0) -> 1 | F38: =E38-E37 -> 1 | G38: =IF(FREQUENCY('Data Transformation'!$R$6,$B38),1,0) -> 1 | H38: =G38-G37 -> 0 | I38: =IF(G38=1,I37+1,H38) -> 7 | J38: =IF(E38=1,1,J39+1) -> 1 | K38: =IF(J37=1,K37+1,J38) -> 1 | L38: =IF(MIN(K38,I38)>3,3,MIN(K38,I38)) -> 1 | M38: =IF(FREQUENCY('Data Transformation'!$R$10,$B38),1,0) -> 0 | N38: =M38-M37 -> 0 | O38: =O37+1*N37 -> 0 | P38: =IF(O38=0,L38,0) -> 1
B39: =C13 -> 1.238 | D39: =IF(FREQUENCY('Data Transformation'!$U$11,$B39),1,0) -> 1 | E39: =IF(FREQUENCY('Data Transformation'!$R$5,$B39),1,0) -> 1 | F39: =E39-E38 -> 0 | G39: =IF(FREQUENCY('Data Transformation'!$R$6,$B39),1,0) -> 1 | H39: =G39-G38 -> 0 | I39: =IF(G39=1,I38+1,H39) -> 8 | J39: =IF(E39=1,1,J40+1) -> 1 | K39: =IF(J38=1,K38+1,J39) -> 2 | L39: =IF(MIN(K39,I39)>3,3,MIN(K39,I39)) -> 2 | M39: =IF(FREQUENCY('Data Transformation'!$R$10,$B39),1,0) -> 0 | N39: =M39-M38 -> 0 | O39: =O38+1*N38 -> 0 | P39: =IF(O39=0,L39,0) -> 2
B40: =C14 -> 1.369 | D40: =IF(FREQUENCY('Data Transformation'!$U$11,$B40),1,0) -> 1 | E40: =IF(FREQUENCY('Data Transformation'!$R$5,$B40),1,0) -> 1 | F40: =E40-E39 -> 0 | G40: =IF(FREQUENCY('Data Transformation'!$R$6,$B40),1,0) -> 1 | H40: =G40-G39 -> 0 | I40: =IF(G40=1,I39+1,H40) -> 9 | J40: =IF(E40=1,1,J41+1) -> 1 | K40: =IF(J39=1,K39+1,J40) -> 3 | L40: =IF(MIN(K40,I40)>3,3,MIN(K40,I40)) -> 3 | M40: =IF(FREQUENCY('Data Transformation'!$R$10,$B40),1,0) -> 0 | N40: =M40-M39 -> 0 | O40: =O39+1*N39 -> 0 | P40: =IF(O40=0,L40,0) -> 3
B41: =C15 -> 1.500001 | D41: =IF(FREQUENCY('Data Transformation'!$U$11,$B41),1,0) -> 1 | E41: =IF(FREQUENCY('Data Transformation'!$R$5,$B41),1,0) -> 1 | F41: =E41-E40 -> 0 | G41: =IF(FREQUENCY('Data Transformation'!$R$6,$B41),1,0) -> 1 | H41: =G41-G40 -> 0 | I41: =IF(G41=1,I40+1,H41) -> 10 | J41: =IF(E41=1,1,J42+1) -> 1 | K41: =IF(J40=1,K40+1,J41) -> 4 | L41: =IF(MIN(K41,I41)>3,3,MIN(K41,I41)) -> 3 | M41: =IF(FREQUENCY('Data Transformation'!$R$10,$B41),1,0) -> 1 | N41: =M41-M40 -> 1 | O41: =O40+1*N40 -> 0 | P41: =IF(O41=0,L41,0) -> 3
B42: =C16 -> 1.631 | D42: =IF(FREQUENCY('Data Transformation'!$U$11,$B42),1,0) -> 1 | E42: =IF(FREQUENCY('Data Transformation'!$R$5,$B42),1,0) -> 1 | F42: =E42-E41 -> 0 | G42: =IF(FREQUENCY('Data Transformation'!$R$6,$B42),1,0) -> 1 | H42: =G42-G41 -> 0 | I42: =IF(G42=1,I41+1,H42) -> 11 | J42: =IF(E42=1,1,J43+1) -> 1 | K42: =IF(J41=1,K41+1,J42) -> 5 | L42: =IF(MIN(K42,I42)>3,3,MIN(K42,I42)) -> 3 | M42: =IF(FREQUENCY('Data Transformation'!$R$10,$B42),1,0) -> 1 | N42: =M42-M41 -> 0 | O42: =O41+1*N41 -> 1 | P42: =IF(O42=0,L42,0) -> 0
B43: =C17 -> 1.762 | D43: =IF(FREQUENCY('Data Transformation'!$U$11,$B43),1,0) -> 1 | E43: =IF(FREQUENCY('Data Transformation'!$R$5,$B43),1,0) -> 1 | F43: =E43-E42 -> 0 | G43: =IF(FREQUENCY('Data Transformation'!$R$6,$B43),1,0) -> 1 | H43: =G43-G42 -> 0 | I43: =IF(G43=1,I42+1,H43) -> 12 | J43: =IF(E43=1,1,J44+1) -> 1 | K43: =IF(J42=1,K42+1,J43) -> 6 | L43: =IF(MIN(K43,I43)>3,3,MIN(K43,I43)) -> 3 | M43: =IF(FREQUENCY('Data Transformation'!$R$10,$B43),1,0) -> 1 | N43: =M43-M42 -> 0 | O43: =O42+1*N42 -> 1 | P43: =IF(O43=0,L43,0) -> 0
... B50: =C24 -> 2.679 | D50: =IF(FREQUENCY('Data Transformation'!$U$11,$B50),1,0) -> 1 | E50: =IF(FREQUENCY('Data Transformation'!$R$5,$B50),1,0) -> 1 | F50: =E50-E49 -> 0 | G50: =IF(FREQUENCY('Data Transformation'!$R$6,$B50),1,0) -> 1 | H50: =G50-G49 -> 0 | I50: =IF(G50=1,I49+1,H50) -> 19 | J50: =IF(E50=1,1,J51+1) -> 1 | K50: =IF(J49=1,K49+1,J50) -> 13 | L50: =IF(MIN(K50,I50)>3,3,MIN(K50,I50)) -> 3 | M50: =IF(FREQUENCY('Data Transformation'!$R$10,$B50),1,0) -> 1 | N50: =M50-M49 -> 0 | O50: =O49+1*N49 -> 1 | P50: =IF(O50=0,L50,0) -> 0
B51: =C25 -> 2.81 | D51: =IF(FREQUENCY('Data Transformation'!$U$11,$B51),1,0) -> 1 | E51: =IF(FREQUENCY('Data Transformation'!$R$5,$B51),1,0) -> 1 | F51: =E51-E50 -> 0 | G51: =IF(FREQUENCY('Data Transformation'!$R$6,$B51),1,0) -> 1 | H51: =G51-G50 -> 0 | I51: =IF(G51=1,I50+1,H51) -> 20 | J51: =IF(E51=1,1,K52+1) -> 1 | K51: =IF(J50=1,K50+1,J51) -> 14 | L51: =IF(MIN(K51,I51)>3,3,MIN(K51,I51)) -> 3 | M51: =IF(FREQUENCY('Data Transformation'!$R$10,$B51),1,0) -> 1 | N51: =M51-M50 -> 0 | O51: =O50+1*N50 -> 1 | P51: =IF(O51=0,L51,0) -> 0

Sheet Assignments
A1: Assignments are being made here
N2: Order of precedence
B3: {='Input and Summary Results'!L4:S356} -> 0 | C3: 0 | D3: Scores | E3: 0 | F3: 0 | G3: 0 | H3: 0 | I3: 0 | N3: 1 | O3: 4 | P3: 2 | Q3: 4 | R3: 1 | S3: 1 | T3: 3
B4: Position | C4: # of variants | D4: Enhancing | E4: Neutral | F4: Unweighted rheostat | G4: Weighted rheostat | H4: Toggle | I4: Binary | K4: Average | L4: Standard Deviation | N4: Neutral | O4: Moderate | P4: Rheostat | Q4: Adverse | R4: Toggle | S4: Enhancing | T4: WT/Inactive | V4: Assignments | W4: Double Counted | X4: Enhancing and Rheostat | Z4: Assignments | AA4: Count
B5: all | C5: 4933 | D5: 0.02595296 | E5: 0.26378751 | F5: 1 | G5: 1 | H5: 0.3959854 | I5: no | K5: =IFERROR(AVERAGEIF('Data Transformation'!$B$425:$B$8425,">=0",IF('Input and Summary Results'!$J$4="no",'Data Transformation'!$C$425:$C$8425,'Data Transformation'!$E$425:$E$8425)),"") -> 0.5388359 | L5: {=IFERROR(_xlfn.STDEV.S(IF('Data Transformation'!$B$425:$B$8425>=0,IF('Input and Summary Results'!$J$4="no",'Data Transformation'!$C$425:$C$8425,'Data Transformation'!$E$425:$E$8425),"")),"")} -> 0.40966876 | Z5: Neutral | AA5: =COUNTIF(V:V,Z5) -> 35 | AC5: Poss. WT/Inactive | AD5: Poss Adverse or Moderate
B6: 1 | C6: 18 | D6: 0 | E6: 0.41176471 | F6: 0.4 | G6: 0.39130435 | H6: 0 | I6: no | K6: =IFERROR(AVERAGEIF('Data Transformation'!$B$425:$B$8425,B6,IF('Input and Summary Results'!$J$4="no",'Data Transformation'!$C$425:$C$8425,'Data Transformation'!$E$425:$E$8425)),"") -> 0.8152088 | L6: {=IFERROR(_xlfn.STDEV.S(IF('Data Transformation'!$B$425:$B$8425=B6,IF('Input and Summary Results'!$J$4="no",'Data Transformation'!$C$425:$C$8425,'Data Transformation'!$E$425:$E$8425),"")),"")} -> 0.10373043 | N6: =IF(E6>='Data Transformation'!$R$29,B6,"") | O6: =IFERROR(IF(AND(Assignments!L6<('Data Transformation'!$R$4-'Data Transformation'!$R$3)/2,ABS(K6-'Data Transformation'!$R$6)>ABS(K6-'Data Transformation'!$R$5),NOT(ISNUMBER(N6)),NOT(ISNUMBER(R6)),NOT(ISNUMBER(P6)),NOT(ISNUMBER(R6)),NOT(ISNUMBER(S6)),NOT(ISNUMBER(T6))),Assignments!B6,""),"") -> 1 | P6: =IF(AND(NOT(ISNUMBER(N6)),NOT(ISNUMBER(R6)),NOT(ISNUMBER(S6)),G6>='Data Transformation'!$R$28),B6,"") | Q6: =IFERROR(IF(AND(Assignments!L6<('Data Transformation'!$R$4-'Data Transformation'!$R$3)/2,ABS(K6-'Data Transformation'!$R$6)<ABS(K6-'Data Transformation'!$R$5),NOT(ISNUMBER(N6)),NOT(ISNUMBER(T6)),NOT(ISNUMBER(P6)),NOT(ISNUMBER(R6)),NOT(ISNUMBER(T6)),NOT(ISNUMBER(S6))),Assignments!B6,""),"") | R6: =IF(H6>='Data Transformation'!$R$30,B6,"") | S6: =IF(D6>='Data Transformation'!$R$31,B6,"") | T6: =IF(AND(H6<'Data Transformation'!$R$30,E6<'Data Transformation'!$R$29,G6<0.3,D6<'Data Transformation'!$R$31,E6>0.4,H6>0.4),B6,"") | V6: {=IF(C6=FALSE,"",IF(AND(ISNUMBER(B6),ISBLANK(N6:T6)),"Unclassified",(IF(COUNT(N6:T6)=0,"",INDEX($N$4:$T$4,MATCH(TRUE,N6:T6=B6,0))))))} -> Moderate | W6: =IF(COUNT(N6:T6)>1,"True","") | X6: =IF(AND(D6>0.8,G6>0.5,ISNUMBER(B6)),"True","") | Z6: Moderate | AA6: =COUNTIF(V:V,Z6) -> 41 | AC6: =IF(AND(H6>0.35,G6<0.35,E6>0.35,T6="",R6="",P6="",N6="",S6=""),TRUE,FALSE) -> FALSE | AD6: =IFERROR(ABS(ABS(K6-'Data Transformation'!$R$5)-ABS(K6-'Data Transformation'!$R$6)),"") -> 0.4404176 | AE6: =IF(C6=FALSE,"",IF(AND(OR(V6=$Z$6,V6=$Z$8),OR(AC6=TRUE,AD6<=IF(ISNUMBER('Data Transformation'!$R$15),'Data Transformation'!$R$15,'Data Transformation'!$R$25))),TRUE,FALSE)) -> FALSE
B7: 2 | C7: 18 | D7: 0 | E7: 1 | F7: 0.2 | G7: 0.13043478 | H7: 0 | I7: yes | K7: =IFERROR(AVERAGEIF('Data Transformation'!$B$425:$B$8425,B7,IF('Input and Summary Results'!$J$4="no",'Data Transformation'!$C$425:$C$8425,'Data Transformation'!$E$425:$E$8425)),"") -> 1.0167753 | L7: {=IFERROR(_xlfn.STDEV.S(IF('Data Transformation'!$B$425:$B$8425=B7,IF('Input and Summary Results'!$J$4="no",'Data Transformation'!$C$425:$C$8425,'Data Transformation'!$E$425:$E$8425),"")),"")} -> 0.046076489 | N7: =IF(E7>='Data Transformation'!$R$29,B7,"") -> 2 | O7: =IFERROR(IF(AND(Assignments!L7<('Data Transformation'!$R$4-'Data Transformation'!$R$3)/2,ABS(K7-'Data Transformation'!$R$6)>ABS(K7-'Data Transformation'!$R$5),NOT(ISNUMBER(N7)),NOT(ISNUMBER(R7)),NOT(ISNUMBER(P7)),NOT(ISNUMBER(R7)),NOT(ISNUMBER(S7)),NOT(ISNUMBER(T7))),Assignments!B7,""),"") | P7: =IF(AND(NOT(ISNUMBER(N7)),NOT(ISNUMBER(R7)),NOT(ISNUMBER(S7)),G7>='Data Transformation'!$R$28),B7,"") | Q7: =IFERROR(IF(AND(Assignments!L7<('Data Transformation'!$R$4-'Data Transformation'!$R$3)/2,ABS(K7-'Data Transformation'!$R$6)<ABS(K7-'Data Transformation'!$R$5),NOT(ISNUMBER(N7)),NOT(ISNUMBER(T7)),NOT(ISNUMBER(P7)),NOT(ISNUMBER(R7)),NOT(ISNUMBER(T7)),NOT(ISNUMBER(S7))),Assignments!B7,""),"") | R7: =IF(H7>='Data Transformation'!$R$30,B7,"") | S7: =IF(D7>='Data Transformation'!$R$31,B7,"") | T7: =IF(AND(H7<'Data Transformation'!$R$30,E7<'Data Transformation'!$R$29,G7<0.3,D7<'Data Transformation'!$R$31,E7>0.4,H7>0.4),B7,"") | V7: {=IF(C7=FALSE,"",IF(AND(ISNUMBER(B7),ISBLANK(N7:T7)),"Unclassified",(IF(COUNT(N7:T7)=0,"",INDEX($N$4:$T$4,MATCH(TRUE,N7:T7=B7,0))))))} -> Neutral | W7: =IF(COUNT(N7:T7)>1,"True","") | X7: =IF(AND(D7>0.8,G7>0.5,ISNUMBER(B7)),"True","") | Z7: Rheostat | AA7: =COUNTIF(V:V,Z7) -> 116 | AC7: =IF(AND(H7>0.35,G7<0.35,E7>0.35,T7="",R7="",P7="",N7="",S7=""),TRUE,FALSE) -> FALSE | AD7: =IFERROR(ABS(ABS(K7-'Data Transformation'!$R$5)-ABS(K7-'Data Transformation'!$R$6)),"") -> 0.81 | AE7: =IF(C7=FALSE,"",IF(AND(OR(V7=$Z$6,V7=$Z$8),OR(AC7=TRUE,AD7<=IF(ISNUMBER('Data Transformation'!$R$15),'Data Transformation'!$R$15,'Data Transformation'!$R$25))),TRUE,FALSE)) -> FALSE
B8: 3 | C8: 19 | D8: 0 | E8: 0.94444444 | F8: 0.2 | G8: 0.13043478 | H8: 0 | I8: yes | K8: =IFERROR(AVERAGEIF('Data Transformation'!$B$425:$B$8425,B8,IF('Input and Summary Results'!$J$4="no",'Data Transformation'!$C$425:$C$8425,'Data Transformation'!$E$425:$E$8425)),"") -> 0.98366617 | L8: {=IFERROR(_xlfn.STDEV.S(IF('Data Transformation'!$B$425:$B$8425=B8,IF('Input and Summary Results'!$J$4="no",'Data Transformation'!$C$425:$C$8425,'Data Transformation'!$E$425:$E$8425),"")),"")} -> 0.058856242 | N8: =IF(E8>='Data Transformation'!$R$29,B8,"") -> 3 | O8: =IFERROR(IF(AND(Assignments!L8<('Data Transformation'!$R$4-'Data Transformation'!$R$3)/2,ABS(K8-'Data Transformation'!$R$6)>ABS(K8-'Data Transformation'!$R$5),NOT(ISNUMBER(N8)),NOT(ISNUMBER(R8)),NOT(ISNUMBER(P8)),NOT(ISNUMBER(R8)),NOT(ISNUMBER(S8)),NOT(ISNUMBER(T8))),Assignments!B8,""),"") | P8: =IF(AND(NOT(ISNUMBER(N8)),NOT(ISNUMBER(R8)),NOT(ISNUMBER(S8)),G8>='Data Transformation'!$R$28),B8,"") | Q8: =IFERROR(IF(AND(Assignments!L8<('Data Transformation'!$R$4-'Data Transformation'!$R$3)/2,ABS(K8-'Data Transformation'!$R$6)<ABS(K8-'Data Transformation'!$R$5),NOT(ISNUMBER(N8)),NOT(ISNUMBER(T8)),NOT(ISNUMBER(P8)),NOT(ISNUMBER(R8)),NOT(ISNUMBER(T8)),NOT(ISNUMBER(S8))),Assignments!B8,""),"") | R8: =IF(H8>='Data Transformation'!$R$30,B8,"") | S8: =IF(D8>='Data Transformation'!$R$31,B8,"") | T8: =IF(AND(H8<'Data Transformation'!$R$30,E8<'Data Transformation'!$R$29,G8<0.3,D8<'Data Transformation'!$R$31,E8>0.4,H8>0.4),B8,"") | V8: {=IF(C8=FALSE,"",IF(AND(ISNUMBER(B8),ISBLANK(N8:T8)),"Unclassified",(IF(COUNT(N8:T8)=0,"",INDEX($N$4:$T$4,MATCH(TRUE,N8:T8=B8,0))))))} -> Neutral | W8: =IF(COUNT(N8:T8)>1,"True","") | X8: =IF(AND(D8>0.8,G8>0.5,ISNUMBER(B8)),"True","") | Z8: Adverse | AA8: =COUNTIF(V:V,Z8) -> 18 | AC8: =IF(AND(H8>0.35,G8<0.35,E8>0.35,T8="",R8="",P8="",N8="",S8=""),TRUE,FALSE) -> FALSE | AD8: =IFERROR(ABS(ABS(K8-'Data Transformation'!$R$5)-ABS(K8-'Data Transformation'!$R$6)),"") -> 0.77733235 | AE8: =IF(C8=FALSE,"",IF(AND(OR(V8=$Z$6,V8=$Z$8),OR(AC8=TRUE,AD8<=IF(ISNUMBER('Data Transformation'!$R$15),'Data Transformation'!$R$15,'Data Transformation'!$R$25))),TRUE,FALSE)) -> FALSE
B9: 4 | C9: 17 | D9: 0 | E9: 0.8125 | F9: 0.3 | G9: 0.26086957 | H9: 0 | I9: no | K9: =IFERROR(AVERAGEIF('Data Transformation'!$B$425:$B$8425,B9,IF('Input and Summary Results'!$J$4="no",'Data Transformation'!$C$425:$C$8425,'Data Transformation'!$E$425:$E$8425)),"") -> 0.92826196 | L9: {=IFERROR(_xlfn.STDEV.S(IF('Data Transformation'!$B$425:$B$8425=B9,IF('Input and Summary Results'!$J$4="no",'Data Transformation'!$C$425:$C$8425,'Data Transformation'!$E$425:$E$8425),"")),"")} -> 0.072177105 | N9: =IF(E9>='Data Transformation'!$R$29,B9,"") -> 4 | O9: =IFERROR(IF(AND(Assignments!L9<('Data Transformation'!$R$4-'Data Transformation'!$R$3)/2,ABS(K9-'Data Transformation'!$R$6)>ABS(K9-'Data Transformation'!$R$5),NOT(ISNUMBER(N9)),NOT(ISNUMBER(R9)),NOT(ISNUMBER(P9)),NOT(ISNUMBER(R9)),NOT(ISNUMBER(S9)),NOT(ISNUMBER(T9))),Assignments!B9,""),"") | P9: =IF(AND(NOT(ISNUMBER(N9)),NOT(ISNUMBER(R9)),NOT(ISNUMBER(S9)),G9>='Data Transformation'!$R$28),B9,"") | Q9: =IFERROR(IF(AND(Assignments!L9<('Data Transformation'!$R$4-'Data Transformation'!$R$3)/2,ABS(K9-'Data Transformation'!$R$6)<ABS(K9-'Data Transformation'!$R$5),NOT(ISNUMBER(N9)),NOT(ISNUMBER(T9)),NOT(ISNUMBER(P9)),NOT(ISNUMBER(R9)),NOT(ISNUMBER(T9)),NOT(ISNUMBER(S9))),Assignments!B9,""),"") | R9: =IF(H9>='Data Transformation'!$R$30,B9,"") | S9: =IF(D9>='Data Transformation'!$R$31,B9,"") | T9: =IF(AND(H9<'Data Transformation'!$R$30,E9<'Data Transformation'!$R$29,G9<0.3,D9<'Data Transformation'!$R$31,E9>0.4,H9>0.4),B9,"") | V9: {=IF(C9=FALSE,"",IF(AND(ISNUMBER(B9),ISBLANK(N9:T9)),"Unclassified",(IF(COUNT(N9:T9)=0,"",INDEX($N$4:$T$4,MATCH(TRUE,N9:T9=B9,0))))))} -> Neutral | W9: =IF(COUNT(N9:T9)>1,"True","") | X9: =IF(AND(D9>0.8,G9>0.5,ISNUMBER(B9)),"True","") | Z9: Toggle | AA9: =COUNTIF(V:V,Z9) -> 101 | AC9: =IF(AND(H9>0.35,G9<0.35,E9>0.35,T9="",R9="",P9="",N9="",S9=""),TRUE,FALSE) -> FALSE | AD9: =IFERROR(ABS(ABS(K9-'Data Transformation'!$R$5)-ABS(K9-'Data Transformation'!$R$6)),"") -> 0.66652392 | AE9: =IF(C9=FALSE,"",IF(AND(OR(V9=$Z$6,V9=$Z$8),OR(AC9=TRUE,AD9<=IF(ISNUMBER('Data Transformation'!$R$15),'Data Transformation'!$R$15,'Data Transformation'!$R$25))),TRUE,FALSE)) -> FALSE
B10: 5 | C10: 19 | D10: 0 | E10: 0.27777778 | F10: 0.7 | G10: 0.65217391 | H10: 0.16666667 | I10: no | K10: =IFERROR(AVERAGEIF('Data Transformation'!$B$425:$B$8425,B10,IF('Input and Summary Results'!$J$4="no",'Data Transformation'!$C$425:$C$8425,'Data Transformation'!$E$425:$E$8425)),"") -> 0.65920881 | L10: {=IFERROR(_xlfn.STDEV.S(IF('Data Transformation'!$B$425:$B$8425=B10,IF('Input and Summary Results'!$J$4="no",'Data Transformation'!$C$425:$C$8425,'Data Transformation'!$E$425:$E$8425),"")),"")} -> 0.27576934 | N10: =IF(E10>='Data Transformation'!$R$29,B10,"") | O10: =IFERROR(IF(AND(Assignments!L10<('Data Transformation'!$R$4-'Data Transformation'!$R$3)/2,ABS(K10-'Data Transformation'!$R$6)>ABS(K10-'Data Transformation'!$R$5),NOT(ISNUMBER(N10)),NOT(ISNUMBER(R10)),NOT(ISNUMBER(P10)),NOT(ISNUMBER(R10)),NOT(ISNUMBER(S10)),NOT(ISNUMBER(T10))),Assignments!B10,""),"") | P10: =IF(AND(NOT(ISNUMBER(N10)),NOT(ISNUMBER(R10)),NOT(ISNUMBER(S10)),G10>='Data Transformation'!$R$28),B10,"") -> 5 | Q10: =IFERROR(IF(AND(Assignments!L10<('Data Transformation'!$R$4-'Data Transformation'!$R$3)/2,ABS(K10-'Data Transformation'!$R$6)<ABS(K10-'Data Transformation'!$R$5),NOT(ISNUMBER(N10)),NOT(ISNUMBER(T10)),NOT(ISNUMBER(P10)),NOT(ISNUMBER(R10)),NOT(ISNUMBER(T10)),NOT(ISNUMBER(S10))),Assignments!B10,""),"") | R10: =IF(H10>='Data Transformation'!$R$30,B10,"") | S10: =IF(D10>='Data Transformation'!$R$31,B10,"") | T10: =IF(AND(H10<'Data Transformation'!$R$30,E10<'Data Transformation'!$R$29,G10<0.3,D10<'Data Transformation'!$R$31,E10>0.4,H10>0.4),B10,"") | V10: {=IF(C10=FALSE,"",IF(AND(ISNUMBER(B10),ISBLANK(N10:T10)),"Unclassified",(IF(COUNT(N10:T10)=0,"",INDEX($N$4:$T$4,MATCH(TRUE,N10:T10=B10,0))))))} -> Rheostat | W10: =IF(COUNT(N10:T10)>1,"True","") | X10: =IF(AND(D10>0.8,G10>0.5,ISNUMBER(B10)),"True","") | Z10: WT/Inactive | AA10: =COUNTIF(V:V,Z10) -> 0 | AC10: =IF(AND(H10>0.35,G10<0.35,E10>0.35,T10="",R10="",P10="",N10="",S10=""),TRUE,FALSE) -> FALSE | AD10: =IFERROR(ABS(ABS(K10-'Data Transformation'!$R$5)-ABS(K10-'Data Transformation'!$R$6)),"") -> 0.12841763 | AE10: =IF(C10=FALSE,"",IF(AND(OR(V10=$Z$6,V10=$Z$8),OR(AC10=TRUE,AD10<=IF(ISNUMBER('Data Transformation'!$R$15),'Data Transformation'!$R$15,'Data Transformation'!$R$25))),TRUE,FALSE)) -> FALSE
B11: 6 | C11: 17 | D11: 0 | E11: 0.5625 | F11: 0.3 | G11: 0.26086957 | H11: 0 | I11: no | K11: =IFERROR(AVERAGEIF('Data Transformation'!$B$425:$B$8425,B11,IF('Input and Summary Results'!$J$4="no",'Data Transformation'!$C$425:$C$8425,'Data Transformation'!$E$425:$E$8425)),"") -> 0.88656097 | L11: {=IFERROR(_xlfn.STDEV.S(IF('Data Transformation'!$B$425:$B$8425=B11,IF('Input and Summary Results'!$J$4="no",'Data Transformation'!$C$425:$C$8425,'Data Transformation'!$E$425:$E$8425),"")),"")} -> 0.085914381 | N11: =IF(E11>='Data Transformation'!$R$29,B11,"") | O11: =IFERROR(IF(AND(Assignments!L11<('Data Transformation'!$R$4-'Data Transformation'!$R$3)/2,ABS(K11-'Data Transformation'!$R$6)>ABS(K11-'Data Transformation'!$R$5),NOT(ISNUMBER(N11)),NOT(ISNUMBER(R11)),NOT(ISNUMBER(P11)),NOT(ISNUMBER(R11)),NOT(ISNUMBER(S11)),NOT(ISNUMBER(T11))),Assignments!B11,""),"") -> 6 | P11: =IF(AND(NOT(ISNUMBER(N11)),NOT(ISNUMBER(R11)),NOT(ISNUMBER(S11)),G11>='Data Transformation'!$R$28),B11,"") | Q11: =IFERROR(IF(AND(Assignments!L11<('Data Transformation'!$R$4-'Data Transformation'!$R$3)/2,ABS(K11-'Data Transformation'!$R$6)<ABS(K11-'Data Transformation'!$R$5),NOT(ISNUMBER(N11)),NOT(ISNUMBER(T11)),NOT(ISNUMBER(P11)),NOT(ISNUMBER(R11)),NOT(ISNUMBER(T11)),NOT(ISNUMBER(S11))),Assignments!B11,""),"") | R11: =IF(H11>='Data Transformation'!$R$30,B11,"") | S11: =IF(D11>='Data Transformation'!$R$31,B11,"") | T11: =IF(AND(H11<'Data Transformation'!$R$30,E11<'Data Transformation'!$R$29,G11<0.3,D11<'Data Transformation'!$R$31,E11>0.4,H11>0.4),B11,"") | V11: {=IF(C11=FALSE,"",IF(AND(ISNUMBER(B11),ISBLANK(N11:T11)),"Unclassified",(IF(COUNT(N11:T11)=0,"",INDEX($N$4:$T$4,MATCH(TRUE,N11:T11=B11,0))))))} -> Moderate | W11: =IF(COUNT(N11:T11)>1,"True","") | X11: =IF(AND(D11>0.8,G11>0.5,ISNUMBER(B11)),"True","") | Z11: Enhancing | AA11: =COUNTIF(V:V,Z11) -> 2 | AC11: =IF(AND(H11>0.35,G11<0.35,E11>0.35,T11="",R11="",P11="",N11="",S11=""),TRUE,FALSE) -> FALSE | AD11: =IFERROR(ABS(ABS(K11-'Data Transformation'!$R$5)-ABS(K11-'Data Transformation'!$R$6)),"") -> 0.58312194 | AE11: =IF(C11=FALSE,"",IF(AND(OR(V11=$Z$6,V11=$Z$8),OR(AC11=TRUE,AD11<=IF(ISNUMBER('Data Transformation'!$R$15),'Data Transformation'!$R$15,'Data Transformation'!$R$25))),TRUE,FALSE)) -> FALSE
B12: 7 | C12: 19 | D12: 0 | E12: 0.16666667 | F12: 0.6 | G12: 0.52173913 | H12: 0.66666667 | I12: no | K12: =IFERROR(AVERAGEIF('Data Transformation'!$B$425:$B$8425,B12,IF('Input and Summary Results'!$J$4="no",'Data Transformation'!$C$425:$C$8425,'Data Transformation'!$E$425:$E$8425)),"") -> 0.44513657 | L12: {=IFERROR(_xlfn.STDEV.S(IF('Data Transformation'!$B$425:$B$8425=B12,IF('Input and Summary Results'!$J$4="no",'Data Transformation'!$C$425:$C$8425,'Data Transformation'!$E$425:$E$8425),"")),"")} -> 0.32432725 | N12: =IF(E12>='Data Transformation'!$R$29,B12,"") | O12: =IFERROR(IF(AND(Assignments!L12<('Data Transformation'!$R$4-'Data Transformation'!$R$3)/2,ABS(K12-'Data Transformation'!$R$6)>ABS(K12-'Data Transformation'!$R$5),NOT(ISNUMBER(N12)),NOT(ISNUMBER(R12)),NOT(ISNUMBER(P12)),NOT(ISNUMBER(R12)),NOT(ISNUMBER(S12)),NOT(ISNUMBER(T12))),Assignments!B12,""),"") | P12: =IF(AND(NOT(ISNUMBER(N12)),NOT(ISNUMBER(R12)),NOT(ISNUMBER(S12)),G12>='Data Transformation'!$R$28),B12,"") | Q12: =IFERROR(IF(AND(Assignments!L12<('Data Transformation'!$R$4-'Data Transformation'!$R$3)/2,ABS(K12-'Data Transformation'!$R$6)<ABS(K12-'Data Transformation'!$R$5),NOT(ISNUMBER(N12)),NOT(ISNUMBER(T12)),NOT(ISNUMBER(P12)),NOT(ISNUMBER(R12)),NOT(ISNUMBER(T12)),NOT(ISNUMBER(S12))),Assignments!B12,""),"") | R12: =IF(H12>='Data Transformation'!$R$30,B12,"") -> 7 | S12: =IF(D12>='Data Transformation'!$R$31,B12,"") | T12: =IF(AND(H12<'Data Transformation'!$R$30,E12<'Data Transformation'!$R$29,G12<0.3,D12<'Data Transformation'!$R$31,E12>0.4,H12>0.4),B12,"") | V12: {=IF(C12=FALSE,"",IF(AND(ISNUMBER(B12),ISBLANK(N12:T12)),"Unclassified",(IF(COUNT(N12:T12)=0,"",INDEX($N$4:$T$4,MATCH(TRUE,N12:T12=B12,0))))))} -> Toggle | W12: =IF(COUNT(N12:T12)>1,"True","") | X12: =IF(AND(D12>0.8,G12>0.5,ISNUMBER(B12)),"True","") | AC12: =IF(AND(H12>0.35,G12<0.35,E12>0.35,T12="",R12="",P12="",N12="",S12=""),TRUE,FALSE) -> FALSE | AD12: =IFERROR(ABS(ABS(K12-'Data Transformation'!$R$5)-ABS(K12-'Data Transformation'!$R$6)),"") -> 0.29972686 | AE12: =IF(C12=FALSE,"",IF(AND(OR(V12=$Z$6,V12=$Z$8),OR(AC12=TRUE,AD12<=IF(ISNUMBER('Data Transformation'!$R$15),'Data Transformation'!$R$15,'Data Transformation'!$R$25))),TRUE,FALSE)) -> FALSE
B13: 8 | C13: 18 | D13: 0 | E13: 0.41176471 | F13: 0.6 | G13: 0.56521739 | H13: 0.11764706 | I13: no | K13: =IFERROR(AVERAGEIF('Data Transformation'!$B$425:$B$8425,B13,IF('Input and Summary Results'!$J$4="no",'Data Transformation'!$C$425:$C$8425,'Data Transformation'!$E$425:$E$8425)),"") -> 0.74757013 | L13: {=IFERROR(_xlfn.STDEV.S(IF('Data Transformation'!$B$425:$B$8425=B13,IF('Input and Summary Results'!$J$4="no",'Data Transformation'!$C$425:$C$8425,'Data Transformation'!$E$425:$E$8425),"")),"")} -> 0.23142232 | N13: =IF(E13>='Data Transformation'!$R$29,B13,"") | O13: =IFERROR(IF(AND(Assignments!L13<('Data Transformation'!$R$4-'Data Transformation'!$R$3)/2,ABS(K13-'Data Transformation'!$R$6)>ABS(K13-'Data Transformation'!$R$5),NOT(ISNUMBER(N13)),NOT(ISNUMBER(R13)),NOT(ISNUMBER(P13)),NOT(ISNUMBER(R13)),NOT(ISNUMBER(S13)),NOT(ISNUMBER(T13))),Assignments!B13,""),"") | P13: =IF(AND(NOT(ISNUMBER(N13)),NOT(ISNUMBER(R13)),NOT(ISNUMBER(S13)),G13>='Data Transformation'!$R$28),B13,"") -> 8 | Q13: =IFERROR(IF(AND(Assignments!L13<('Data Transformation'!$R$4-'Data Transformation'!$R$3)/2,ABS(K13-'Data Transformation'!$R$6)<ABS(K13-'Data Transformation'!$R$5),NOT(ISNUMBER(N13)),NOT(ISNUMBER(T13)),NOT(ISNUMBER(P13)),NOT(ISNUMBER(R13)),NOT(ISNUMBER(T13)),NOT(ISNUMBER(S13))),Assignments!B13,""),"") | R13: =IF(H13>='Data Transformation'!$R$30,B13,"") | S13: =IF(D13>='Data Transformation'!$R$31,B13,"") | T13: =IF(AND(H13<'Data Transformation'!$R$30,E13<'Data Transformation'!$R$29,G13<0.3,D13<'Data Transformation'!$R$31,E13>0.4,H13>0.4),B13,"") | V13: {=IF(C13=FALSE,"",IF(AND(ISNUMBER(B13),ISBLANK(N13:T13)),"Unclassified",(IF(COUNT(N13:T13)=0,"",INDEX($N$4:$T$4,MATCH(TRUE,N13:T13=B13,0))))))} -> Rheostat | W13: =IF(COUNT(N13:T13)>1,"True","") | X13: =IF(AND(D13>0.8,G13>0.5,ISNUMBER(B13)),"True","") | AC13: =IF(AND(H13>0.35,G13<0.35,E13>0.35,T13="",R13="",P13="",N13="",S13=""),TRUE,FALSE) -> FALSE | AD13: =IFERROR(ABS(ABS(K13-'Data Transformation'!$R$5)-ABS(K13-'Data Transformation'!$R$6)),"") -> 0.30514026 | AE13: =IF(C13=FALSE,"",IF(AND(OR(V13=$Z$6,V13=$Z$8),OR(AC13=TRUE,AD13<=IF(ISNUMBER('Data Transformation'!$R$15),'Data Transformation'!$R$15,'Data Transformation'!$R$25))),TRUE,FALSE)) -> FALSE
B14: 9 | C14: 17 | D14: 0 | E14: 0.3125 | F14: 0.7 | G14: 0.65217391 | H14: 0.125 | I14: no | K14: =IFERROR(AVERAGEIF('Data Transformation'!$B$425:$B$8425,B14,IF('Input and Summary Results'!$J$4="no",'Data Transformation'!$C$425:$C$8425,'Data Transformation'!$E$425:$E$8425)),"") -> 0.73281933 | L14: {=IFERROR(_xlfn.STDEV.S(IF('Data Transformation'!$B$425:$B$8425=B14,IF('Input and Summary Results'!$J$4="no",'Data Transformation'!$C$425:$C$8425,'Data Transformation'!$E$425:$E$8425),"")),"")} -> 0.24465019 | N14: =IF(E14>='Data Transformation'!$R$29,B14,"") | O14: =IFERROR(IF(AND(Assignments!L14<('Data Transformation'!$R$4-'Data Transformation'!$R$3)/2,ABS(K14-'Data Transformation'!$R$6)>ABS(K14-'Data Transformation'!$R$5),NOT(ISNUMBER(N14)),NOT(ISNUMBER(R14)),NOT(ISNUMBER(P14)),NOT(ISNUMBER(R14)),NOT(ISNUMBER(S14)),NOT(ISNUMBER(T14))),Assignments!B14,""),"") | P14: =IF(AND(NOT(ISNUMBER(N14)),NOT(ISNUMBER(R14)),NOT(ISNUMBER(S14)),G14>='Data Transformation'!$R$28),B14,"") -> 9 | Q14: =IFERROR(IF(AND(Assignments!L14<('Data Transformation'!$R$4-'Data Transformation'!$R$3)/2,ABS(K14-'Data Transformation'!$R$6)<ABS(K14-'Data Transformation'!$R$5),NOT(ISNUMBER(N14)),NOT(ISNUMBER(T14)),NOT(ISNUMBER(P14)),NOT(ISNUMBER(R14)),NOT(ISNUMBER(T14)),NOT(ISNUMBER(S14))),Assignments!B14,""),"") | R14: =IF(H14>='Data Transformation'!$R$30,B14,"") | S14: =IF(D14>='Data Transformation'!$R$31,B14,"") | T14: =IF(AND(H14<'Data Transformation'!$R$30,E14<'Data Transformation'!$R$29,G14<0.3,D14<'Data Transformation'!$R$31,E14>0.4,H14>0.4),B14,"") | V14: {=IF(C14=FALSE,"",IF(AND(ISNUMBER(B14),ISBLANK(N14:T14)),"Unclassified",(IF(COUNT(N14:T14)=0,"",INDEX($N$4:$T$4,MATCH(TRUE,N14:T14=B14,0))))))} -> Rheostat | W14: =IF(COUNT(N14:T14)>1,"True","") | X14: =IF(AND(D14>0.8,G14>0.5,ISNUMBER(B14)),"True","") | AC14: =IF(AND(H14>0.35,G14<0.35,E14>0.35,T14="",R14="",P14="",N14="",S14=""),TRUE,FALSE) -> FALSE | AD14: =IFERROR(ABS(ABS(K14-'Data Transformation'!$R$5)-ABS(K14-'Data Transformation'!$R$6)),"") -> 0.27563866 | AE14: =IF(C14=FALSE,"",IF(AND(OR(V14=$Z$6,V14=$Z$8),OR(AC14=TRUE,AD14<=IF(ISNUMBER('Data Transformation'!$R$15),'Data Transformation'!$R$15,'Data Transformation'!$R$25))),TRUE,FALSE)) -> FALSE
